"idDeserial",,"warning","Deserialization method called: java.io.ObjectInputStream.readObject","/novel-admin/src/main/java/com/java2nb/common/redis/shiro/SerializeUtils.java","38","30","38","59"
"idDeserial",,"warning","Deserialization method called: com.fasterxml.jackson.databind.ObjectMapper.readValue","/novel-crawl/src/main/java/com/java2nb/novel/core/listener/StarterListener.java","57","53","57","119"
"idDeserial",,"warning","Deserialization method called: com.fasterxml.jackson.databind.ObjectMapper.readValue","/novel-crawl/src/main/java/com/java2nb/novel/core/listener/StarterListener.java","104","45","104","111"
"idDeserial",,"warning","Deserialization method called: com.fasterxml.jackson.databind.ObjectMapper.readValue","/novel-crawl/src/main/java/com/java2nb/novel/service/impl/CrawlServiceImpl.java","136","37","136","103"
"idDeserial",,"warning","Deserialization method called: com.fasterxml.jackson.databind.ObjectMapper.readValue","/novel-front/src/main/java/com/java2nb/novel/core/utils/JwtTokenUtil.java","75","27","75","93"
