"idDeserial",,"warning","Deserialization method called: java.io.ObjectInputStream.readObject","/app/src/main/java/com/franmontiel/persistentcookiejar/persistence/SerializableCookie.java","96","44","96","73"
"idDeserial",,"warning","Deserialization method called: java.io.ObjectInputStream.readObject","/app/src/main/java/com/franmontiel/persistentcookiejar/persistence/SerializableCookie.java","154","40","154","54"
"idDeserial",,"warning","Deserialization method called: java.io.ObjectInputStream.readObject","/app/src/main/java/com/franmontiel/persistentcookiejar/persistence/SerializableCookie.java","145","31","145","45"
"idDeserial",,"warning","Deserialization method called: java.io.ObjectInputStream.readObject","/app/src/main/java/com/franmontiel/persistentcookiejar/persistence/SerializableCookie.java","147","32","147","46"
"idDeserial",,"warning","Deserialization method called: java.io.ObjectInputStream.readObject","/app/src/main/java/com/franmontiel/persistentcookiejar/persistence/SerializableCookie.java","157","31","157","45"
