"idDeserial",,"warning","Deserialization method called: com.fasterxml.jackson.databind.ObjectMapper.readValue","/benchmark/src/main/java/com/alibaba/fastjson2/benchmark/CartTree.java","70","17","70","48"
"idDeserial",,"warning","Deserialization method called: com.fasterxml.jackson.databind.ObjectMapper.readValue","/benchmark/src/main/java/com/alibaba/fastjson2/benchmark/DoubleArray20.java","50","20","50","56"
"idDeserial",,"warning","Deserialization method called: com.fasterxml.jackson.databind.ObjectMapper.readValue","/benchmark/src/main/java/com/alibaba/fastjson2/benchmark/LargeFile26MTest.java","50","20","50","57"
"idDeserial",,"warning","Deserialization method called: com.fasterxml.jackson.databind.ObjectMapper.readValue","/benchmark/src/main/java/com/alibaba/fastjson2/benchmark/LargeFile26MTest.java","88","13","88","50"
"idDeserial",,"warning","Deserialization method called: com.fasterxml.jackson.databind.ObjectMapper.readValue","/benchmark/src/main/java/com/alibaba/fastjson2/benchmark/HomepageTree.java","63","17","63","48"
"idDeserial",,"warning","Deserialization method called: com.fasterxml.jackson.databind.ObjectMapper.readValue","/benchmark/src/main/java/com/alibaba/fastjson2/benchmark/LargeFile2MTest.java","47","20","47","55"
"idDeserial",,"warning","Deserialization method called: com.fasterxml.jackson.databind.ObjectMapper.readValue","/benchmark/src/main/java/com/alibaba/fastjson2/benchmark/LargeFile3MTest.java","50","20","50","55"
"idDeserial",,"warning","Deserialization method called: com.fasterxml.jackson.databind.ObjectMapper.readValue","/benchmark/src/main/java/com/alibaba/fastjson2/benchmark/LargeFile2MTest.java","73","17","73","52"
"idDeserial",,"warning","Deserialization method called: com.fasterxml.jackson.databind.ObjectMapper.readValue","/benchmark/src/main/java/com/alibaba/fastjson2/benchmark/LargeFile3MTest.java","88","13","88","48"
"idDeserial",,"warning","Deserialization method called: com.fasterxml.jackson.databind.ObjectMapper.readValue","/benchmark/src/main/java/com/alibaba/fastjson2/benchmark/Name8.java","47","20","47","55"
"idDeserial",,"warning","Deserialization method called: com.google.gson.Gson.fromJson","/benchmark/src/main/java/com/alibaba/fastjson2/benchmark/Name8.java","60","17","60","49"
"idDeserial",,"warning","Deserialization method called: com.fasterxml.jackson.databind.ObjectMapper.readValue","/benchmark/src/main/java/com/alibaba/fastjson2/benchmark/TaobaoH5ApiTree.java","48","17","48","48"
"idDeserial",,"warning","Deserialization method called: java.io.ObjectInputStream.readObject","/benchmark/src/main/java/com/alibaba/fastjson2/benchmark/eishay/EishayFuryParseNoneCache.java","57","69","57","83"
"idDeserial",,"warning","Deserialization method called: java.io.ObjectInputStream.readObject","/benchmark/src/main/java/com/alibaba/fastjson2/benchmark/eishay/EishayFuryParseNoneCache.java","87","50","87","64"
"idDeserial",,"warning","Deserialization method called: java.io.ObjectInputStream.readObject","/benchmark/src/main/java/com/alibaba/fastjson2/benchmark/eishay/EishayParseBinary.java","115","20","115","40"
"idDeserial",,"warning","Deserialization method called: java.io.ObjectInputStream.readObject","/benchmark/src/main/java/com/alibaba/fastjson2/benchmark/eishay/EishayFuryParseNoneCache.java","98","40","98","54"
"idDeserial",,"warning","Deserialization method called: java.io.ObjectInputStream.readObject","/benchmark/src/main/java/com/alibaba/fastjson2/benchmark/eishay/EishayParseBinaryAutoType.java","153","20","153","40"
"idDeserial",,"warning","Deserialization method called: com.fasterxml.jackson.databind.ObjectMapper.readValue","/benchmark/src/main/java/com/alibaba/fastjson2/benchmark/eishay/EishayParseStringNoneCache.java","54","20","54","55"
"idDeserial",,"warning","Deserialization method called: com.google.gson.Gson.fromJson","/benchmark/src/main/java/com/alibaba/fastjson2/benchmark/eishay/EishayParseStringNoneCache.java","68","17","68","49"
"idDeserial",,"warning","Deserialization method called: com.fasterxml.jackson.databind.ObjectMapper.readValue","/benchmark/src/main/java/com/alibaba/fastjson2/benchmark/eishay/EishayParseString.java","63","20","63","60"
"idDeserial",,"warning","Deserialization method called: com.google.gson.Gson.fromJson","/benchmark/src/main/java/com/alibaba/fastjson2/benchmark/eishay/EishayParseString.java","76","17","76","54"
"idDeserial",,"warning","Deserialization method called: com.fasterxml.jackson.databind.ObjectMapper.readValue","/benchmark/src/main/java/com/alibaba/fastjson2/benchmark/eishay/EishayParseStringPretty.java","45","20","45","60"
"idDeserial",,"warning","Deserialization method called: com.google.gson.Gson.fromJson","/benchmark/src/main/java/com/alibaba/fastjson2/benchmark/eishay/EishayParseStringPretty.java","51","17","51","54"
"idDeserial",,"warning","Deserialization method called: com.fasterxml.jackson.databind.ObjectMapper.readValue","/benchmark/src/main/java/com/alibaba/fastjson2/benchmark/eishay/EishayParseTreeString.java","47","20","47","55"
"idDeserial",,"warning","Deserialization method called: com.google.gson.Gson.fromJson","/benchmark/src/main/java/com/alibaba/fastjson2/benchmark/eishay/EishayParseTreeString.java","60","17","60","49"
"idDeserial",,"warning","Deserialization method called: com.fasterxml.jackson.databind.ObjectMapper.readValue","/benchmark/src/main/java/com/alibaba/fastjson2/benchmark/eishay/EishayParseTreeStringPretty.java","47","20","47","55"
"idDeserial",,"warning","Deserialization method called: com.google.gson.Gson.fromJson","/benchmark/src/main/java/com/alibaba/fastjson2/benchmark/eishay/EishayParseTreeStringPretty.java","53","17","53","49"
"idDeserial",,"warning","Deserialization method called: com.fasterxml.jackson.databind.ObjectMapper.readValue","/benchmark/src/main/java/com/alibaba/fastjson2/benchmark/eishay/EishayParseTreeUTF8Bytes.java","46","20","46","61"
"idDeserial",,"warning","Deserialization method called: com.google.gson.Gson.fromJson","/benchmark/src/main/java/com/alibaba/fastjson2/benchmark/eishay/EishayParseTreeUTF8Bytes.java","51","20","54","38"
"idDeserial",,"warning","Deserialization method called: com.fasterxml.jackson.databind.ObjectMapper.readValue","/benchmark/src/main/java/com/alibaba/fastjson2/benchmark/eishay/EishayParseTreeUTF8BytesPretty.java","46","20","46","61"
"idDeserial",,"warning","Deserialization method called: com.google.gson.Gson.fromJson","/benchmark/src/main/java/com/alibaba/fastjson2/benchmark/eishay/EishayParseTreeUTF8BytesPretty.java","51","20","54","38"
"idDeserial",,"warning","Deserialization method called: com.fasterxml.jackson.databind.ObjectMapper.readValue","/benchmark/src/main/java/com/alibaba/fastjson2/benchmark/eishay/EishayParseUTF8BytesPretty.java","47","20","47","66"
"idDeserial",,"warning","Deserialization method called: com.google.gson.Gson.fromJson","/benchmark/src/main/java/com/alibaba/fastjson2/benchmark/eishay/EishayParseUTF8BytesPretty.java","52","20","55","38"
"idDeserial",,"warning","Deserialization method called: com.fasterxml.jackson.databind.ObjectMapper.readValue","/benchmark/src/main/java/com/alibaba/fastjson2/benchmark/eishay/EishayParseUTF8Bytes.java","69","20","69","66"
"idDeserial",,"warning","Deserialization method called: com.google.gson.Gson.fromJson","/benchmark/src/main/java/com/alibaba/fastjson2/benchmark/eishay/EishayParseUTF8Bytes.java","74","20","77","43"
"idDeserial",,"warning","Deserialization method called: com.fasterxml.jackson.databind.ObjectMapper.readValue","/benchmark/src/main/java/com/alibaba/fastjson2/benchmark/geoip/GeoIPParseString.java","47","20","47","53"
"idDeserial",,"warning","Deserialization method called: com.google.gson.Gson.fromJson","/benchmark/src/main/java/com/alibaba/fastjson2/benchmark/geoip/GeoIPParseString.java","60","17","60","47"
"idDeserial",,"warning","Deserialization method called: com.fasterxml.jackson.databind.ObjectMapper.readValue","/benchmark/src/main/java/com/alibaba/fastjson2/benchmark/issues/Issue206ParseTreeStringPretty.java","43","20","43","55"
"idDeserial",,"warning","Deserialization method called: com.fasterxml.jackson.databind.ObjectMapper.readValue","/benchmark/src/main/java/com/alibaba/fastjson2/benchmark/jjb/ClientsParseUTF8Bytes.java","49","20","49","61"
"idDeserial",,"warning","Deserialization method called: com.google.gson.Gson.fromJson","/benchmark/src/main/java/com/alibaba/fastjson2/benchmark/jjb/ClientsParseUTF8Bytes.java","54","20","57","38"
"idDeserial",,"warning","Deserialization method called: com.fasterxml.jackson.databind.ObjectMapper.readValue","/benchmark/src/main/java/com/alibaba/fastjson2/benchmark/jjb/UsersParseUTF8Bytes.java","52","20","52","59"
"idDeserial",,"warning","Deserialization method called: com.google.gson.Gson.fromJson","/benchmark/src/main/java/com/alibaba/fastjson2/benchmark/jjb/UsersParseUTF8Bytes.java","57","20","60","36"
"idDeserial",,"warning","Deserialization method called: com.fasterxml.jackson.databind.ObjectMapper.readValue","/benchmark/src/main/java/com/alibaba/fastjson2/benchmark/primitves/BigDecimal20.java","119","17","119","62"
"idDeserial",,"warning","Deserialization method called: com.google.gson.Gson.fromJson","/benchmark/src/main/java/com/alibaba/fastjson2/benchmark/primitves/BigDecimal20.java","126","17","126","59"
"idDeserial",,"warning","Deserialization method called: com.fasterxml.jackson.databind.ObjectMapper.readValue","/benchmark/src/main/java/com/alibaba/fastjson2/benchmark/primitves/BigDecimal20Tree.java","60","17","60","48"
"idDeserial",,"warning","Deserialization method called: com.fasterxml.jackson.databind.ObjectMapper.readValue","/benchmark/src/main/java/com/alibaba/fastjson2/benchmark/primitves/Date20.java","83","17","83","56"
"idDeserial",,"warning","Deserialization method called: com.fasterxml.jackson.databind.ObjectMapper.readValue","/benchmark/src/main/java/com/alibaba/fastjson2/benchmark/primitves/DoubleValue20L.java","58","17","58","51"
"idDeserial",,"warning","Deserialization method called: com.fasterxml.jackson.databind.ObjectMapper.readValue","/benchmark/src/main/java/com/alibaba/fastjson2/benchmark/primitves/Double20Tree.java","42","17","42","48"
"idDeserial",,"warning","Deserialization method called: com.fasterxml.jackson.databind.ObjectMapper.readValue","/benchmark/src/main/java/com/alibaba/fastjson2/benchmark/primitves/DoubleValue20.java","61","17","61","51"
"idDeserial",,"warning","Deserialization method called: com.fasterxml.jackson.databind.ObjectMapper.readValue","/benchmark/src/main/java/com/alibaba/fastjson2/benchmark/primitves/FloatValue20.java","48","17","48","62"
"idDeserial",,"warning","Deserialization method called: com.fasterxml.jackson.databind.ObjectMapper.readValue","/benchmark/src/main/java/com/alibaba/fastjson2/benchmark/primitves/Float20Tree.java","42","17","42","48"
"idDeserial",,"warning","Deserialization method called: com.fasterxml.jackson.databind.ObjectMapper.readValue","/benchmark/src/main/java/com/alibaba/fastjson2/benchmark/primitves/Instant20.java","61","17","61","59"
"idDeserial",,"warning","Deserialization method called: com.fasterxml.jackson.databind.ObjectMapper.readValue","/benchmark/src/main/java/com/alibaba/fastjson2/benchmark/primitves/Int20Tree.java","55","17","55","48"
"idDeserial",,"warning","Deserialization method called: com.fasterxml.jackson.databind.ObjectMapper.readValue","/benchmark/src/main/java/com/alibaba/fastjson2/benchmark/primitves/LocalDate20.java","60","17","60","61"
"idDeserial",,"warning","Deserialization method called: com.fasterxml.jackson.databind.ObjectMapper.readValue","/benchmark/src/main/java/com/alibaba/fastjson2/benchmark/primitves/IntValue20.java","68","17","68","51"
"idDeserial",,"warning","Deserialization method called: com.fasterxml.jackson.databind.ObjectMapper.readValue","/benchmark/src/main/java/com/alibaba/fastjson2/benchmark/primitves/OffsetDateTime20.java","53","17","53","66"
"idDeserial",,"warning","Deserialization method called: com.fasterxml.jackson.databind.ObjectMapper.readValue","/benchmark/src/main/java/com/alibaba/fastjson2/benchmark/primitves/LocalDateTime20.java","61","17","61","65"
"idDeserial",,"warning","Deserialization method called: com.fasterxml.jackson.databind.ObjectMapper.readValue","/benchmark/src/main/java/com/alibaba/fastjson2/benchmark/primitves/String20Tree.java","48","17","48","48"
"idDeserial",,"warning","Deserialization method called: com.fasterxml.jackson.databind.ObjectMapper.readValue","/benchmark/src/main/java/com/alibaba/fastjson2/benchmark/primitves/StringField20.java","41","16","41","102"
"idDeserial",,"warning","Deserialization method called: com.fasterxml.jackson.databind.ObjectMapper.readValue","/benchmark/src/main/java/com/alibaba/fastjson2/benchmark/primitves/String20.java","67","17","67","51"
"idDeserial",,"warning","Deserialization method called: com.fasterxml.jackson.databind.ObjectMapper.readValue","/benchmark/src/main/java/com/alibaba/fastjson2/benchmark/primitves/ZonedDateTime20.java","60","17","60","65"
"idDeserial",,"warning","Deserialization method called: com.fasterxml.jackson.databind.ObjectMapper.readValue","/benchmark/src/main/java/com/alibaba/fastjson2/benchmark/twitter/TwitterParseString.java","40","20","40","55"
"idDeserial",,"warning","Deserialization method called: com.fasterxml.jackson.databind.ObjectMapper.readValue","/benchmark/src/main/java/com/alibaba/fastjson2/benchmark/wast/Int32ValueBeanCase.java","22","20","22","65"
"idDeserial",,"warning","Deserialization method called: com.fasterxml.jackson.databind.ObjectMapper.readValue","/benchmark/src/main/java/com/alibaba/fastjson2/benchmark/wast/LongTextParse2.java","61","20","61","60"
"idDeserial",,"warning","Deserialization method called: com.fasterxml.jackson.databind.ObjectMapper.readValue","/benchmark/src/main/java/com/alibaba/fastjson2/benchmark/wast/LongTextParse2Escape.java","60","20","60","60"
"idDeserial",,"warning","Deserialization method called: com.fasterxml.jackson.databind.ObjectMapper.readValue","/benchmark/src/main/java/com/alibaba/fastjson2/benchmark/wast/LongTextParseCase.java","85","20","85","60"
"idDeserial",,"warning","Deserialization method called: com.fasterxml.jackson.databind.ObjectMapper.readValue","/benchmark/src/main/java/com/alibaba/fastjson2/benchmark/wast/LongTextParseCase.java","105","20","105","66"
"idDeserial",,"warning","Deserialization method called: com.fasterxml.jackson.databind.ObjectMapper.readValue","/benchmark/src/main/java/com/alibaba/fastjson2/benchmark/wast/LongTextParseCase.java","125","20","125","60"
"idDeserial",,"warning","Deserialization method called: com.fasterxml.jackson.databind.ObjectMapper.readValue","/benchmark/src/main/java/com/alibaba/fastjson2/benchmark/wast/LongTextParseCase.java","145","20","145","66"
"idDeserial",,"warning","Deserialization method called: com.fasterxml.jackson.databind.ObjectMapper.readValue","/benchmark/src/main/java/com/alibaba/fastjson2/benchmark/wast/NumberValueBeanCase.java","38","20","38","66"
"idDeserial",,"warning","Deserialization method called: com.fasterxml.jackson.databind.ObjectMapper.readValue","/benchmark/src/main/java/com/alibaba/fastjson2/benchmark/wast/SuperLongText.java","56","20","56","54"
"idDeserial",,"warning","Deserialization method called: com.fasterxml.jackson.databind.ObjectMapper.readValue","/benchmark/src/main/java/com/alibaba/fastjson2/benchmark/wast/SimpleBeanCase.java","59","20","59","61"
"idDeserial",,"warning","Deserialization method called: com.fasterxml.jackson.databind.ObjectMapper.readValue","/core/src/test/java/com/alibaba/fastjson2/issues_2500/Issue2548.java","35","33","35","84"
"idDeserial",,"warning","Deserialization method called: com.fasterxml.jackson.databind.ObjectMapper.readValue","/core/src/test/java/com/alibaba/fastjson2/issues_2500/Issue2548A.java","43","26","43","75"
"idDeserial",,"warning","Deserialization method called: java.io.ObjectInputStream.readObject","/fastjson1-compatible/src/test/java/com/alibaba/fastjson/JSONObjectTest_readObject.java","29","22","29","39"
"idDeserial",,"warning","Deserialization method called: java.io.ObjectInputStream.readObject","/fastjson1-compatible/src/test/java/com/alibaba/fastjson/JSONObjectTest_readObject.java","49","22","49","39"
"idDeserial",,"warning","Deserialization method called: java.io.ObjectInputStream.readObject","/fastjson1-compatible/src/test/java/com/alibaba/fastjson/JSONObjectTest_readObject.java","69","22","69","39"
"idDeserial",,"warning","Deserialization method called: java.io.ObjectInputStream.readObject","/fastjson1-compatible/src/test/java/com/alibaba/fastjson/JSONObjectTest_readObject.java","90","22","90","39"
"idDeserial",,"warning","Deserialization method called: java.io.ObjectInputStream.readObject","/fastjson1-compatible/src/test/java/com/alibaba/fastjson/JSONObjectTest_readObject.java","111","22","111","39"
"idDeserial",,"warning","Deserialization method called: java.io.ObjectInputStream.readObject","/fastjson1-compatible/src/test/java/com/alibaba/fastjson/JSONObjectTest_readObject.java","134","22","134","39"
"idDeserial",,"warning","Deserialization method called: java.io.ObjectInputStream.readObject","/fastjson1-compatible/src/test/java/com/alibaba/fastjson/JSONObjectTest_readObject.java","155","22","155","39"
"idDeserial",,"warning","Deserialization method called: java.io.ObjectInputStream.readObject","/fastjson1-compatible/src/test/java/com/alibaba/json/bvt/issue_3300/Issue3314.java","49","22","49","39"
