"idDeserial",,"warning","Deserialization method called: java.io.ObjectInputStream.readObject","/connectors/connector-datahub/src/main/java/com/alibaba/alink/common/io/catalog/datahub/common/source/SourceUtils.java","219","15","219","30"
"idDeserial",,"warning","Deserialization method called: com.esotericsoftware.kryo.Kryo.readClassAndObject","/core/src/main/java/com/alibaba/alink/common/MTable.java","761","35","761","64"
"idDeserial",,"warning","Deserialization method called: org.apache.commons.lang3.SerializationUtils.deserialize","/core/src/main/java/com/alibaba/alink/common/MTableUtil.java","180","45","180","86"
"idDeserial",,"warning","Deserialization method called: org.apache.commons.lang3.SerializationUtils.deserialize","/core/src/main/java/com/alibaba/alink/common/MTableUtil.java","243","59","243","100"
"idDeserial",,"warning","Deserialization method called: org.apache.commons.lang3.SerializationUtils.deserialize","/core/src/main/java/com/alibaba/alink/common/comqueue/BaseComQueue.java","356","19","356","55"
"idDeserial",,"warning","Deserialization method called: com.google.gson.Gson.fromJson","/core/src/main/java/com/alibaba/alink/common/dl/BaseDLBatchOp.java","78","38","78","92"
"idDeserial",,"warning","Deserialization method called: com.google.gson.Gson.fromJson","/core/src/main/java/com/alibaba/alink/common/dl/BaseDLTableModelTrainBatchOp.java","83","38","83","92"
"idDeserial",,"warning","Deserialization method called: com.esotericsoftware.kryo.Kryo.readClassAndObject","/core/src/main/java/com/alibaba/alink/common/dl/plugin/DLPredictServiceMapper.java","222","60","222","89"
"idDeserial",,"warning","Deserialization method called: com.esotericsoftware.kryo.Kryo.readClassAndObject","/core/src/main/java/com/alibaba/alink/common/dl/plugin/DLPredictServiceMapper.java","243","29","243","58"
"idDeserial",,"warning","Deserialization method called: com.google.gson.Gson.fromJson","/core/src/main/java/com/alibaba/alink/common/fe/StatisticsAdapter.java","42","14","42","72"
"idDeserial",,"warning","Deserialization method called: com.google.gson.Gson.fromJson","/core/src/main/java/com/alibaba/alink/common/fe/define/BaseStatFeatures.java","108","10","108","32"
"idDeserial",,"warning","Deserialization method called: com.google.gson.Gson.fromJson","/core/src/main/java/com/alibaba/alink/common/fe/define/day/BaseDaysStatFeatures.java","90","10","90","32"
"idDeserial",,"warning","Deserialization method called: com.google.gson.Gson.fromJson","/core/src/main/java/com/alibaba/alink/common/pyrunner/fn/BuiltInFnUtils.java","64","13","64","91"
"idDeserial",,"warning","Deserialization method called: com.google.gson.Gson.fromJson","/core/src/main/java/com/alibaba/alink/common/pyrunner/fn/PyFnUtils.java","81","23","81","79"
"idDeserial",,"warning","Deserialization method called: com.google.gson.Gson.fromJson","/core/src/main/java/com/alibaba/alink/common/pyrunner/fn/PyFnUtils.java","87","23","87","79"
"idDeserial",,"warning","Deserialization method called: org.apache.commons.lang3.SerializationUtils.deserialize","/core/src/main/java/com/alibaba/alink/operator/batch/outlier/IForestModelOutlierTrainBatchOp.java","303","22","303","59"
"idDeserial",,"warning","Deserialization method called: org.apache.commons.lang3.SerializationUtils.deserialize","/core/src/main/java/com/alibaba/alink/operator/batch/outlier/IForestModelOutlierTrainBatchOp.java","308","23","308","60"
"idDeserial",,"warning","Deserialization method called: com.google.gson.Gson.fromJson","/core/src/main/java/com/alibaba/alink/operator/common/classification/OneVsRestModelMapper.java","385","26","385","66"
"idDeserial",,"warning","Deserialization method called: com.google.gson.Gson.fromJson","/core/src/main/java/com/alibaba/alink/operator/common/clustering/BisectingKMeansModelDataConverter.java","46","29","46","66"
"idDeserial",,"warning","Deserialization method called: com.google.gson.Gson.fromJson","/core/src/main/java/com/alibaba/alink/operator/common/clustering/ClusterSummary.java","26","10","26","50"
"idDeserial",,"warning","Deserialization method called: com.google.gson.Gson.fromJson","/core/src/main/java/com/alibaba/alink/operator/common/clustering/agnes/AgnesModelDataConverter.java","59","63","59","104"
"idDeserial",,"warning","Deserialization method called: com.google.gson.Gson.fromJson","/core/src/main/java/com/alibaba/alink/operator/common/clustering/kmodes/KModesModel.java","63","6","63","44"
"idDeserial",,"warning","Deserialization method called: com.google.gson.Gson.fromJson","/core/src/main/java/com/alibaba/alink/operator/common/feature/QuantileDiscretizerModelDataConverter.java","75","37","79","4"
"idDeserial",,"warning","Deserialization method called: com.google.gson.Gson.fromJson","/core/src/main/java/com/alibaba/alink/operator/common/fm/FmModelDataConverter.java","90","39","90","93"
"idDeserial",,"warning","Deserialization method called: com.google.gson.Gson.fromJson","/core/src/main/java/com/alibaba/alink/operator/common/fm/FmModelDataConverter.java","93","39","93","93"
"idDeserial",,"warning","Deserialization method called: com.google.gson.Gson.fromJson","/core/src/main/java/com/alibaba/alink/operator/common/outlier/NGramModelDataConverter.java","44","10","44","66"
"idDeserial",,"warning","Deserialization method called: com.esotericsoftware.kryo.Kryo.readClassAndObject","/core/src/main/java/com/alibaba/alink/operator/common/pytorch/ListSerializer.java","32","33","32","62"
"idDeserial",,"warning","Deserialization method called: com.google.gson.Gson.fromJson","/core/src/main/java/com/alibaba/alink/operator/common/statistics/basicstatistic/SummaryDataConverter.java","178","32","178","74"
"idDeserial",,"warning","Deserialization method called: com.google.gson.Gson.fromJson","/core/src/main/java/com/alibaba/alink/operator/common/statistics/basicstatistic/SummaryDataConverter.java","194","17","194","75"
"idDeserial",,"warning","Deserialization method called: com.google.gson.Gson.fromJson","/core/src/main/java/com/alibaba/alink/operator/common/statistics/statistics/StatisticsState.java","304","19","304","84"
"idDeserial",,"warning","Deserialization method called: com.google.gson.Gson.fromJson","/core/src/main/java/com/alibaba/alink/operator/local/clustering/DbscanPredictLocalOp.java","140","24","140","84"
"idDeserial",,"warning","Deserialization method called: org.apache.commons.lang3.SerializationUtils.deserialize","/core/src/main/java/com/alibaba/alink/operator/local/sink/BaseSinkLocalOp.java","104","44","104","85"
"idDeserial",,"warning","Deserialization method called: org.apache.commons.lang3.SerializationUtils.deserialize","/core/src/main/java/com/alibaba/alink/operator/local/sink/CsvSinkLocalOp.java","80","28","80","68"
"idDeserial",,"warning","Deserialization method called: org.apache.commons.lang3.SerializationUtils.deserialize","/core/src/main/java/com/alibaba/alink/operator/local/source/BaseSourceLocalOp.java","111","46","111","87"
"idDeserial",,"warning","Deserialization method called: org.apache.commons.lang3.SerializationUtils.deserialize","/core/src/main/java/com/alibaba/alink/operator/local/source/InternalCsvSourceLocalOp.java","131","14","131","55"
"idDeserial",,"warning","Deserialization method called: com.google.gson.Gson.fromJson","/core/src/main/java/org/apache/flink/ml/api/misc/param/Params.java","43","16","43","64"
"idDeserial",,"warning","Deserialization method called: com.google.gson.Gson.fromJson","/core/src/main/java/org/apache/flink/ml/api/misc/param/Params.java","251","12","251","46"
"idDeserial",,"warning","Deserialization method called: com.esotericsoftware.kryo.Kryo.readClassAndObject","/core/src/test/java/com/alibaba/alink/common/linalg/tensor/TensorKryoSerializerTest.java","82","42","82","71"
"idDeserial",,"warning","Deserialization method called: com.esotericsoftware.kryo.Kryo.readClassAndObject","/core/src/test/java/com/alibaba/alink/common/linalg/tensor/TensorKryoSerializerTest.java","160","43","160","72"
"idDeserial",,"warning","Deserialization method called: com.esotericsoftware.kryo.Kryo.readClassAndObject","/core/src/test/java/com/alibaba/alink/common/linalg/tensor/TensorKryoSerializerTest.java","184","43","184","72"
"idDeserial",,"warning","Deserialization method called: com.google.gson.Gson.fromJson","/shaded_libraries/shaded_flink_ai_extended_tf2/src/main/java/com/alibaba/alink/operator/batch/dl/ctr/EasyRecProtoUtils.java","17","4","17","33"
"idDeserial",,"warning","Deserialization method called: java.io.ObjectInputStream.readObject","/shaded_libraries/third_party_flink_ai_extended/flink-ml-tensorflow2/src/main/java/com/alibaba/flink/ml/tensorflow2/util/JavaInferenceRunner.java","158","25","158","54"
"idDeserial",,"warning","Deserialization method called: com.google.gson.Gson.fromJson","/webui/server/src/main/java/com/alibaba/alink/server/service/impl/ExperimentServiceImpl.java","87","33","88","55"
"idDeserial",,"warning","Deserialization method called: com.google.gson.Gson.fromJson","/webui/server/src/main/java/com/alibaba/alink/server/service/impl/ExperimentServiceImpl.java","103","33","104","55"
"idDeserial",,"warning","Deserialization method called: com.google.gson.Gson.fromJson","/webui/server/src/test/java/com/alibaba/alink/server/controller/EdgeControllerTest.java","62","30","62","111"
"idDeserial",,"warning","Deserialization method called: com.google.gson.Gson.fromJson","/webui/server/src/test/java/com/alibaba/alink/server/controller/NodeControllerTest.java","67","30","67","111"
"idDeserial",,"warning","Deserialization method called: com.google.gson.Gson.fromJson","/webui/server/src/test/java/com/alibaba/alink/server/controller/NodeControllerTest.java","114","54","115","92"
"idDeserial",,"warning","Deserialization method called: com.google.gson.Gson.fromJson","/webui/server/src/test/java/com/alibaba/alink/server/controller/NodeControllerTest.java","96","31","97","26"
"idDeserial",,"warning","Deserialization method called: com.google.gson.Gson.fromJson","/webui/server/src/test/java/com/alibaba/alink/server/controller/NodeParamControllerTest.java","57","30","57","111"
