"idDeserial",,"warning","Deserialization method called: com.caucho.hessian.io.HessianInput.readObject","/hessian-lite/src/main/java/com/caucho/hessian/io/HessianInput.java","257","7","257","18"
"idDeserial",,"warning","Deserialization method called: com.caucho.hessian.io.HessianInput.readObject","/hessian-lite/src/main/java/com/caucho/hessian/io/HessianInput.java","304","22","304","46"
"idDeserial",,"warning","Deserialization method called: com.caucho.hessian.io.HessianInput.readObject","/hessian-lite/src/main/java/com/caucho/hessian/io/HessianInput.java","992","20","992","31"
"idDeserial",,"warning","Deserialization method called: com.caucho.hessian.io.HessianInput.readObject","/hessian-lite/src/main/java/com/caucho/hessian/io/HessianInput.java","993","22","993","33"
"idDeserial",,"warning","Deserialization method called: com.caucho.hessian.io.HessianInput.readObject","/hessian-lite/src/main/java/com/caucho/hessian/io/HessianInput.java","1012","14","1012","25"
"idDeserial",,"warning","Deserialization method called: com.fasterxml.jackson.databind.ObjectMapper.readValue","/repeater-console/repeater-console-service/src/main/java/com/alibaba/repeater/console/service/util/JacksonUtil.java","63","20","63","48"
"idDeserial",,"warning","Deserialization method called: com.fasterxml.jackson.databind.ObjectMapper.readValue","/repeater-console/repeater-console-service/src/main/java/com/alibaba/repeater/console/service/util/JacksonUtil.java","71","20","71","51"
"idDeserial",,"warning","Deserialization method called: com.fasterxml.jackson.databind.ObjectMapper.readValue","/repeater-console/repeater-console-service/src/main/java/com/alibaba/repeater/console/service/util/JacksonUtil.java","79","20","79","84"
"idDeserial",,"warning","Deserialization method called: com.fasterxml.jackson.databind.ObjectMapper.readValue","/repeater-console/repeater-console-service/src/main/java/com/alibaba/repeater/console/service/util/JacksonUtil.java","87","20","87","87"
