"idDeserial",,"warning","Deserialization method called: java.io.ObjectInputStream.readObject","/studio/common/common-redis/src/main/java/cn/datax/common/redis/serializer/DataRedisSerializer.java","33","19","33","36"
"idDeserial",,"warning","Deserialization method called: com.fasterxml.jackson.databind.ObjectMapper.readValue","/studio/services/data-market-service-parent/data-market-service-integration/src/main/java/cn/datax/service/data/market/integration/service/impl/ServiceExecuteServiceImpl.java","63","54","63","130"
"idDeserial",,"warning","Deserialization method called: com.fasterxml.jackson.databind.ObjectMapper.readValue","/studio/services/data-market-service-parent/data-market-service-integration/src/main/java/cn/datax/service/data/market/integration/service/impl/ServiceExecuteServiceImpl.java","75","53","75","128"
"idDeserial",,"warning","Deserialization method called: com.fasterxml.jackson.databind.ObjectMapper.readValue","/studio/services/data-market-service-parent/data-market-service-mapping/src/main/java/cn/datax/service/data/market/mapping/handler/RequestHandler.java","64","15","64","95"
"idDeserial",,"warning","Deserialization method called: com.fasterxml.jackson.databind.ObjectMapper.readValue","/studio/services/data-quality-service-parent/data-quality-service/src/main/java/cn/datax/service/data/quality/schedule/SchedulingRunnable.java","46","28","46","74"
"idDeserial",,"warning","Deserialization method called: com.fasterxml.jackson.databind.ObjectMapper.readValue","/studio/services/service-data-dts-parent/service-data-dts/src/main/java/com/platform/admin/core/util/JacksonUtil.java","52","11","52","49"
"idDeserial",,"warning","Deserialization method called: com.fasterxml.jackson.databind.ObjectMapper.readValue","/studio/services/service-data-dts-parent/service-data-dts/src/main/java/com/platform/admin/core/util/JacksonUtil.java","75","11","75","52"
"idDeserial",,"warning","Deserialization method called: com.fasterxml.jackson.databind.ObjectMapper.readValue","/studio/services/service-data-dts-parent/service-data-dts/src/main/java/com/platform/admin/filter/JWTAuthenticationFilter.java","48","35","48","105"
