"idDeserial",,"warning","Deserialization method called: com.fasterxml.jackson.databind.ObjectMapper.readValue","/allure-commandline/src/main/java/io/qameta/allure/config/ConfigLoader.java","50","20","50","64"
"idDeserial",,"warning","Deserialization method called: com.fasterxml.jackson.databind.ObjectMapper.readValue","/allure-generator/src/main/java/io/qameta/allure/allure1/Allure1Plugin.java","469","32","469","77"
"idDeserial",,"warning","Deserialization method called: com.fasterxml.jackson.databind.ObjectMapper.readValue","/allure-generator/src/main/java/io/qameta/allure/allure1/Allure1Plugin.java","478","32","478","78"
"idDeserial",,"warning","Deserialization method called: com.fasterxml.jackson.databind.ObjectMapper.readValue","/allure-generator/src/main/java/io/qameta/allure/allure1/Allure1Plugin.java","545","17","545","91"
"idDeserial",,"warning","Deserialization method called: com.fasterxml.jackson.databind.ObjectMapper.readValue","/allure-generator/src/main/java/io/qameta/allure/allure2/Allure2Plugin.java","392","40","392","77"
"idDeserial",,"warning","Deserialization method called: com.fasterxml.jackson.databind.ObjectMapper.readValue","/allure-generator/src/main/java/io/qameta/allure/allure2/Allure2Plugin.java","401","40","401","86"
"idDeserial",,"warning","Deserialization method called: com.fasterxml.jackson.databind.ObjectMapper.readValue","/allure-generator/src/main/java/io/qameta/allure/category/CategoriesPlugin.java","99","51","99","99"
"idDeserial",,"warning","Deserialization method called: com.fasterxml.jackson.databind.ObjectMapper.readValue","/allure-generator/src/main/java/io/qameta/allure/executor/ExecutorPlugin.java","64","43","64","94"
"idDeserial",,"warning","Deserialization method called: com.fasterxml.jackson.databind.ObjectMapper.readValue","/allure-generator/src/main/java/io/qameta/allure/history/HistoryPlugin.java","81","58","81","103"
"idDeserial",,"warning","Deserialization method called: com.fasterxml.jackson.databind.ObjectMapper.readValue","/allure-generator/src/main/java/io/qameta/allure/launch/LaunchPlugin.java","55","41","55","90"
"idDeserial",,"warning","Deserialization method called: com.fasterxml.jackson.databind.ObjectMapper.readValue","/allure-generator/src/main/java/io/qameta/allure/plugin/DefaultPluginLoader.java","90","32","90","78"
