"idDeserial",,"warning","Deserialization method called: com.google.gson.Gson.fromJson","/src/main/java/io/antmedia/console/datastore/MapBasedDataStore.java","111","19","111","50"
"idDeserial",,"warning","Deserialization method called: com.google.gson.Gson.fromJson","/src/main/java/io/antmedia/console/datastore/MapBasedDataStore.java","133","17","133","53"
"idDeserial",,"warning","Deserialization method called: com.google.gson.Gson.fromJson","/src/main/java/io/antmedia/console/datastore/MapBasedDataStore.java","148","13","148","43"
"idDeserial",,"warning","Deserialization method called: com.google.gson.Gson.fromJson","/src/main/java/io/antmedia/console/rest/SupportRestService.java","138","40","138","89"
"idDeserial",,"warning","Deserialization method called: com.google.gson.Gson.fromJson","/src/main/java/io/antmedia/datastore/db/DataStore.java","91","13","91","54"
"idDeserial",,"warning","Deserialization method called: com.google.gson.Gson.fromJson","/src/main/java/io/antmedia/datastore/db/DataStore.java","113","13","113","48"
"idDeserial",,"warning","Deserialization method called: com.google.gson.Gson.fromJson","/src/main/java/io/antmedia/datastore/db/DataStore.java","221","15","221","49"
"idDeserial",,"warning","Deserialization method called: com.google.gson.Gson.fromJson","/src/main/java/io/antmedia/datastore/db/DataStore.java","292","44","292","94"
"idDeserial",,"warning","Deserialization method called: com.google.gson.Gson.fromJson","/src/main/java/io/antmedia/datastore/db/DataStore.java","309","13","309","47"
"idDeserial",,"warning","Deserialization method called: com.google.gson.Gson.fromJson","/src/main/java/io/antmedia/datastore/db/DataStore.java","351","19","351","61"
"idDeserial",,"warning","Deserialization method called: com.google.gson.Gson.fromJson","/src/main/java/io/antmedia/datastore/db/DataStore.java","412","14","412","51"
"idDeserial",,"warning","Deserialization method called: com.google.gson.Gson.fromJson","/src/main/java/io/antmedia/datastore/db/DataStore.java","446","29","446","76"
"idDeserial",,"warning","Deserialization method called: com.google.gson.Gson.fromJson","/src/main/java/io/antmedia/datastore/db/DataStore.java","542","19","542","61"
"idDeserial",,"warning","Deserialization method called: com.google.gson.Gson.fromJson","/src/main/java/io/antmedia/datastore/db/DataStore.java","664","27","664","73"
"idDeserial",,"warning","Deserialization method called: com.google.gson.Gson.fromJson","/src/main/java/io/antmedia/datastore/db/DataStore.java","683","27","683","73"
"idDeserial",,"warning","Deserialization method called: com.google.gson.Gson.fromJson","/src/main/java/io/antmedia/datastore/db/DataStore.java","750","44","750","94"
"idDeserial",,"warning","Deserialization method called: com.google.gson.Gson.fromJson","/src/main/java/io/antmedia/datastore/db/DataStore.java","1173","28","1173","63"
"idDeserial",,"warning","Deserialization method called: com.google.gson.Gson.fromJson","/src/main/java/io/antmedia/datastore/db/DataStore.java","1250","29","1250","77"
"idDeserial",,"warning","Deserialization method called: com.google.gson.Gson.fromJson","/src/main/java/io/antmedia/datastore/db/MapBasedDataStore.java","240","28","240","74"
"idDeserial",,"warning","Deserialization method called: com.google.gson.Gson.fromJson","/src/main/java/io/antmedia/datastore/db/MapBasedDataStore.java","248","28","248","74"
"idDeserial",,"warning","Deserialization method called: com.google.gson.Gson.fromJson","/src/main/java/io/antmedia/datastore/db/MapBasedDataStore.java","312","25","312","79"
"idDeserial",,"warning","Deserialization method called: com.google.gson.Gson.fromJson","/src/main/java/io/antmedia/datastore/db/MapBasedDataStore.java","319","22","319","76"
"idDeserial",,"warning","Deserialization method called: com.google.gson.Gson.fromJson","/src/main/java/io/antmedia/datastore/db/MapBasedDataStore.java","372","17","372","51"
"idDeserial",,"warning","Deserialization method called: com.google.gson.Gson.fromJson","/src/main/java/io/antmedia/datastore/db/MapBasedDataStore.java","642","21","642","57"
"idDeserial",,"warning","Deserialization method called: com.google.gson.Gson.fromJson","/src/main/java/io/antmedia/datastore/db/MapBasedDataStore.java","676","21","676","71"
"idDeserial",,"warning","Deserialization method called: com.google.gson.Gson.fromJson","/src/main/java/io/antmedia/datastore/db/MapBasedDataStore.java","730","31","730","125"
"idDeserial",,"warning","Deserialization method called: com.google.gson.Gson.fromJson","/src/main/java/io/antmedia/datastore/db/MapBasedDataStore.java","776","26","776","81"
"idDeserial",,"warning","Deserialization method called: com.google.gson.Gson.fromJson","/src/main/java/io/antmedia/datastore/db/MapBasedDataStore.java","807","31","807","76"
"idDeserial",,"warning","Deserialization method called: com.google.gson.Gson.fromJson","/src/main/java/io/antmedia/datastore/db/MapBasedDataStore.java","840","28","840","74"
"idDeserial",,"warning","Deserialization method called: com.google.gson.Gson.fromJson","/src/main/java/io/antmedia/datastore/db/MapBasedDataStore.java","1057","11","1057","52"
"idDeserial",,"warning","Deserialization method called: com.google.gson.Gson.fromJson","/src/main/java/io/antmedia/datastore/db/MapBasedDataStore.java","1072","11","1072","61"
"idDeserial",,"warning","Deserialization method called: com.google.gson.Gson.fromJson","/src/main/java/io/antmedia/datastore/db/MapBasedDataStore.java","1083","27","1083","79"
"idDeserial",,"warning","Deserialization method called: com.google.gson.Gson.fromJson","/src/test/java/io/antmedia/integration/AppFunctionalV2Test.java","1048","21","1048","66"
"idDeserial",,"warning","Deserialization method called: com.google.gson.Gson.fromJson","/src/test/java/io/antmedia/integration/ConsoleAppRestServiceTest.java","1009","11","1009","52"
"idDeserial",,"warning","Deserialization method called: com.google.gson.Gson.fromJson","/src/test/java/io/antmedia/integration/ConsoleAppRestServiceTest.java","1900","25","1900","61"
"idDeserial",,"warning","Deserialization method called: com.google.gson.Gson.fromJson","/src/test/java/io/antmedia/integration/ConsoleAppRestServiceTest.java","2267","35","2267","77"
"idDeserial",,"warning","Deserialization method called: com.google.gson.Gson.fromJson","/src/test/java/io/antmedia/integration/ConsoleAppRestServiceTest.java","2319","35","2319","77"
"idDeserial",,"warning","Deserialization method called: com.google.gson.Gson.fromJson","/src/test/java/io/antmedia/integration/ConsoleAppRestServiceTest.java","2372","10","2372","54"
"idDeserial",,"warning","Deserialization method called: com.google.gson.Gson.fromJson","/src/test/java/io/antmedia/integration/ConsoleAppRestServiceTest.java","2392","10","2392","54"
"idDeserial",,"warning","Deserialization method called: com.google.gson.Gson.fromJson","/src/test/java/io/antmedia/integration/ConsoleAppRestServiceTest.java","2416","16","2416","61"
"idDeserial",,"warning","Deserialization method called: com.google.gson.Gson.fromJson","/src/test/java/io/antmedia/integration/ConsoleAppRestServiceTest.java","2465","16","2465","61"
"idDeserial",,"warning","Deserialization method called: com.google.gson.Gson.fromJson","/src/test/java/io/antmedia/integration/ConsoleAppRestServiceTest.java","2487","16","2487","61"
"idDeserial",,"warning","Deserialization method called: com.google.gson.Gson.fromJson","/src/test/java/io/antmedia/integration/ConsoleAppRestServiceTest.java","2508","16","2508","61"
"idDeserial",,"warning","Deserialization method called: com.google.gson.Gson.fromJson","/src/test/java/io/antmedia/integration/ConsoleAppRestServiceTest.java","2531","16","2531","61"
"idDeserial",,"warning","Deserialization method called: com.google.gson.Gson.fromJson","/src/test/java/io/antmedia/integration/ConsoleAppRestServiceTest.java","2611","18","2611","63"
"idDeserial",,"warning","Deserialization method called: com.google.gson.Gson.fromJson","/src/test/java/io/antmedia/integration/ConsoleAppRestServiceTest.java","2638","16","2638","61"
"idDeserial",,"warning","Deserialization method called: com.google.gson.Gson.fromJson","/src/test/java/io/antmedia/integration/ConsoleAppRestServiceTest.java","2719","16","2719","61"
"idDeserial",,"warning","Deserialization method called: com.google.gson.Gson.fromJson","/src/test/java/io/antmedia/integration/ConsoleAppRestServiceTest.java","2740","16","2740","61"
"idDeserial",,"warning","Deserialization method called: com.google.gson.Gson.fromJson","/src/test/java/io/antmedia/integration/ConsoleAppRestServiceTest.java","2765","21","2765","71"
"idDeserial",,"warning","Deserialization method called: com.google.gson.Gson.fromJson","/src/test/java/io/antmedia/integration/ConsoleAppRestServiceTest.java","2789","24","2789","77"
"idDeserial",,"warning","Deserialization method called: com.google.gson.Gson.fromJson","/src/test/java/io/antmedia/integration/ConsoleAppRestServiceTest.java","2811","9","2811","55"
"idDeserial",,"warning","Deserialization method called: com.google.gson.Gson.fromJson","/src/test/java/io/antmedia/integration/ConsoleAppRestServiceTest.java","2970","13","2970","48"
"idDeserial",,"warning","Deserialization method called: com.google.gson.Gson.fromJson","/src/test/java/io/antmedia/integration/ConsoleAppRestServiceTest.java","3009","12","3009","47"
"idDeserial",,"warning","Deserialization method called: com.google.gson.Gson.fromJson","/src/test/java/io/antmedia/integration/ConsoleAppRestServiceTest.java","3039","13","3039","48"
"idDeserial",,"warning","Deserialization method called: com.google.gson.Gson.fromJson","/src/test/java/io/antmedia/integration/ConsoleAppRestServiceTest.java","3071","11","3071","52"
"idDeserial",,"warning","Deserialization method called: com.google.gson.Gson.fromJson","/src/test/java/io/antmedia/integration/RestServiceV2Test.java","191","20","191","68"
"idDeserial",,"warning","Deserialization method called: com.google.gson.Gson.fromJson","/src/test/java/io/antmedia/integration/RestServiceV2Test.java","221","17","221","62"
"idDeserial",,"warning","Deserialization method called: com.google.gson.Gson.fromJson","/src/test/java/io/antmedia/integration/RestServiceV2Test.java","249","17","249","62"
"idDeserial",,"warning","Deserialization method called: com.google.gson.Gson.fromJson","/src/test/java/io/antmedia/integration/RestServiceV2Test.java","303","17","303","62"
"idDeserial",,"warning","Deserialization method called: com.google.gson.Gson.fromJson","/src/test/java/io/antmedia/integration/RestServiceV2Test.java","342","20","342","68"
"idDeserial",,"warning","Deserialization method called: com.google.gson.Gson.fromJson","/src/test/java/io/antmedia/integration/RestServiceV2Test.java","411","21","411","69"
"idDeserial",,"warning","Deserialization method called: com.google.gson.Gson.fromJson","/src/test/java/io/antmedia/integration/RestServiceV2Test.java","468","19","468","67"
"idDeserial",,"warning","Deserialization method called: com.google.gson.Gson.fromJson","/src/test/java/io/antmedia/integration/RestServiceV2Test.java","500","16","500","61"
"idDeserial",,"warning","Deserialization method called: com.google.gson.Gson.fromJson","/src/test/java/io/antmedia/integration/RestServiceV2Test.java","525","19","525","67"
"idDeserial",,"warning","Deserialization method called: com.google.gson.Gson.fromJson","/src/test/java/io/antmedia/integration/RestServiceV2Test.java","584","16","584","61"
"idDeserial",,"warning","Deserialization method called: com.google.gson.Gson.fromJson","/src/test/java/io/antmedia/integration/RestServiceV2Test.java","612","16","612","65"
"idDeserial",,"warning","Deserialization method called: com.google.gson.Gson.fromJson","/src/test/java/io/antmedia/integration/RestServiceV2Test.java","634","16","634","61"
"idDeserial",,"warning","Deserialization method called: com.google.gson.Gson.fromJson","/src/test/java/io/antmedia/integration/RestServiceV2Test.java","667","18","667","64"
"idDeserial",,"warning","Deserialization method called: com.google.gson.Gson.fromJson","/src/test/java/io/antmedia/integration/RestServiceV2Test.java","705","11","705","52"
"idDeserial",,"warning","Deserialization method called: com.google.gson.Gson.fromJson","/src/test/java/io/antmedia/integration/RestServiceV2Test.java","745","16","745","65"
"idDeserial",,"warning","Deserialization method called: com.google.gson.Gson.fromJson","/src/test/java/io/antmedia/integration/RestServiceV2Test.java","774","11","774","69"
"idDeserial",,"warning","Deserialization method called: com.google.gson.Gson.fromJson","/src/test/java/io/antmedia/integration/RestServiceV2Test.java","804","11","804","69"
"idDeserial",,"warning","Deserialization method called: com.google.gson.Gson.fromJson","/src/test/java/io/antmedia/integration/RestServiceV2Test.java","837","11","837","52"
"idDeserial",,"warning","Deserialization method called: com.google.gson.Gson.fromJson","/src/test/java/io/antmedia/integration/RestServiceV2Test.java","872","11","872","52"
"idDeserial",,"warning","Deserialization method called: com.google.gson.Gson.fromJson","/src/test/java/io/antmedia/integration/RestServiceV2Test.java","903","11","903","52"
"idDeserial",,"warning","Deserialization method called: com.google.gson.Gson.fromJson","/src/test/java/io/antmedia/integration/RestServiceV2Test.java","933","10","933","58"
"idDeserial",,"warning","Deserialization method called: com.google.gson.Gson.fromJson","/src/test/java/io/antmedia/integration/RestServiceV2Test.java","981","27","981","72"
"idDeserial",,"warning","Deserialization method called: com.google.gson.Gson.fromJson","/src/test/java/io/antmedia/integration/RestServiceV2Test.java","1004","27","1004","72"
"idDeserial",,"warning","Deserialization method called: com.google.gson.Gson.fromJson","/src/test/java/io/antmedia/integration/RestServiceV2Test.java","1204","21","1204","66"
"idDeserial",,"warning","Deserialization method called: com.google.gson.Gson.fromJson","/src/test/java/io/antmedia/integration/RestServiceV2Test.java","1232","21","1232","66"
"idDeserial",,"warning","Deserialization method called: com.google.gson.Gson.fromJson","/src/test/java/io/antmedia/integration/RestServiceV2Test.java","1332","16","1332","61"
"idDeserial",,"warning","Deserialization method called: com.google.gson.Gson.fromJson","/src/test/java/io/antmedia/integration/RestServiceV2Test.java","1355","16","1355","61"
"idDeserial",,"warning","Deserialization method called: com.google.gson.Gson.fromJson","/src/test/java/io/antmedia/integration/RestServiceV2Test.java","1378","16","1378","61"
"idDeserial",,"warning","Deserialization method called: com.google.gson.Gson.fromJson","/src/test/java/io/antmedia/integration/RestServiceV2Test.java","1401","16","1401","61"
"idDeserial",,"warning","Deserialization method called: com.google.gson.Gson.fromJson","/src/test/java/io/antmedia/integration/RestServiceV2Test.java","1832","33","1832","94"
"idDeserial",,"warning","Deserialization method called: com.google.gson.Gson.fromJson","/src/test/java/io/antmedia/integration/RestServiceV2Test.java","1822","5","1822","63"
"idDeserial",,"warning","Deserialization method called: com.google.gson.Gson.fromJson","/src/test/java/io/antmedia/integration/RestServiceV2Test.java","1996","26","1996","71"
"idDeserial",,"warning","Deserialization method called: com.google.gson.Gson.fromJson","/src/test/java/io/antmedia/integration/RestServiceV2Test.java","2059","21","2059","66"
