"idDeserial",,"warning","Deserialization method called: com.google.gson.Gson.fromJson","/gobblin-api/src/main/java/org/apache/gobblin/configuration/WorkUnitState.java","226","12","226","46"
"idDeserial",,"warning","Deserialization method called: com.google.gson.Gson.fromJson","/gobblin-api/src/main/java/org/apache/gobblin/dataset/Descriptor.java","95","12","95","37"
"idDeserial",,"warning","Deserialization method called: com.google.gson.Gson.fromJson","/gobblin-api/src/main/java/org/apache/gobblin/dataset/Descriptor.java","109","12","109","56"
"idDeserial",,"warning","Deserialization method called: com.google.gson.Gson.fromJson","/gobblin-api/src/main/java/org/apache/gobblin/dataset/PartitionDescriptor.java","85","12","85","67"
"idDeserial",,"warning","Deserialization method called: com.google.gson.Gson.fromJson","/gobblin-api/src/main/java/org/apache/gobblin/source/extractor/WatermarkSerializerHelper.java","52","12","52","44"
"idDeserial",,"warning","Deserialization method called: com.google.gson.Gson.fromJson","/gobblin-api/src/main/java/org/apache/gobblin/source/workunit/WorkUnit.java","226","12","226","46"
"idDeserial",,"warning","Deserialization method called: com.google.gson.Gson.fromJson","/gobblin-api/src/main/java/org/apache/gobblin/source/workunit/WorkUnit.java","261","12","261","46"
"idDeserial",,"warning","Deserialization method called: com.google.gson.Gson.fromJson","/gobblin-api/src/test/java/org/apache/gobblin/source/extractor/TestWatermark.java","39","38","39","94"
"idDeserial",,"warning","Deserialization method called: com.google.gson.Gson.fromJson","/gobblin-api/src/test/java/org/apache/gobblin/source/extractor/TestWatermark.java","40","39","40","96"
"idDeserial",,"warning","Deserialization method called: com.google.gson.Gson.fromJson","/gobblin-api/src/test/java/org/apache/gobblin/util/io/GsonInterfaceAdapterTest.java","41","23","41","57"
"idDeserial",,"warning","Deserialization method called: com.google.gson.Gson.fromJson","/gobblin-compaction/src/main/java/org/apache/gobblin/compaction/suite/CompactionSuiteBase.java","104","12","104","84"
"idDeserial",,"warning","Deserialization method called: com.google.gson.Gson.fromJson","/gobblin-core/src/main/java/org/apache/gobblin/source/extractor/extract/QueryBasedExtractor.java","532","12","532","74"
"idDeserial",,"warning","Deserialization method called: com.google.gson.Gson.fromJson","/gobblin-core/src/main/java/org/apache/gobblin/source/extractor/extract/restapi/RestApiConnector.java","112","28","112","92"
"idDeserial",,"warning","Deserialization method called: com.google.gson.Gson.fromJson","/gobblin-core/src/main/java/org/apache/gobblin/source/extractor/extract/restapi/RestApiConnector.java","188","31","188","69"
"idDeserial",,"warning","Deserialization method called: com.google.gson.Gson.fromJson","/gobblin-core/src/main/java/org/apache/gobblin/source/extractor/extract/restapi/RestApiExtractor.java","133","22","133","63"
"idDeserial",,"warning","Deserialization method called: com.google.gson.Gson.fromJson","/gobblin-core/src/main/java/org/apache/gobblin/source/extractor/extract/restapi/RestApiExtractor.java","148","33","148","72"
"idDeserial",,"warning","Deserialization method called: com.google.gson.Gson.fromJson","/gobblin-core/src/main/java/org/apache/gobblin/source/extractor/utils/Utils.java","248","27","248","74"
"idDeserial",,"warning","Deserialization method called: com.google.gson.Gson.fromJson","/gobblin-core/src/main/java/org/apache/gobblin/state/ConstructState.java","156","12","156","49"
"idDeserial",,"warning","Deserialization method called: com.google.gson.Gson.fromJson","/gobblin-core/src/test/java/org/apache/gobblin/converter/avro/JsonElementConversionFactoryTest.java","72","16","74","17"
"idDeserial",,"warning","Deserialization method called: com.google.gson.Gson.fromJson","/gobblin-core/src/test/java/org/apache/gobblin/converter/avro/JsonIntermediateToAvroConverterTest.java","86","9","86","109"
"idDeserial",,"warning","Deserialization method called: com.google.gson.Gson.fromJson","/gobblin-core/src/test/java/org/apache/gobblin/converter/avro/JsonIntermediateToAvroConverterTest.java","169","18","171","24"
"idDeserial",,"warning","Deserialization method called: com.google.gson.Gson.fromJson","/gobblin-core/src/test/java/org/apache/gobblin/converter/avro/JsonIntermediateToAvroConverterTest.java","173","18","175","25"
"idDeserial",,"warning","Deserialization method called: com.google.gson.Gson.fromJson","/gobblin-core/src/test/java/org/apache/gobblin/converter/avro/JsonIntermediateToAvroConverterTest.java","190","9","190","74"
"idDeserial",,"warning","Deserialization method called: com.google.gson.Gson.fromJson","/gobblin-core/src/test/java/org/apache/gobblin/converter/avro/JsonIntermediateToAvroConverterTest.java","193","9","193","72"
"idDeserial",,"warning","Deserialization method called: com.google.gson.Gson.fromJson","/gobblin-core/src/test/java/org/apache/gobblin/converter/json/JsonStringToJsonIntermediateConverterTest.java","61","20","62","97"
"idDeserial",,"warning","Deserialization method called: com.google.gson.Gson.fromJson","/gobblin-core/src/test/java/org/apache/gobblin/writer/AvroHdfsDataWriterTest.java","159","27","159","71"
"idDeserial",,"warning","Deserialization method called: com.google.gson.Gson.fromJson","/gobblin-core/src/test/java/org/apache/gobblin/writer/AvroHdfsDataWriterTest.java","160","34","160","73"
"idDeserial",,"warning","Deserialization method called: com.google.gson.Gson.fromJson","/gobblin-data-management/src/main/java/org/apache/gobblin/data/management/conversion/hive/materializer/HiveMaterializer.java","108","12","108","128"
"idDeserial",,"warning","Deserialization method called: com.google.gson.Gson.fromJson","/gobblin-data-management/src/main/java/org/apache/gobblin/data/management/conversion/hive/query/HiveAvroORCQueryGenerator.java","925","9","926","46"
"idDeserial",,"warning","Deserialization method called: com.google.gson.Gson.fromJson","/gobblin-data-management/src/main/java/org/apache/gobblin/data/management/conversion/hive/source/HiveWorkUnit.java","105","12","105","112"
"idDeserial",,"warning","Deserialization method called: com.google.gson.Gson.fromJson","/gobblin-data-management/src/main/java/org/apache/gobblin/data/management/conversion/hive/source/HiveWorkUnit.java","201","38","201","80"
"idDeserial",,"warning","Deserialization method called: com.google.gson.Gson.fromJson","/gobblin-data-management/src/main/java/org/apache/gobblin/data/management/copy/CopyEntity.java","99","12","99","83"
"idDeserial",,"warning","Deserialization method called: com.google.gson.Gson.fromJson","/gobblin-data-management/src/main/java/org/apache/gobblin/data/management/copy/CopyEntity.java","110","12","110","113"
"idDeserial",,"warning","Deserialization method called: com.google.gson.Gson.fromJson","/gobblin-data-management/src/main/java/org/apache/gobblin/data/management/copy/CopyManifest.java","92","29","92","75"
"idDeserial",,"warning","Deserialization method called: com.google.gson.Gson.fromJson","/gobblin-data-management/src/main/java/org/apache/gobblin/data/management/copy/CopyManifest.java","141","48","141","101"
"idDeserial",,"warning","Deserialization method called: com.google.gson.Gson.fromJson","/gobblin-data-management/src/main/java/org/apache/gobblin/data/management/copy/CopyableDatasetMetadata.java","61","12","61","96"
"idDeserial",,"warning","Deserialization method called: com.google.gson.Gson.fromJson","/gobblin-data-management/src/main/java/org/apache/gobblin/data/management/copy/splitter/DistcpFileSplitter.java","220","55","220","109"
"idDeserial",,"warning","Deserialization method called: com.google.gson.Gson.fromJson","/gobblin-data-management/src/test/java/org/apache/gobblin/data/management/conversion/hive/dataset/ConvertibleHiveDatasetTest.java","119","9","119","97"
"idDeserial",,"warning","Deserialization method called: com.google.gson.Gson.fromJson","/gobblin-data-management/src/test/java/org/apache/gobblin/data/management/conversion/hive/dataset/ConvertibleHiveDatasetTest.java","144","36","144","104"
"idDeserial",,"warning","Deserialization method called: com.google.gson.Gson.fromJson","/gobblin-data-management/src/test/java/org/apache/gobblin/data/management/copy/iceberg/IcebergDatasetTest.java","442","25","442","67"
"idDeserial",,"warning","Deserialization method called: com.google.gson.Gson.fromJson","/gobblin-data-management/src/test/java/org/apache/gobblin/data/management/copy/iceberg/IcebergDatasetTest.java","486","31","486","73"
"idDeserial",,"warning","Deserialization method called: com.google.gson.Gson.fromJson","/gobblin-data-management/src/test/java/org/apache/gobblin/data/management/copy/iceberg/IcebergDatasetTest.java","656","25","656","67"
"idDeserial",,"warning","Deserialization method called: com.google.gson.Gson.fromJson","/gobblin-data-management/src/test/java/org/apache/gobblin/data/management/copy/iceberg/IcebergDatasetTest.java","665","48","665","90"
"idDeserial",,"warning","Deserialization method called: com.google.gson.Gson.fromJson","/gobblin-data-management/src/test/java/org/apache/gobblin/data/management/copy/iceberg/IcebergDatasetTest.java","676","61","676","103"
"idDeserial",,"warning","Deserialization method called: com.google.gson.Gson.fromJson","/gobblin-example/src/main/java/org/apache/gobblin/example/simplejson/SimpleJsonConverter.java","66","27","66","71"
"idDeserial",,"warning","Deserialization method called: com.google.gson.Gson.fromJson","/gobblin-example/src/main/java/org/apache/gobblin/example/simplejson/SimpleJsonConverter.java","67","34","67","73"
"idDeserial",,"warning","Deserialization method called: com.google.gson.Gson.fromJson","/gobblin-example/src/main/java/org/apache/gobblin/example/wikipedia/WikipediaConverter.java","61","27","61","71"
"idDeserial",,"warning","Deserialization method called: com.google.gson.Gson.fromJson","/gobblin-example/src/main/java/org/apache/gobblin/example/wikipedia/WikipediaConverter.java","62","34","62","73"
"idDeserial",,"warning","Deserialization method called: com.google.gson.Gson.fromJson","/gobblin-example/src/main/java/org/apache/gobblin/example/wikipedia/WikipediaExtractor.java","309","31","309","77"
"idDeserial",,"warning","Deserialization method called: com.google.gson.Gson.fromJson","/gobblin-metastore/src/main/java/org/apache/gobblin/runtime/StateStoreBasedWatermarkStorage.java","132","45","132","114"
"idDeserial",,"warning","Deserialization method called: com.fasterxml.jackson.databind.ObjectMapper.readValue","/gobblin-metrics-libs/gobblin-metrics/src/main/java/org/apache/gobblin/metrics/OpenTelemetryMetrics.java","116","14","116","59"
"idDeserial",,"warning","Deserialization method called: com.fasterxml.jackson.databind.ObjectMapper.readValue","/gobblin-metrics-libs/gobblin-metrics-base/src/test/java/org/apache/gobblin/metrics/TagTest.java","65","30","65","64"
"idDeserial",,"warning","Deserialization method called: com.google.gson.Gson.fromJson","/gobblin-modules/gobblin-avro-json/src/main/java/org/apache/gobblin/converter/avro/AvroToJsonConverter.java","72","34","72","95"
"idDeserial",,"warning","Deserialization method called: com.google.gson.Gson.fromJson","/gobblin-modules/gobblin-azkaban/src/main/java/org/apache/gobblin/service/modules/orchestration/AzkabanClient.java","226","12","226","45"
"idDeserial",,"warning","Deserialization method called: com.google.gson.Gson.fromJson","/gobblin-modules/gobblin-couchbase/src/test/java/org/apache/gobblin/couchbase/converter/AnyToCouchbaseJsonConverterTest.java","83","40","83","84"
"idDeserial",,"warning","Deserialization method called: com.google.gson.Gson.fromJson","/gobblin-modules/gobblin-couchbase/src/test/java/org/apache/gobblin/couchbase/converter/AnyToCouchbaseJsonConverterTest.java","106","30","106","77"
"idDeserial",,"warning","Deserialization method called: com.google.gson.Gson.fromJson","/gobblin-modules/gobblin-couchbase/src/test/java/org/apache/gobblin/couchbase/writer/CouchbaseWriterTest.java","268","41","268","85"
"idDeserial",,"warning","Deserialization method called: com.google.gson.Gson.fromJson","/gobblin-modules/gobblin-couchbase/src/test/java/org/apache/gobblin/couchbase/writer/CouchbaseWriterTest.java","301","41","301","85"
"idDeserial",,"warning","Deserialization method called: com.google.gson.Gson.fromJson","/gobblin-modules/gobblin-couchbase/src/test/java/org/apache/gobblin/couchbase/writer/CouchbaseWriterTest.java","337","41","337","85"
"idDeserial",,"warning","Deserialization method called: com.google.gson.Gson.fromJson","/gobblin-modules/gobblin-couchbase/src/test/java/org/apache/gobblin/couchbase/writer/CouchbaseWriterTest.java","380","41","380","85"
"idDeserial",,"warning","Deserialization method called: com.google.gson.Gson.fromJson","/gobblin-modules/gobblin-couchbase/src/test/java/org/apache/gobblin/couchbase/writer/CouchbaseWriterTest.java","414","41","414","91"
"idDeserial",,"warning","Deserialization method called: com.google.gson.Gson.fromJson","/gobblin-modules/gobblin-kafka-common/src/main/java/org/apache/gobblin/source/extractor/extract/kafka/workunit/packer/KafkaTopicGroupingWorkUnitPacker.java","270","11","270","100"
"idDeserial",,"warning","Deserialization method called: com.google.gson.Gson.fromJson","/gobblin-runtime/src/main/java/org/apache/gobblin/runtime/TaskState.java","171","12","171","91"
"idDeserial",,"warning","Deserialization method called: java.io.ObjectInputStream.readObject","/gobblin-runtime/src/main/java/org/apache/gobblin/runtime/api/JobSpec.java","382","17","382","35"
"idDeserial",,"warning","Deserialization method called: java.io.ObjectInputStream.readObject","/gobblin-runtime/src/main/java/org/apache/gobblin/runtime/api/JobSpec.java","383","24","383","42"
"idDeserial",,"warning","Deserialization method called: java.io.ObjectInputStream.readObject","/gobblin-runtime/src/main/java/org/apache/gobblin/runtime/api/JobSpec.java","384","28","384","46"
"idDeserial",,"warning","Deserialization method called: java.io.ObjectInputStream.readObject","/gobblin-runtime/src/main/java/org/apache/gobblin/runtime/api/JobSpec.java","385","47","385","65"
"idDeserial",,"warning","Deserialization method called: java.io.ObjectInputStream.readObject","/gobblin-runtime/src/main/java/org/apache/gobblin/runtime/api/JobSpec.java","386","39","386","57"
