"idDeserial",,"warning","Deserialization method called: com.google.gson.Gson.fromJson","/10-task/dubbo-samples-benchmark/dubbo-samples-benchmark-consumer/src/test/java/org/apache/dubbo/benchmark/demo/test/ConsumerIT.java","96","29","96","71"
"idDeserial",,"warning","Deserialization method called: com.google.gson.Gson.fromJson","/10-task/dubbo-samples-benchmark/dubbo-samples-benchmark-consumer/src/test/java/org/apache/dubbo/benchmark/demo/test/ConsumerIT.java","97","30","97","76"
"idDeserial",,"warning","Deserialization method called: com.google.gson.Gson.fromJson","/2-advanced/dubbo-samples-service-discovery/dubbo-servicediscovery-migration/dubbo-servicediscovery-migration-consumer/src/test/java/org/apache/dubbo/demo/consumer/FrameworkStatusReporterImpl.java","31","28","31","71"
"idDeserial",,"warning","Deserialization method called: com.google.gson.Gson.fromJson","/3-extensions/serialization/dubbo-samples-protobuf-json/protobuf-json-serialization-demo/src/main/java/org/apache/dubbo/sample/protobuf/genericCall/GenericClient.java","67","51","67","115"
"idDeserial",,"warning","Deserialization method called: com.google.gson.Gson.fromJson","/4-governance/dubbo-samples-applevel-override/src/test/java/org/apache/dubbo/samples/governance/FrameworkStatusReporterImpl.java","32","28","32","71"
"idDeserial",,"warning","Deserialization method called: com.google.gson.Gson.fromJson","/4-governance/dubbo-samples-zipkin/src/test/java/org/apache/dubbo/samples/TraceIT.java","59","29","59","56"
"idDeserial",,"warning","Deserialization method called: com.google.gson.Gson.fromJson","/4-governance/dubbo-samples-zipkin/src/test/java/org/apache/dubbo/samples/TraceIT.java","71","30","71","60"
