"idDeserial",,"warning","Deserialization method called: com.fasterxml.jackson.databind.ObjectMapper.readValue","/modules/calcite/src/main/java/org/apache/ignite/internal/processors/query/calcite/externalize/RelJsonReader.java","92","37","92","65"
"idDeserial",,"warning","Deserialization method called: com.fasterxml.jackson.databind.ObjectMapper.readValue","/modules/clients/src/test/java/org/apache/ignite/common/ClientSizeCacheCreationDestructionTest.java","797","49","799","26"
"idDeserial",,"warning","Deserialization method called: com.fasterxml.jackson.databind.ObjectMapper.readValue","/modules/clients/src/test/java/org/apache/ignite/common/ClientSizeCacheCreationDestructionTest.java","1183","41","1185","18"
"idDeserial",,"warning","Deserialization method called: com.fasterxml.jackson.databind.ObjectMapper.readValue","/modules/clients/src/test/java/org/apache/ignite/common/ClientSizeCacheCreationDestructionTest.java","1207","41","1209","18"
"idDeserial",,"warning","Deserialization method called: com.fasterxml.jackson.databind.ObjectMapper.readValue","/modules/clients/src/test/java/org/apache/ignite/internal/client/rest/GridProbeCommandTest.java","66","23","68","18"
"idDeserial",,"warning","Deserialization method called: com.thoughtworks.xstream.XStream.fromXML","/modules/compatibility/src/test/java/org/apache/ignite/compatibility/testframework/junits/IgniteCompatibilityNodeRunner.java","223","40","223","68"
"idDeserial",,"warning","Deserialization method called: java.io.ObjectInputStream.readObject","/modules/core/src/main/java/org/apache/ignite/internal/cdc/CdcConsumerState.java","292","23","292","38"
"idDeserial",,"warning","Deserialization method called: java.io.ObjectInputStream.readObject","/modules/core/src/main/java/org/apache/ignite/internal/dto/IgniteDataTransferObjectInput.java","49","16","49","31"
"idDeserial",,"warning","Deserialization method called: java.io.ObjectInputStream.readObject","/modules/core/src/main/java/org/apache/ignite/internal/managers/communication/GridIoManager.java","2928","59","2928","73"
"idDeserial",,"warning","Deserialization method called: java.io.ObjectInputStream.readObject","/modules/core/src/main/java/org/apache/ignite/internal/marshaller/optimized/OptimizedMarshaller.java","251","23","251","40"
"idDeserial",,"warning","Deserialization method called: java.io.ObjectInputStream.readObject","/modules/core/src/main/java/org/apache/ignite/internal/marshaller/optimized/OptimizedMarshaller.java","285","23","285","40"
"idDeserial",,"warning","Deserialization method called: java.io.ObjectInputStream.readObject","/modules/core/src/main/java/org/apache/ignite/internal/marshaller/optimized/OptimizedObjectInputStream.java","337","59","337","70"
"idDeserial",,"warning","Deserialization method called: java.io.ObjectInputStream.readObject","/modules/core/src/main/java/org/apache/ignite/internal/marshaller/optimized/OptimizedObjectInputStream.java","403","25","403","36"
"idDeserial",,"warning","Deserialization method called: java.io.ObjectInputStream.readObject","/modules/core/src/main/java/org/apache/ignite/internal/marshaller/optimized/OptimizedObjectInputStream.java","430","63","430","74"
"idDeserial",,"warning","Deserialization method called: java.io.ObjectInputStream.readObject","/modules/core/src/main/java/org/apache/ignite/internal/marshaller/optimized/OptimizedObjectInputStream.java","524","41","524","52"
"idDeserial",,"warning","Deserialization method called: java.io.ObjectInputStream.readObject","/modules/core/src/main/java/org/apache/ignite/internal/marshaller/optimized/OptimizedObjectInputStream.java","647","22","647","33"
"idDeserial",,"warning","Deserialization method called: java.io.ObjectInputStream.readObject","/modules/core/src/main/java/org/apache/ignite/internal/marshaller/optimized/OptimizedObjectInputStream.java","670","26","670","37"
"idDeserial",,"warning","Deserialization method called: java.io.ObjectInputStream.readObject","/modules/core/src/main/java/org/apache/ignite/internal/marshaller/optimized/OptimizedObjectInputStream.java","671","33","671","44"
"idDeserial",,"warning","Deserialization method called: java.io.ObjectInputStream.readObject","/modules/core/src/main/java/org/apache/ignite/internal/marshaller/optimized/OptimizedObjectInputStream.java","717","22","717","33"
"idDeserial",,"warning","Deserialization method called: java.io.ObjectInputStream.readObject","/modules/core/src/main/java/org/apache/ignite/internal/marshaller/optimized/OptimizedObjectInputStream.java","741","26","741","37"
"idDeserial",,"warning","Deserialization method called: java.io.ObjectInputStream.readObject","/modules/core/src/main/java/org/apache/ignite/internal/marshaller/optimized/OptimizedObjectInputStream.java","742","33","742","44"
"idDeserial",,"warning","Deserialization method called: java.io.ObjectInputStream.readObject","/modules/core/src/main/java/org/apache/ignite/internal/marshaller/optimized/OptimizedObjectInputStream.java","1007","16","1007","27"
"idDeserial",,"warning","Deserialization method called: java.io.ObjectInputStream.readObject","/modules/core/src/main/java/org/apache/ignite/internal/marshaller/optimized/OptimizedObjectInputStream.java","1192","31","1192","45"
"idDeserial",,"warning","Deserialization method called: java.io.ObjectInputStream.readObject","/modules/core/src/main/java/org/apache/ignite/internal/processors/cache/GridLocalConfigManager.java","220","45","220","64"
"idDeserial",,"warning","Deserialization method called: java.io.ObjectInputStream.readObject","/modules/core/src/main/java/org/apache/ignite/internal/util/GridStringBuilder.java","493","31","493","44"
"idDeserial",,"warning","Deserialization method called: java.io.ObjectInputStream.readObject","/modules/core/src/main/java/org/apache/ignite/internal/util/IgniteUtils.java","11078","23","11078","38"
"idDeserial",,"warning","Deserialization method called: java.io.ObjectInputStream.readObject","/modules/core/src/main/java/org/apache/ignite/internal/visor/VisorDataTransferObjectInput.java","51","16","51","31"
"idDeserial",,"warning","Deserialization method called: java.io.ObjectInputStream.readObject","/modules/core/src/main/java/org/apache/ignite/marshaller/jdk/JdkMarshaller.java","124","23","124","40"
"idDeserial",,"warning","Deserialization method called: java.io.ObjectInputStream.readObject","/modules/core/src/main/java/org/jsr166/ConcurrentHashMap8.java","46","22","46","35"
"idDeserial",,"warning","Deserialization method called: java.io.ObjectInputStream.readObject","/modules/core/src/main/java/org/jsr166/ConcurrentHashMap8.java","47","22","47","35"
"idDeserial",,"warning","Deserialization method called: java.io.ObjectInputStream.readObject","/modules/core/src/main/java/org/jsr166/ConcurrentLinkedDeque8.java","1661","24","1661","37"
"idDeserial",,"warning","Deserialization method called: java.io.ObjectInputStream.readObject","/modules/core/src/test/java/org/apache/ignite/GridTestIoUtils.java","90","23","90","37"
"idDeserial",,"warning","Deserialization method called: java.io.ObjectInputStream.readObject","/modules/core/src/test/java/org/apache/ignite/GridTestIoUtils.java","118","23","118","37"
"idDeserial",,"warning","Deserialization method called: java.io.ObjectInputStream.readObject","/modules/core/src/test/java/org/apache/ignite/internal/managers/discovery/IncompleteDeserializationExceptionTest.java","56","13","56","27"
"idDeserial",,"warning","Deserialization method called: java.io.ObjectInputStream.readObject","/modules/core/src/test/java/org/apache/ignite/internal/marshaller/optimized/OptimizedMarshallerSerialPersistentFieldsSelfTest.java","78","13","78","26"
"idDeserial",,"warning","Deserialization method called: java.io.ObjectInputStream.readObject","/modules/core/src/test/java/org/apache/ignite/internal/marshaller/optimized/OptimizedMarshallerSerialPersistentFieldsSelfTest.java","114","13","114","26"
"idDeserial",,"warning","Deserialization method called: java.io.ObjectInputStream.readObject","/modules/core/src/test/java/org/apache/ignite/internal/marshaller/optimized/OptimizedObjectStreamSelfTest.java","1199","27","1199","41"
"idDeserial",,"warning","Deserialization method called: java.io.ObjectInputStream.readObject","/modules/core/src/test/java/org/apache/ignite/internal/marshaller/optimized/OptimizedObjectStreamSelfTest.java","1797","28","1797","42"
"idDeserial",,"warning","Deserialization method called: java.io.ObjectInputStream.readObject","/modules/core/src/test/java/org/apache/ignite/internal/marshaller/optimized/OptimizedObjectStreamSelfTest.java","2325","43","2325","57"
"idDeserial",,"warning","Deserialization method called: java.io.ObjectInputStream.readObject","/modules/core/src/test/java/org/apache/ignite/internal/marshaller/optimized/OptimizedObjectStreamSelfTest.java","2329","43","2329","57"
"idDeserial",,"warning","Deserialization method called: java.io.ObjectInputStream.readObject","/modules/core/src/test/java/org/apache/ignite/internal/processors/affinity/GridAffinityAssignmentV2Test.java","225","75","225","98"
"idDeserial",,"warning","Deserialization method called: java.io.ObjectInputStream.readObject","/modules/core/src/test/java/org/apache/ignite/internal/processors/cache/CacheFutureExceptionSelfTest.java","143","13","143","27"
"idDeserial",,"warning","Deserialization method called: java.io.ObjectInputStream.readObject","/modules/core/src/test/java/org/apache/ignite/internal/processors/cache/H2CacheStoreStrategy.java","480","28","480","41"
"idDeserial",,"warning","Deserialization method called: java.io.ObjectInputStream.readObject","/modules/core/src/test/java/org/apache/ignite/internal/processors/service/ServiceInfoSelfTest.java","116","45","116","59"
"idDeserial",,"warning","Deserialization method called: java.io.ObjectInputStream.readObject","/modules/core/src/test/java/org/apache/ignite/internal/util/IgniteUtilsSelfTest.java","349","9","349","23"
"idDeserial",,"warning","Deserialization method called: java.io.ObjectInputStream.readObject","/modules/core/src/test/java/org/apache/ignite/lang/IgniteUuidSelfTest.java","234","23","234","37"
"idDeserial",,"warning","Deserialization method called: java.io.ObjectInputStream.readObject","/modules/core/src/test/java/org/apache/ignite/marshaller/GridMarshallerPerformanceTest.java","101","40","101","57"
"idDeserial",,"warning","Deserialization method called: java.io.ObjectInputStream.readObject","/modules/core/src/test/java/org/apache/ignite/testframework/junits/IgniteConfigVariationsAbstractTest.java","577","30","577","44"
"idDeserial",,"warning","Deserialization method called: java.io.ObjectInputStream.readObject","/modules/core/src/test/java/org/apache/ignite/testframework/junits/IgniteConfigVariationsAbstractTest.java","578","33","578","47"
"idDeserial",,"warning","Deserialization method called: com.thoughtworks.xstream.XStream.fromXML","/modules/core/src/test/java/org/apache/ignite/testframework/junits/multijvm/IgniteNodeRunner.java","149","60","149","91"
"idDeserial",,"warning","Deserialization method called: java.io.ObjectInputStream.readObject","/modules/core/src/test/java/org/apache/ignite/util/GridTransientTest.java","67","56","67","73"
"idDeserial",,"warning","Deserialization method called: java.io.ObjectInputStream.readObject","/modules/indexing/src/test/java/org/apache/ignite/cache/query/IndexQueryAllTypesTest.java","787","32","787","46"
"idDeserial",,"warning","Deserialization method called: com.fasterxml.jackson.databind.ObjectMapper.readValue","/modules/kubernetes/src/main/java/org/apache/ignite/internal/kubernetes/connection/KubernetesServiceAddressResolver.java","111","35","111","90"
"idDeserial",,"warning","Deserialization method called: com.fasterxml.jackson.databind.ObjectMapper.readValue","/modules/rest-http/src/main/java/org/apache/ignite/internal/processors/rest/protocols/http/jetty/GridJettyRestHandler.java","1159","28","1159","57"
"idDeserial",,"warning","Deserialization method called: com.fasterxml.jackson.databind.ObjectMapper.readValue","/modules/rest-http/src/test/java/org/apache/ignite/internal/processors/rest/protocols/http/jetty/RestProcessorAuthorizationTest.java","200","16","200","90"
"idDeserial",,"warning","Deserialization method called: com.fasterxml.jackson.databind.ObjectMapper.readValue","/modules/rest-http/src/test/java/org/apache/ignite/internal/processors/rest/protocols/http/jetty/RestSetupSimpleTest.java","63","41","65","18"
