"idDeserial",,"warning","Deserialization method called: java.io.ObjectInputStream.readObject","/integration_tests/graalvm_tests/src/main/java/org/apache/fury/graalvm/Benchmark.java","66","14","66","43"
"idDeserial",,"warning","Deserialization method called: com.esotericsoftware.kryo.Kryo.readClassAndObject","/java/benchmark/src/main/java/org/apache/fury/benchmark/IntsDeserializationSuite.java","41","12","41","53"
"idDeserial",,"warning","Deserialization method called: com.esotericsoftware.kryo.Kryo.readClassAndObject","/java/benchmark/src/main/java/org/apache/fury/benchmark/LongStringDeserializationSuite.java","40","12","40","53"
"idDeserial",,"warning","Deserialization method called: com.esotericsoftware.kryo.Kryo.readClassAndObject","/java/benchmark/src/main/java/org/apache/fury/benchmark/LongsDeserializationSuite.java","36","12","36","53"
"idDeserial",,"warning","Deserialization method called: com.esotericsoftware.kryo.Kryo.readClassAndObject","/java/benchmark/src/main/java/org/apache/fury/benchmark/StringDeserializationSuite.java","40","12","40","53"
"idDeserial",,"warning","Deserialization method called: com.esotericsoftware.kryo.Kryo.readClassAndObject","/java/benchmark/src/main/java/org/apache/fury/benchmark/UserTypeDeserializeSuite.java","49","12","49","53"
"idDeserial",,"warning","Deserialization method called: com.esotericsoftware.kryo.Kryo.readClassAndObject","/java/benchmark/src/main/java/org/apache/fury/benchmark/UserTypeDeserializeSuite.java","56","12","56","53"
"idDeserial",,"warning","Deserialization method called: com.esotericsoftware.kryo.Kryo.readClassAndObject","/java/benchmark/src/main/java/org/apache/fury/benchmark/ZeroCopySuite.java","229","23","229","52"
"idDeserial",,"warning","Deserialization method called: com.esotericsoftware.kryo.Kryo.readClassAndObject","/java/benchmark/src/main/java/org/apache/fury/benchmark/ZeroCopySuite.java","244","12","244","53"
"idDeserial",,"warning","Deserialization method called: java.io.ObjectInputStream.readObject","/java/benchmark/src/main/java/org/apache/fury/benchmark/state/JDKState.java","129","14","129","43"
"idDeserial",,"warning","Deserialization method called: com.esotericsoftware.kryo.Kryo.readClassAndObject","/java/benchmark/src/main/java/org/apache/fury/benchmark/state/KryoState.java","147","49","147","78"
"idDeserial",,"warning","Deserialization method called: java.io.ObjectInputStream.readObject","/java/fury-core/src/main/java/org/apache/fury/serializer/JavaSerializer.java","99","14","99","43"
"idDeserial",,"warning","Deserialization method called: java.io.ObjectInputStream.readObject","/java/fury-core/src/test/java/org/apache/fury/FuryTestBase.java","291","14","291","43"
"idDeserial",,"warning","Deserialization method called: com.esotericsoftware.kryo.Kryo.readClassAndObject","/java/fury-core/src/test/java/org/apache/fury/serializer/ForwardSerializerTest.java","85","24","85","59"
"idDeserial",,"warning","Deserialization method called: java.io.ObjectInputStream.readObject","/java/fury-core/src/test/java/org/apache/fury/serializer/ObjectStreamSerializerTest.java","74","24","74","37"
"idDeserial",,"warning","Deserialization method called: java.io.ObjectInputStream.readObject","/java/fury-testsuite/src/test/java/org/apache/fury/benchmark/DeserializationBenchmark.java","216","18","216","47"
"idDeserial",,"warning","Deserialization method called: java.io.ObjectInputStream.readObject","/java/fury-testsuite/src/test/java/org/apache/fury/benchmark/DeserializationBenchmark.java","225","18","225","47"
