"idDeserial",,"warning","Deserialization method called: java.io.ObjectInputStream.readObject","/lucene/analysis/smartcn/src/java/org/apache/lucene/analysis/cn/smart/hhmm/BigramDictionary.java","93","34","93","51"
"idDeserial",,"warning","Deserialization method called: java.io.ObjectInputStream.readObject","/lucene/analysis/smartcn/src/java/org/apache/lucene/analysis/cn/smart/hhmm/BigramDictionary.java","94","32","94","49"
"idDeserial",,"warning","Deserialization method called: java.io.ObjectInputStream.readObject","/lucene/analysis/smartcn/src/java/org/apache/lucene/analysis/cn/smart/hhmm/WordDictionary.java","153","34","153","51"
"idDeserial",,"warning","Deserialization method called: java.io.ObjectInputStream.readObject","/lucene/analysis/smartcn/src/java/org/apache/lucene/analysis/cn/smart/hhmm/WordDictionary.java","154","33","154","50"
"idDeserial",,"warning","Deserialization method called: java.io.ObjectInputStream.readObject","/lucene/analysis/smartcn/src/java/org/apache/lucene/analysis/cn/smart/hhmm/WordDictionary.java","155","46","155","63"
"idDeserial",,"warning","Deserialization method called: java.io.ObjectInputStream.readObject","/lucene/analysis/smartcn/src/java/org/apache/lucene/analysis/cn/smart/hhmm/WordDictionary.java","156","43","156","60"
"idDeserial",,"warning","Deserialization method called: java.io.ObjectInputStream.readObject","/lucene/facet/src/java/org/apache/lucene/facet/taxonomy/writercache/CharBlockArray.java","210","43","210","58"
