"idDeserial",,"warning","Deserialization method called: com.fasterxml.jackson.databind.ObjectMapper.readValue","/core/src/main/java/org/apache/calcite/model/ModelHandler.java","101","14","101","53"
"idDeserial",,"warning","Deserialization method called: com.fasterxml.jackson.databind.ObjectMapper.readValue","/core/src/main/java/org/apache/calcite/model/ModelHandler.java","104","14","104","60"
"idDeserial",,"warning","Deserialization method called: com.fasterxml.jackson.databind.ObjectMapper.readValue","/core/src/main/java/org/apache/calcite/rel/externalize/RelJson.java","941","20","941","63"
"idDeserial",,"warning","Deserialization method called: com.fasterxml.jackson.databind.ObjectMapper.readValue","/core/src/main/java/org/apache/calcite/rel/externalize/RelJsonReader.java","94","29","96","31"
"idDeserial",,"warning","Deserialization method called: com.fasterxml.jackson.databind.ObjectMapper.readValue","/core/src/main/java/org/apache/calcite/rel/externalize/RelJsonReader.java","108","29","110","31"
"idDeserial",,"warning","Deserialization method called: com.fasterxml.jackson.databind.ObjectMapper.readValue","/core/src/main/java/org/apache/calcite/rel/externalize/RelJsonReader.java","119","29","121","31"
"idDeserial",,"warning","Deserialization method called: java.io.ObjectInputStream.readObject","/core/src/main/java/org/apache/calcite/util/SerializableCharset.java","73","28","73","42"
"idDeserial",,"warning","Deserialization method called: com.fasterxml.jackson.databind.ObjectMapper.readValue","/core/src/test/java/org/apache/calcite/plan/RelWriterTest.java","783","11","785","35"
"idDeserial",,"warning","Deserialization method called: com.fasterxml.jackson.databind.ObjectMapper.readValue","/core/src/test/java/org/apache/calcite/test/FoodMartQuerySet.java","44","25","44","73"
"idDeserial",,"warning","Deserialization method called: com.fasterxml.jackson.databind.ObjectMapper.readValue","/core/src/test/java/org/apache/calcite/test/LintTest.java","404","9","404","52"
"idDeserial",,"warning","Deserialization method called: com.fasterxml.jackson.databind.ObjectMapper.readValue","/core/src/test/java/org/apache/calcite/test/ModelTest.java","99","21","99","58"
"idDeserial",,"warning","Deserialization method called: com.fasterxml.jackson.databind.ObjectMapper.readValue","/core/src/test/java/org/apache/calcite/test/ModelTest.java","135","21","135","58"
"idDeserial",,"warning","Deserialization method called: com.fasterxml.jackson.databind.ObjectMapper.readValue","/core/src/test/java/org/apache/calcite/test/ModelTest.java","145","21","166","23"
"idDeserial",,"warning","Deserialization method called: com.fasterxml.jackson.databind.ObjectMapper.readValue","/core/src/test/java/org/apache/calcite/test/ModelTest.java","253","21","301","23"
"idDeserial",,"warning","Deserialization method called: com.fasterxml.jackson.databind.ObjectMapper.readValue","/core/src/test/java/org/apache/calcite/test/ModelTest.java","327","21","342","23"
"idDeserial",,"warning","Deserialization method called: com.fasterxml.jackson.databind.ObjectMapper.readValue","/druid/src/main/java/org/apache/calcite/adapter/druid/DruidConnectionImpl.java","590","46","590","75"
"idDeserial",,"warning","Deserialization method called: com.fasterxml.jackson.databind.ObjectMapper.readValue","/druid/src/main/java/org/apache/calcite/adapter/druid/DruidConnectionImpl.java","648","33","648","62"
"idDeserial",,"warning","Deserialization method called: com.fasterxml.jackson.databind.ObjectMapper.readValue","/elasticsearch/src/main/java/org/apache/calcite/adapter/elasticsearch/ElasticsearchSchemaFactory.java","138","13","139","54"
"idDeserial",,"warning","Deserialization method called: com.fasterxml.jackson.databind.ObjectMapper.readValue","/elasticsearch/src/main/java/org/apache/calcite/adapter/elasticsearch/ElasticsearchSchemaFactory.java","147","17","148","66"
"idDeserial",,"warning","Deserialization method called: com.fasterxml.jackson.databind.ObjectMapper.readValue","/elasticsearch/src/main/java/org/apache/calcite/adapter/elasticsearch/ElasticsearchTransport.java","245","16","245","42"
"idDeserial",,"warning","Deserialization method called: com.fasterxml.jackson.databind.ObjectMapper.readValue","/elasticsearch/src/test/java/org/apache/calcite/adapter/elasticsearch/ElasticsearchJsonTest.java","58","40","58","99"
"idDeserial",,"warning","Deserialization method called: com.fasterxml.jackson.databind.ObjectMapper.readValue","/elasticsearch/src/test/java/org/apache/calcite/adapter/elasticsearch/ElasticsearchJsonTest.java","67","40","67","99"
"idDeserial",,"warning","Deserialization method called: com.fasterxml.jackson.databind.ObjectMapper.readValue","/elasticsearch/src/test/java/org/apache/calcite/adapter/elasticsearch/ElasticsearchJsonTest.java","83","40","83","99"
"idDeserial",,"warning","Deserialization method called: com.fasterxml.jackson.databind.ObjectMapper.readValue","/elasticsearch/src/test/java/org/apache/calcite/adapter/elasticsearch/ElasticsearchJsonTest.java","96","40","96","99"
"idDeserial",,"warning","Deserialization method called: com.fasterxml.jackson.databind.ObjectMapper.readValue","/elasticsearch/src/test/java/org/apache/calcite/adapter/elasticsearch/ElasticsearchJsonTest.java","107","40","107","99"
"idDeserial",,"warning","Deserialization method called: com.fasterxml.jackson.databind.ObjectMapper.readValue","/elasticsearch/src/test/java/org/apache/calcite/adapter/elasticsearch/ElasticsearchJsonTest.java","127","9","127","68"
"idDeserial",,"warning","Deserialization method called: com.fasterxml.jackson.databind.ObjectMapper.readValue","/elasticsearch/src/test/java/org/apache/calcite/adapter/elasticsearch/ElasticsearchJsonTest.java","156","40","156","99"
"idDeserial",,"warning","Deserialization method called: com.fasterxml.jackson.databind.ObjectMapper.readValue","/elasticsearch/src/test/java/org/apache/calcite/adapter/elasticsearch/ElasticsearchJsonTest.java","189","26","193","33"
"idDeserial",,"warning","Deserialization method called: com.fasterxml.jackson.databind.ObjectMapper.readValue","/elasticsearch/src/test/java/org/apache/calcite/adapter/elasticsearch/ElasticsearchJsonTest.java","210","9","213","38"
"idDeserial",,"warning","Deserialization method called: com.fasterxml.jackson.databind.ObjectMapper.readValue","/elasticsearch/src/test/java/org/apache/calcite/adapter/elasticsearch/ScrollingTest.java","110","31","110","75"
"idDeserial",,"warning","Deserialization method called: com.fasterxml.jackson.databind.ObjectMapper.readValue","/file/src/main/java/org/apache/calcite/adapter/file/JsonEnumerator.java","76","19","76","69"
"idDeserial",,"warning","Deserialization method called: com.fasterxml.jackson.databind.ObjectMapper.readValue","/file/src/main/java/org/apache/calcite/adapter/file/JsonEnumerator.java","79","19","79","68"
"idDeserial",,"warning","Deserialization method called: com.fasterxml.jackson.databind.ObjectMapper.readValue","/file/src/main/java/org/apache/calcite/adapter/file/JsonEnumerator.java","81","19","81","71"
"idDeserial",,"warning","Deserialization method called: com.fasterxml.jackson.databind.ObjectMapper.readValue","/geode/src/test/java/org/apache/calcite/adapter/geode/rel/JsonLoader.java","59","39","59","71"
