"idDeserial",,"warning","Deserialization method called: java.io.ObjectInputStream.readObject","/lang/java/avro/src/test/java/org/apache/avro/TestSchema.java","225","30","225","45"
"idDeserial",,"warning","Deserialization method called: java.io.ObjectInputStream.readObject","/lang/java/avro/src/test/java/org/apache/avro/specific/TestSpecificData.java","162","37","162","51"
"idDeserial",,"warning","Deserialization method called: java.io.ObjectInputStream.readObject","/lang/java/avro/src/test/java/org/apache/avro/util/TestUtf8.java","137","20","137","35"
"idDeserial",,"warning","Deserialization method called: java.io.ObjectInputStream.readObject","/lang/java/avro/src/test/java/org/apache/avro/util/TestUtf8.java","138","20","138","35"
"idDeserial",,"warning","Deserialization method called: java.io.ObjectInputStream.readObject","/lang/java/avro/src/test/java/org/apache/avro/util/TestUtf8.java","139","20","139","35"
"idDeserial",,"warning","Deserialization method called: java.io.ObjectInputStream.readObject","/lang/java/ipc/src/test/java/org/apache/avro/specific/TestSpecificData.java","141","37","141","51"
