"idDeserial",,"warning","Deserialization method called: com.fasterxml.jackson.databind.ObjectMapper.readValue","/parquet-cli/src/main/java/org/apache/parquet/cli/json/AvroJson.java","82","14","82","47"
"idDeserial",,"warning","Deserialization method called: com.fasterxml.jackson.databind.ObjectMapper.readValue","/parquet-cli/src/main/java/org/apache/parquet/cli/json/AvroJson.java","96","14","96","47"
"idDeserial",,"warning","Deserialization method called: com.fasterxml.jackson.databind.ObjectMapper.readValue","/parquet-cli/src/main/java/org/apache/parquet/cli/util/RawUtils.java","73","18","73","53"
"idDeserial",,"warning","Deserialization method called: java.io.ObjectInputStream.readObject","/parquet-column/src/test/java/org/apache/parquet/filter2/predicate/TestFilterApiMethods.java","125","46","125","60"
"idDeserial",,"warning","Deserialization method called: java.io.ObjectInputStream.readObject","/parquet-column/src/test/java/org/apache/parquet/io/api/TestBinary.java","236","21","236","35"
"idDeserial",,"warning","Deserialization method called: com.fasterxml.jackson.databind.ObjectMapper.readValue","/parquet-hadoop/src/main/java/org/apache/parquet/crypto/keytools/HadoopFSKeyMaterialStore.java","79","11","79","105"
"idDeserial",,"warning","Deserialization method called: com.fasterxml.jackson.databind.ObjectMapper.readValue","/parquet-hadoop/src/main/java/org/apache/parquet/crypto/keytools/KeyMaterial.java","102","25","103","91"
"idDeserial",,"warning","Deserialization method called: com.fasterxml.jackson.databind.ObjectMapper.readValue","/parquet-hadoop/src/main/java/org/apache/parquet/crypto/keytools/KeyMetadata.java","70","25","71","91"
"idDeserial",,"warning","Deserialization method called: com.fasterxml.jackson.databind.ObjectMapper.readValue","/parquet-hadoop/src/main/java/org/apache/parquet/crypto/keytools/LocalWrapKmsClient.java","94","22","95","86"
"idDeserial",,"warning","Deserialization method called: com.fasterxml.jackson.databind.ObjectMapper.readValue","/parquet-hadoop/src/main/java/org/apache/parquet/hadoop/metadata/ParquetMetadata.java","78","14","78","82"
"idDeserial",,"warning","Deserialization method called: java.io.ObjectInputStream.readObject","/parquet-hadoop/src/main/java/org/apache/parquet/hadoop/util/SerializationUtil.java","98","18","98","33"
"idDeserial",,"warning","Deserialization method called: com.fasterxml.jackson.databind.ObjectMapper.readValue","/parquet-pig/src/main/java/org/apache/parquet/pig/summary/SummaryData.java","66","14","66","66"
"idDeserial",,"warning","Deserialization method called: com.fasterxml.jackson.databind.ObjectMapper.readValue","/parquet-thrift/src/main/java/org/apache/parquet/thrift/struct/CompatibilityRunner.java","63","39","63","96"
"idDeserial",,"warning","Deserialization method called: com.fasterxml.jackson.databind.ObjectMapper.readValue","/parquet-thrift/src/main/java/org/apache/parquet/thrift/struct/CompatibilityRunner.java","64","39","64","96"
"idDeserial",,"warning","Deserialization method called: com.fasterxml.jackson.databind.ObjectMapper.readValue","/parquet-thrift/src/main/java/org/apache/parquet/thrift/struct/JSON.java","36","14","36","37"
