"idDeserial",,"warning","Deserialization method called: com.fasterxml.jackson.databind.ObjectMapper.readValue","/c2/c2-client-bundle/c2-client-base/src/main/java/org/apache/nifi/c2/serializer/C2JacksonSerializer.java","73","30","73","71"
"idDeserial",,"warning","Deserialization method called: com.fasterxml.jackson.databind.ObjectMapper.readValue","/minifi/minifi-bootstrap/src/main/java/org/apache/nifi/minifi/bootstrap/service/MiNiFiCommandSender.java","117","24","117","57"
"idDeserial",,"warning","Deserialization method called: com.fasterxml.jackson.databind.ObjectMapper.readValue","/minifi/minifi-commons/minifi-commons-framework/src/main/java/org/apache/nifi/minifi/commons/service/StandardFlowSerDeService.java","67","20","67","72"
"idDeserial",,"warning","Deserialization method called: com.fasterxml.jackson.databind.ObjectMapper.readValue","/minifi/minifi-commons/minifi-commons-framework/src/test/java/org/apache/nifi/minifi/commons/service/StandardFlowEnrichServiceTest.java","169","20","169","72"
"idDeserial",,"warning","Deserialization method called: java.io.ObjectInputStream.readObject","/minifi/minifi-commons/minifi-flow-status-report/src/test/java/org/apache/nifi/minifi/commons/status/StatusReportTest.java","85","20","85","35"
"idDeserial",,"warning","Deserialization method called: com.fasterxml.jackson.databind.ObjectMapper.readValue","/minifi/minifi-nar-bundles/minifi-framework-bundle/minifi-framework/minifi-framework-core/src/main/java/org/apache/nifi/minifi/c2/FileBasedOperationQueueDAO.java","58","49","58","117"
"idDeserial",,"warning","Deserialization method called: com.fasterxml.jackson.databind.ObjectMapper.readValue","/minifi/minifi-nar-bundles/minifi-framework-bundle/minifi-framework/minifi-framework-core/src/test/java/org/apache/nifi/minifi/c2/FileBasedOperationQueueDAOTest.java","88","9","88","111"
"idDeserial",,"warning","Deserialization method called: com.fasterxml.jackson.databind.ObjectMapper.readValue","/minifi/minifi-nar-bundles/minifi-framework-bundle/minifi-framework/minifi-framework-core/src/test/java/org/apache/nifi/minifi/c2/FileBasedOperationQueueDAOTest.java","98","14","98","78"
"idDeserial",,"warning","Deserialization method called: com.fasterxml.jackson.databind.ObjectMapper.readValue","/minifi/minifi-toolkit/minifi-toolkit-configuration/src/main/java/org/apache/nifi/minifi/toolkit/configuration/json/TransformNifiCommandFactory.java","86","20","86","84"
"idDeserial",,"warning","Deserialization method called: org.yaml.snakeyaml.Yaml.load","/minifi/minifi-toolkit/minifi-toolkit-schema/src/main/java/org/apache/nifi/minifi/toolkit/schema/serialization/SchemaLoader.java","57","41","57","63"
"idDeserial",,"warning","Deserialization method called: com.fasterxml.jackson.databind.ObjectMapper.readValue","/nifi-commons/nifi-json-utils/src/main/java/org/apache/nifi/processor/util/JsonValidator.java","40","13","40","40"
"idDeserial",,"warning","Deserialization method called: com.fasterxml.jackson.databind.ObjectMapper.readValue","/nifi-commons/nifi-record-path/src/main/java/org/apache/nifi/record/path/functions/UnescapeJson.java","94","45","94","95"
"idDeserial",,"warning","Deserialization method called: com.fasterxml.jackson.databind.ObjectMapper.readValue","/nifi-commons/nifi-record-path/src/main/java/org/apache/nifi/record/path/functions/UnescapeJson.java","100","28","100","83"
"idDeserial",,"warning","Deserialization method called: com.fasterxml.jackson.databind.ObjectMapper.readValue","/nifi-commons/nifi-record-path/src/main/java/org/apache/nifi/record/path/functions/UnescapeJson.java","107","35","107","88"
"idDeserial",,"warning","Deserialization method called: java.io.ObjectInputStream.readObject","/nifi-commons/nifi-repository-encryption/src/main/java/org/apache/nifi/repository/encryption/metadata/serialization/RecordMetadataObjectInputStream.java","47","37","47","48"
"idDeserial",,"warning","Deserialization method called: com.fasterxml.jackson.databind.ObjectMapper.readValue","/nifi-commons/nifi-site-to-site-client/src/main/java/org/apache/nifi/remote/util/SiteToSiteRestApiClient.java","1063","20","1063","83"
"idDeserial",,"warning","Deserialization method called: com.fasterxml.jackson.databind.ObjectMapper.readValue","/nifi-commons/nifi-site-to-site-client/src/main/java/org/apache/nifi/remote/util/SiteToSiteRestApiClient.java","1215","20","1215","65"
"idDeserial",,"warning","Deserialization method called: java.io.ObjectInputStream.readObject","/nifi-extension-bundles/nifi-asana-bundle/nifi-asana-processors/src/main/java/org/apache/nifi/processors/asana/GenericObjectSerDe.java","40","28","40","57"
"idDeserial",,"warning","Deserialization method called: com.google.gson.Gson.fromJson","/nifi-extension-bundles/nifi-asana-bundle/nifi-asana-processors/src/main/java/org/apache/nifi/processors/asana/utils/GenericAsanaObjectFetcher.java","85","36","85","138"
"idDeserial",,"warning","Deserialization method called: com.fasterxml.jackson.databind.ObjectMapper.readValue","/nifi-extension-bundles/nifi-aws-bundle/nifi-aws-abstract-processors/src/main/java/org/apache/nifi/processors/aws/ml/AbstractAwsMachineLearningJobStarter.java","138","20","138","121"
"idDeserial",,"warning","Deserialization method called: com.fasterxml.jackson.databind.ObjectMapper.readValue","/nifi-extension-bundles/nifi-aws-bundle/nifi-aws-processors/src/test/java/org/apache/nifi/processors/aws/ml/polly/StartAwsPollyJobTest.java","160","16","160","112"
"idDeserial",,"warning","Deserialization method called: com.fasterxml.jackson.databind.ObjectMapper.readValue","/nifi-extension-bundles/nifi-aws-bundle/nifi-aws-processors/src/test/java/org/apache/nifi/processors/aws/ml/transcribe/StartAwsTranscribeJobTest.java","156","16","156","109"
"idDeserial",,"warning","Deserialization method called: com.fasterxml.jackson.databind.ObjectMapper.readValue","/nifi-extension-bundles/nifi-aws-bundle/nifi-aws-processors/src/test/java/org/apache/nifi/processors/aws/ml/textract/StartAwsTextractJobStatusTest.java","320","16","320","114"
"idDeserial",,"warning","Deserialization method called: com.fasterxml.jackson.databind.ObjectMapper.readValue","/nifi-extension-bundles/nifi-aws-bundle/nifi-aws-processors/src/test/java/org/apache/nifi/processors/aws/ml/textract/StartAwsTextractJobStatusTest.java","324","16","324","109"
"idDeserial",,"warning","Deserialization method called: com.fasterxml.jackson.databind.ObjectMapper.readValue","/nifi-extension-bundles/nifi-aws-bundle/nifi-aws-processors/src/test/java/org/apache/nifi/processors/aws/ml/textract/StartAwsTextractJobStatusTest.java","328","16","328","108"
"idDeserial",,"warning","Deserialization method called: com.fasterxml.jackson.databind.ObjectMapper.readValue","/nifi-extension-bundles/nifi-aws-bundle/nifi-aws-processors/src/test/java/org/apache/nifi/processors/aws/ml/translate/StartAwsTranslateJobTest.java","156","16","156","111"
"idDeserial",,"warning","Deserialization method called: com.google.gson.Gson.fromJson","/nifi-extension-bundles/nifi-azure-bundle/nifi-azure-reporting-task/src/test/java/org/apache/nifi/reporting/azure/loganalytics/TestAzureLogAnalyticsProvenanceReportingTask.java","57","35","57","91"
"idDeserial",,"warning","Deserialization method called: com.google.gson.Gson.fromJson","/nifi-extension-bundles/nifi-azure-bundle/nifi-azure-reporting-task/src/test/java/org/apache/nifi/reporting/azure/loganalytics/TestAzureLogAnalyticsProvenanceReportingTask.java","73","35","73","91"
"idDeserial",,"warning","Deserialization method called: com.google.gson.Gson.fromJson","/nifi-extension-bundles/nifi-azure-bundle/nifi-azure-reporting-task/src/test/java/org/apache/nifi/reporting/azure/loganalytics/TestAzureLogAnalyticsProvenanceReportingTask.java","89","35","89","91"
"idDeserial",,"warning","Deserialization method called: com.fasterxml.jackson.databind.ObjectMapper.readValue","/nifi-extension-bundles/nifi-cdc/nifi-cdc-mysql-bundle/nifi-cdc-mysql-processors/src/test/java/org/apache/nifi/cdc/mysql/processors/CaptureChangeMySQLTest.java","288","36","288","95"
"idDeserial",,"warning","Deserialization method called: com.fasterxml.jackson.databind.ObjectMapper.readValue","/nifi-extension-bundles/nifi-cdc/nifi-cdc-mysql-bundle/nifi-cdc-mysql-processors/src/test/java/org/apache/nifi/cdc/mysql/processors/CaptureChangeMySQLTest.java","490","50","490","122"
"idDeserial",,"warning","Deserialization method called: com.fasterxml.jackson.databind.ObjectMapper.readValue","/nifi-extension-bundles/nifi-cdc/nifi-cdc-mysql-bundle/nifi-cdc-mysql-processors/src/test/java/org/apache/nifi/cdc/mysql/processors/CaptureChangeMySQLTest.java","770","42","770","103"
"idDeserial",,"warning","Deserialization method called: com.fasterxml.jackson.databind.ObjectMapper.readValue","/nifi-extension-bundles/nifi-cdc/nifi-cdc-mysql-bundle/nifi-cdc-mysql-processors/src/test/java/org/apache/nifi/cdc/mysql/processors/CaptureChangeMySQLTest.java","776","16","776","77"
"idDeserial",,"warning","Deserialization method called: com.fasterxml.jackson.databind.ObjectMapper.readValue","/nifi-extension-bundles/nifi-cdc/nifi-cdc-mysql-bundle/nifi-cdc-mysql-processors/src/test/java/org/apache/nifi/cdc/mysql/processors/CaptureChangeMySQLTest.java","781","16","781","77"
"idDeserial",,"warning","Deserialization method called: com.fasterxml.jackson.databind.ObjectMapper.readValue","/nifi-extension-bundles/nifi-cdc/nifi-cdc-mysql-bundle/nifi-cdc-mysql-processors/src/test/java/org/apache/nifi/cdc/mysql/processors/CaptureChangeMySQLTest.java","870","42","870","103"
"idDeserial",,"warning","Deserialization method called: com.fasterxml.jackson.databind.ObjectMapper.readValue","/nifi-extension-bundles/nifi-cdc/nifi-cdc-mysql-bundle/nifi-cdc-mysql-processors/src/test/java/org/apache/nifi/cdc/mysql/processors/CaptureChangeMySQLTest.java","877","16","877","77"
"idDeserial",,"warning","Deserialization method called: com.fasterxml.jackson.databind.ObjectMapper.readValue","/nifi-extension-bundles/nifi-cdc/nifi-cdc-mysql-bundle/nifi-cdc-mysql-processors/src/test/java/org/apache/nifi/cdc/mysql/processors/CaptureChangeMySQLTest.java","942","40","942","90"
"idDeserial",,"warning","Deserialization method called: com.fasterxml.jackson.databind.ObjectMapper.readValue","/nifi-extension-bundles/nifi-elasticsearch-bundle/nifi-elasticsearch-client-service/src/main/java/org/apache/nifi/elasticsearch/ElasticSearchClientServiceImpl.java","567","24","567","87"
"idDeserial",,"warning","Deserialization method called: com.fasterxml.jackson.databind.ObjectMapper.readValue","/nifi-extension-bundles/nifi-elasticsearch-bundle/nifi-elasticsearch-client-service/src/test/java/org/apache/nifi/elasticsearch/integration/ElasticSearchClientService_IT.java","475","43","475","97"
"idDeserial",,"warning","Deserialization method called: com.fasterxml.jackson.databind.ObjectMapper.readValue","/nifi-extension-bundles/nifi-elasticsearch-bundle/nifi-elasticsearch-client-service/src/test/java/org/apache/nifi/elasticsearch/integration/ElasticSearchClientService_IT.java","541","43","541","97"
"idDeserial",,"warning","Deserialization method called: com.fasterxml.jackson.databind.ObjectMapper.readValue","/nifi-extension-bundles/nifi-elasticsearch-bundle/nifi-elasticsearch-client-service/src/test/java/org/apache/nifi/elasticsearch/unit/ElasticSearchStringLookupServiceTest.java","69","38","69","70"
"idDeserial",,"warning","Deserialization method called: com.fasterxml.jackson.databind.ObjectMapper.readValue","/nifi-extension-bundles/nifi-elasticsearch-bundle/nifi-elasticsearch-client-service/src/main/java/org/apache/nifi/elasticsearch/ElasticSearchClientServiceImpl.java","826","42","826","74"
"idDeserial",,"warning","Deserialization method called: com.fasterxml.jackson.databind.ObjectMapper.readValue","/nifi-extension-bundles/nifi-elasticsearch-bundle/nifi-elasticsearch-client-service/src/main/java/org/apache/nifi/elasticsearch/ElasticSearchClientServiceImpl.java","886","29","886","61"
"idDeserial",,"warning","Deserialization method called: com.fasterxml.jackson.databind.ObjectMapper.readValue","/nifi-extension-bundles/nifi-elasticsearch-bundle/nifi-elasticsearch-client-service-api/src/main/java/org/apache/nifi/elasticsearch/IndexOperationResponse.java","48","52","48","95"
"idDeserial",,"warning","Deserialization method called: com.fasterxml.jackson.databind.ObjectMapper.readValue","/nifi-extension-bundles/nifi-elasticsearch-bundle/nifi-elasticsearch-client-service/src/test/java/org/apache/nifi/elasticsearch/integration/ElasticSearchClientService_IT.java","1062","41","1062","127"
"idDeserial",,"warning","Deserialization method called: com.fasterxml.jackson.databind.ObjectMapper.readValue","/nifi-extension-bundles/nifi-elasticsearch-bundle/nifi-elasticsearch-client-service/src/test/java/org/apache/nifi/elasticsearch/integration/ElasticSearchClientService_IT.java","1079","48","1079","118"
"idDeserial",,"warning","Deserialization method called: com.fasterxml.jackson.databind.ObjectMapper.readValue","/nifi-extension-bundles/nifi-elasticsearch-bundle/nifi-elasticsearch-restapi-processors/src/main/java/org/apache/nifi/processors/elasticsearch/AbstractPaginatedJsonQueryElasticsearch.java","177","43","177","122"
"idDeserial",,"warning","Deserialization method called: com.fasterxml.jackson.databind.ObjectMapper.readValue","/nifi-extension-bundles/nifi-elasticsearch-bundle/nifi-elasticsearch-restapi-processors/src/main/java/org/apache/nifi/processors/elasticsearch/AbstractPaginatedJsonQueryElasticsearch.java","188","38","188","112"
"idDeserial",,"warning","Deserialization method called: com.fasterxml.jackson.databind.ObjectMapper.readValue","/nifi-extension-bundles/nifi-elasticsearch-bundle/nifi-elasticsearch-restapi-processors/src/main/java/org/apache/nifi/processors/elasticsearch/ElasticsearchRestProcessor.java","378","46","378","86"
"idDeserial",,"warning","Deserialization method called: com.fasterxml.jackson.databind.ObjectMapper.readValue","/nifi-extension-bundles/nifi-elasticsearch-bundle/nifi-elasticsearch-restapi-processors/src/main/java/org/apache/nifi/processors/elasticsearch/PutElasticsearchJson.java","246","52","246","107"
"idDeserial",,"warning","Deserialization method called: com.fasterxml.jackson.databind.ObjectMapper.readValue","/nifi-extension-bundles/nifi-elasticsearch-bundle/nifi-elasticsearch-restapi-processors/src/main/java/org/apache/nifi/processors/elasticsearch/PutElasticsearchJson.java","269","63","269","107"
"idDeserial",,"warning","Deserialization method called: com.fasterxml.jackson.databind.ObjectMapper.readValue","/nifi-extension-bundles/nifi-elasticsearch-bundle/nifi-elasticsearch-restapi-processors/src/test/java/org/apache/nifi/processors/elasticsearch/AbstractJsonQueryElasticsearchTest.java","415","41","415","86"
"idDeserial",,"warning","Deserialization method called: com.fasterxml.jackson.databind.ObjectMapper.readValue","/nifi-extension-bundles/nifi-elasticsearch-bundle/nifi-elasticsearch-restapi-processors/src/test/java/org/apache/nifi/processors/elasticsearch/AbstractJsonQueryElasticsearchTest.java","504","37","504","90"
"idDeserial",,"warning","Deserialization method called: com.fasterxml.jackson.databind.ObjectMapper.readValue","/nifi-extension-bundles/nifi-elasticsearch-bundle/nifi-elasticsearch-restapi-processors/src/test/java/org/apache/nifi/processors/elasticsearch/AbstractJsonQueryElasticsearchTest.java","577","50","577","123"
"idDeserial",,"warning","Deserialization method called: com.fasterxml.jackson.databind.ObjectMapper.readValue","/nifi-extension-bundles/nifi-elasticsearch-bundle/nifi-elasticsearch-restapi-processors/src/main/java/org/apache/nifi/processors/elasticsearch/PutElasticsearchRecord.java","666","27","666","87"
"idDeserial",,"warning","Deserialization method called: com.fasterxml.jackson.databind.ObjectMapper.readValue","/nifi-extension-bundles/nifi-elasticsearch-bundle/nifi-elasticsearch-restapi-processors/src/test/java/org/apache/nifi/processors/elasticsearch/ConsumeElasticsearchTest.java","227","46","227","170"
"idDeserial",,"warning","Deserialization method called: com.fasterxml.jackson.databind.ObjectMapper.readValue","/nifi-extension-bundles/nifi-elasticsearch-bundle/nifi-elasticsearch-restapi-processors/src/test/java/org/apache/nifi/processors/elasticsearch/ConsumeElasticsearchTest.java","233","16","233","133"
"idDeserial",,"warning","Deserialization method called: com.fasterxml.jackson.databind.ObjectMapper.readValue","/nifi-extension-bundles/nifi-elasticsearch-bundle/nifi-elasticsearch-restapi-processors/src/test/java/org/apache/nifi/processors/elasticsearch/JsonUtils.java","55","20","55","52"
"idDeserial",,"warning","Deserialization method called: com.fasterxml.jackson.databind.ObjectMapper.readValue","/nifi-extension-bundles/nifi-elasticsearch-bundle/nifi-elasticsearch-restapi-processors/src/test/java/org/apache/nifi/processors/elasticsearch/JsonUtils.java","69","20","69","53"
"idDeserial",,"warning","Deserialization method called: com.fasterxml.jackson.databind.ObjectMapper.readValue","/nifi-extension-bundles/nifi-elasticsearch-bundle/nifi-elasticsearch-restapi-processors/src/test/java/org/apache/nifi/processors/elasticsearch/ConsumeElasticsearchTest.java","324","16","324","155"
"idDeserial",,"warning","Deserialization method called: com.fasterxml.jackson.databind.ObjectMapper.readValue","/nifi-extension-bundles/nifi-elasticsearch-bundle/nifi-elasticsearch-restapi-processors/src/test/java/org/apache/nifi/processors/elasticsearch/ConsumeElasticsearchTest.java","332","16","332","104"
"idDeserial",,"warning","Deserialization method called: com.fasterxml.jackson.databind.ObjectMapper.readValue","/nifi-extension-bundles/nifi-enrich-bundle/nifi-enrich-processors/src/test/java/org/apache/nifi/processors/TestGeoEnrichIPRecord.java","135","44","135","80"
"idDeserial",,"warning","Deserialization method called: com.fasterxml.jackson.databind.ObjectMapper.readValue","/nifi-extension-bundles/nifi-extension-utils/nifi-listed-entity/src/main/java/org/apache/nifi/processor/util/list/ListedEntityTracker.java","145","20","145","97"
"idDeserial",,"warning","Deserialization method called: com.fasterxml.jackson.databind.ObjectMapper.readValue","/nifi-extension-bundles/nifi-extension-utils/nifi-listed-entity/src/main/java/org/apache/nifi/processor/util/list/AbstractListProcessor.java","514","16","514","69"
"idDeserial",,"warning","Deserialization method called: com.fasterxml.jackson.databind.ObjectMapper.readValue","/nifi-extension-bundles/nifi-extension-utils/nifi-record-utils/nifi-avro-record-utils/src/main/java/org/apache/nifi/schema/access/InferenceSchemaStrategy.java","46","30","46","63"
"idDeserial",,"warning","Deserialization method called: com.fasterxml.jackson.databind.ObjectMapper.readValue","/nifi-extension-bundles/nifi-geohash-bundle/nifi-geohash-processors/src/test/java/org/apache/nifi/processors/geohash/GeohashRecordTest.java","112","72","112","108"
"idDeserial",,"warning","Deserialization method called: com.fasterxml.jackson.databind.ObjectMapper.readValue","/nifi-extension-bundles/nifi-geohash-bundle/nifi-geohash-processors/src/test/java/org/apache/nifi/processors/geohash/GeohashRecordTest.java","147","82","147","128"
"idDeserial",,"warning","Deserialization method called: com.fasterxml.jackson.databind.ObjectMapper.readValue","/nifi-extension-bundles/nifi-geohash-bundle/nifi-geohash-processors/src/test/java/org/apache/nifi/processors/geohash/GeohashRecordTest.java","148","79","148","122"
"idDeserial",,"warning","Deserialization method called: com.fasterxml.jackson.databind.ObjectMapper.readValue","/nifi-extension-bundles/nifi-github-bundle/nifi-github-extensions/src/main/java/org/apache/nifi/github/JacksonFlowSnapshotSerializer.java","55","16","55","81"
"idDeserial",,"warning","Deserialization method called: com.fasterxml.jackson.databind.ObjectMapper.readValue","/nifi-extension-bundles/nifi-graph-bundle/nifi-graph-processors/src/test/java/org/apache/nifi/processors/graph/TestExecuteGraphQuery.java","87","44","87","88"
"idDeserial",,"warning","Deserialization method called: com.fasterxml.jackson.databind.ObjectMapper.readValue","/nifi-extension-bundles/nifi-graph-bundle/nifi-graph-processors/src/test/java/org/apache/nifi/processors/graph/ExecuteGraphQueryRecordTest.java","149","46","149","86"
"idDeserial",,"warning","Deserialization method called: com.fasterxml.jackson.databind.ObjectMapper.readValue","/nifi-extension-bundles/nifi-graph-bundle/nifi-graph-processors/src/test/java/org/apache/nifi/processors/graph/ExecuteGraphQueryRecordTest.java","150","45","150","84"
"idDeserial",,"warning","Deserialization method called: java.io.ObjectInputStream.readObject","/nifi-extension-bundles/nifi-hbase-bundle/nifi-hbase-processors/src/main/java/org/apache/nifi/hbase/util/ObjectSerDe.java","41","20","41","37"
"idDeserial",,"warning","Deserialization method called: java.io.ObjectInputStream.readObject","/nifi-extension-bundles/nifi-hbase-bundle/nifi-hbase-processors/src/test/java/org/apache/nifi/hbase/util/TestObjectSerDe.java","70","37","70","51"
"idDeserial",,"warning","Deserialization method called: com.fasterxml.jackson.databind.ObjectMapper.readValue","/nifi-extension-bundles/nifi-iotdb-bundle/nifi-iotdb-processors/src/main/java/org/apache/nifi/processors/PutIoTDBRecord.java","207","31","207","78"
"idDeserial",,"warning","Deserialization method called: com.fasterxml.jackson.databind.ObjectMapper.readValue","/nifi-extension-bundles/nifi-iotdb-bundle/nifi-iotdb-processors/src/test/java/org/apache/nifi/processors/PutIoTDBRecordTest.java","53","33","53","99"
"idDeserial",,"warning","Deserialization method called: com.fasterxml.jackson.databind.ObjectMapper.readValue","/nifi-extension-bundles/nifi-iotdb-bundle/nifi-iotdb-processors/src/test/java/org/apache/nifi/processors/AbstractIoTDBTest.java","218","33","218","99"
"idDeserial",,"warning","Deserialization method called: com.fasterxml.jackson.databind.ObjectMapper.readValue","/nifi-extension-bundles/nifi-jms-bundle/nifi-jms-processors/src/test/java/org/apache/nifi/jms/processors/JMSPublisherConsumerIT.java","179","46","179","140"
"idDeserial",,"warning","Deserialization method called: com.fasterxml.jackson.databind.ObjectMapper.readValue","/nifi-extension-bundles/nifi-jms-bundle/nifi-jms-processors/src/test/java/org/apache/nifi/jms/processors/JMSPublisherConsumerIT.java","180","48","180","140"
"idDeserial",,"warning","Deserialization method called: com.fasterxml.jackson.databind.ObjectMapper.readValue","/nifi-extension-bundles/nifi-mongodb-bundle/nifi-mongodb-processors/src/main/java/org/apache/nifi/processors/mongodb/RunMongoAggregation.java","76","32","76","66"
"idDeserial",,"warning","Deserialization method called: com.fasterxml.jackson.databind.ObjectMapper.readValue","/nifi-extension-bundles/nifi-mongodb-bundle/nifi-mongodb-processors/src/test/java/org/apache/nifi/processors/mongodb/GetMongoIT.java","182","38","182","69"
"idDeserial",,"warning","Deserialization method called: com.fasterxml.jackson.databind.ObjectMapper.readValue","/nifi-extension-bundles/nifi-mongodb-bundle/nifi-mongodb-processors/src/test/java/org/apache/nifi/processors/mongodb/GetMongoIT.java","510","38","510","82"
"idDeserial",,"warning","Deserialization method called: com.fasterxml.jackson.databind.ObjectMapper.readValue","/nifi-extension-bundles/nifi-mongodb-bundle/nifi-mongodb-processors/src/test/java/org/apache/nifi/processors/mongodb/RunMongoAggregationIT.java","191","46","191","77"
"idDeserial",,"warning","Deserialization method called: com.fasterxml.jackson.databind.ObjectMapper.readValue","/nifi-extension-bundles/nifi-mongodb-bundle/nifi-mongodb-processors/src/test/java/org/apache/nifi/processors/mongodb/RunMongoAggregationIT.java","204","44","204","75"
"idDeserial",,"warning","Deserialization method called: com.fasterxml.jackson.databind.ObjectMapper.readValue","/nifi-extension-bundles/nifi-mongodb-bundle/nifi-mongodb-processors/src/test/java/org/apache/nifi/processors/mongodb/RunMongoAggregationIT.java","216","24","216","55"
"idDeserial",,"warning","Deserialization method called: com.fasterxml.jackson.databind.ObjectMapper.readValue","/nifi-extension-bundles/nifi-opentelemetry-bundle/nifi-opentelemetry-processors/src/main/java/org/apache/nifi/processors/opentelemetry/encoding/StandardRequestMapper.java","51","16","51","64"
"idDeserial",,"warning","Deserialization method called: com.fasterxml.jackson.databind.ObjectMapper.readValue","/nifi-extension-bundles/nifi-salesforce-bundle/nifi-salesforce-processors/src/main/java/org/apache/nifi/processors/salesforce/schema/SalesforceToRecordSchemaConverter.java","51","16","51","98"
"idDeserial",,"warning","Deserialization method called: com.fasterxml.jackson.databind.ObjectMapper.readValue","/nifi-extension-bundles/nifi-slack-bundle/nifi-slack-processors/src/main/java/org/apache/nifi/services/slack/SlackRestService.java","97","59","97","124"
"idDeserial",,"warning","Deserialization method called: com.fasterxml.jackson.databind.ObjectMapper.readValue","/nifi-extension-bundles/nifi-slack-bundle/nifi-slack-processors/src/test/java/org/apache/nifi/processors/slack/TestConsumeSlack.java","110","42","110","95"
"idDeserial",,"warning","Deserialization method called: com.fasterxml.jackson.databind.ObjectMapper.readValue","/nifi-extension-bundles/nifi-slack-bundle/nifi-slack-processors/src/test/java/org/apache/nifi/processors/slack/TestConsumeSlack.java","133","42","133","95"
"idDeserial",,"warning","Deserialization method called: com.fasterxml.jackson.databind.ObjectMapper.readValue","/nifi-extension-bundles/nifi-slack-bundle/nifi-slack-processors/src/test/java/org/apache/nifi/processors/slack/TestConsumeSlack.java","240","42","240","95"
"idDeserial",,"warning","Deserialization method called: com.fasterxml.jackson.databind.ObjectMapper.readValue","/nifi-extension-bundles/nifi-slack-bundle/nifi-slack-processors/src/test/java/org/apache/nifi/processors/slack/TestConsumeSlack.java","320","47","320","105"
"idDeserial",,"warning","Deserialization method called: com.fasterxml.jackson.databind.ObjectMapper.readValue","/nifi-extension-bundles/nifi-slack-bundle/nifi-slack-processors/src/test/java/org/apache/nifi/processors/slack/TestConsumeSlack.java","326","48","326","107"
"idDeserial",,"warning","Deserialization method called: com.fasterxml.jackson.databind.ObjectMapper.readValue","/nifi-extension-bundles/nifi-slack-bundle/nifi-slack-processors/src/test/java/org/apache/nifi/processors/slack/TestConsumeSlack.java","345","42","345","95"
"idDeserial",,"warning","Deserialization method called: com.fasterxml.jackson.databind.ObjectMapper.readValue","/nifi-extension-bundles/nifi-slack-bundle/nifi-slack-processors/src/test/java/org/apache/nifi/processors/slack/TestConsumeSlack.java","430","47","430","105"
"idDeserial",,"warning","Deserialization method called: com.fasterxml.jackson.databind.ObjectMapper.readValue","/nifi-extension-bundles/nifi-slack-bundle/nifi-slack-processors/src/test/java/org/apache/nifi/processors/slack/TestConsumeSlack.java","436","48","436","107"
"idDeserial",,"warning","Deserialization method called: com.fasterxml.jackson.databind.ObjectMapper.readValue","/nifi-extension-bundles/nifi-snmp-bundle/nifi-snmp-processors/src/main/java/org/apache/nifi/snmp/utils/UsmJsonParser.java","44","16","45","10"
"idDeserial",,"warning","Deserialization method called: com.fasterxml.jackson.databind.ObjectMapper.readValue","/nifi-extension-bundles/nifi-splunk-bundle/nifi-splunk-processors/src/main/java/org/apache/nifi/processors/splunk/SplunkAPICall.java","229","16","229","61"
"idDeserial",,"warning","Deserialization method called: com.fasterxml.jackson.databind.ObjectMapper.readValue","/nifi-extension-bundles/nifi-standard-bundle/nifi-standard-content-viewer/src/main/java/org/apache/nifi/web/StandardContentViewerController.java","90","47","90","104"
"idDeserial",,"warning","Deserialization method called: com.fasterxml.jackson.databind.ObjectMapper.readValue","/nifi-extension-bundles/nifi-standard-bundle/nifi-standard-content-viewer/src/main/java/org/apache/nifi/web/StandardContentViewerController.java","144","47","144","82"
"idDeserial",,"warning","Deserialization method called: org.yaml.snakeyaml.Yaml.load","/nifi-extension-bundles/nifi-standard-bundle/nifi-standard-content-viewer/src/main/java/org/apache/nifi/web/StandardContentViewerController.java","153","47","153","83"
"idDeserial",,"warning","Deserialization method called: com.fasterxml.jackson.databind.ObjectMapper.readValue","/nifi-extension-bundles/nifi-standard-bundle/nifi-standard-processors/src/main/java/org/apache/nifi/processors/standard/FlattenJson.java","103","21","103","53"
"idDeserial",,"warning","Deserialization method called: com.fasterxml.jackson.databind.ObjectMapper.readValue","/nifi-extension-bundles/nifi-standard-bundle/nifi-standard-processors/src/main/java/org/apache/nifi/processors/standard/WaitNotifyProtocol.java","262","35","262","77"
"idDeserial",,"warning","Deserialization method called: com.fasterxml.jackson.databind.ObjectMapper.readValue","/nifi-extension-bundles/nifi-standard-bundle/nifi-standard-processors/src/test/java/org/apache/nifi/processors/standard/TestAttributesToJSON.java","116","35","116","71"
"idDeserial",,"warning","Deserialization method called: com.fasterxml.jackson.databind.ObjectMapper.readValue","/nifi-extension-bundles/nifi-standard-bundle/nifi-standard-processors/src/test/java/org/apache/nifi/processors/standard/TestAttributesToJSON.java","145","35","145","71"
"idDeserial",,"warning","Deserialization method called: com.fasterxml.jackson.databind.ObjectMapper.readValue","/nifi-extension-bundles/nifi-standard-bundle/nifi-standard-processors/src/test/java/org/apache/nifi/processors/standard/TestAttributesToJSON.java","193","35","193","71"
"idDeserial",,"warning","Deserialization method called: com.fasterxml.jackson.databind.ObjectMapper.readValue","/nifi-extension-bundles/nifi-standard-bundle/nifi-standard-processors/src/test/java/org/apache/nifi/processors/standard/TestAttributesToJSON.java","238","35","238","71"
"idDeserial",,"warning","Deserialization method called: com.fasterxml.jackson.databind.ObjectMapper.readValue","/nifi-extension-bundles/nifi-standard-bundle/nifi-standard-processors/src/test/java/org/apache/nifi/processors/standard/TestAttributesToJSON.java","265","35","265","71"
"idDeserial",,"warning","Deserialization method called: com.fasterxml.jackson.databind.ObjectMapper.readValue","/nifi-extension-bundles/nifi-standard-bundle/nifi-standard-processors/src/test/java/org/apache/nifi/processors/standard/TestAttributesToJSON.java","292","35","292","71"
"idDeserial",,"warning","Deserialization method called: com.fasterxml.jackson.databind.ObjectMapper.readValue","/nifi-extension-bundles/nifi-standard-bundle/nifi-standard-processors/src/test/java/org/apache/nifi/processors/standard/TestAttributesToJSON.java","321","35","321","71"
"idDeserial",,"warning","Deserialization method called: com.fasterxml.jackson.databind.ObjectMapper.readValue","/nifi-extension-bundles/nifi-standard-bundle/nifi-standard-processors/src/test/java/org/apache/nifi/processors/standard/TestAttributesToJSON.java","349","35","349","71"
"idDeserial",,"warning","Deserialization method called: com.fasterxml.jackson.databind.ObjectMapper.readValue","/nifi-extension-bundles/nifi-standard-bundle/nifi-standard-processors/src/test/java/org/apache/nifi/processors/standard/TestAttributesToJSON.java","371","35","371","156"
"idDeserial",,"warning","Deserialization method called: com.fasterxml.jackson.databind.ObjectMapper.readValue","/nifi-extension-bundles/nifi-standard-bundle/nifi-standard-processors/src/test/java/org/apache/nifi/processors/standard/TestAttributesToJSON.java","397","35","397","89"
"idDeserial",,"warning","Deserialization method called: com.fasterxml.jackson.databind.ObjectMapper.readValue","/nifi-extension-bundles/nifi-standard-bundle/nifi-standard-processors/src/test/java/org/apache/nifi/processors/standard/TestAttributesToJSON.java","423","35","423","126"
"idDeserial",,"warning","Deserialization method called: com.fasterxml.jackson.databind.ObjectMapper.readValue","/nifi-extension-bundles/nifi-standard-bundle/nifi-standard-processors/src/test/java/org/apache/nifi/processors/standard/TestAttributesToJSON.java","453","35","453","126"
"idDeserial",,"warning","Deserialization method called: com.fasterxml.jackson.databind.ObjectMapper.readValue","/nifi-extension-bundles/nifi-standard-bundle/nifi-standard-processors/src/test/java/org/apache/nifi/processors/standard/TestAttributesToJSON.java","483","35","483","85"
"idDeserial",,"warning","Deserialization method called: com.fasterxml.jackson.databind.ObjectMapper.readValue","/nifi-extension-bundles/nifi-standard-bundle/nifi-standard-processors/src/test/java/org/apache/nifi/processors/standard/TestAttributesToJSON.java","514","35","514","67"
"idDeserial",,"warning","Deserialization method called: com.fasterxml.jackson.databind.ObjectMapper.readValue","/nifi-extension-bundles/nifi-standard-bundle/nifi-standard-processors/src/test/java/org/apache/nifi/processors/standard/TestAttributesToJSON.java","557","35","557","67"
"idDeserial",,"warning","Deserialization method called: com.fasterxml.jackson.databind.ObjectMapper.readValue","/nifi-extension-bundles/nifi-standard-bundle/nifi-standard-processors/src/test/java/org/apache/nifi/processors/standard/TestAttributesToJSON.java","584","42","584","89"
"idDeserial",,"warning","Deserialization method called: com.fasterxml.jackson.databind.ObjectMapper.readValue","/nifi-extension-bundles/nifi-standard-bundle/nifi-standard-processors/src/test/java/org/apache/nifi/processors/standard/TestAttributesToJSON.java","568","34","568","97"
"idDeserial",,"warning","Deserialization method called: com.fasterxml.jackson.databind.ObjectMapper.readValue","/nifi-extension-bundles/nifi-standard-bundle/nifi-standard-processors/src/test/java/org/apache/nifi/processors/standard/TestFlattenJson.java","500","22","500","57"
"idDeserial",,"warning","Deserialization method called: com.fasterxml.jackson.databind.ObjectMapper.readValue","/nifi-extension-bundles/nifi-standard-bundle/nifi-standard-processors/src/test/java/org/apache/nifi/processors/standard/TestFlattenJson.java","505","22","505","56"
"idDeserial",,"warning","Deserialization method called: com.fasterxml.jackson.databind.ObjectMapper.readValue","/nifi-extension-bundles/nifi-standard-services/nifi-oauth2-provider-bundle/nifi-oauth2-provider-service/src/main/java/org/apache/nifi/oauth2/StandardOauth2AccessTokenProvider.java","449","24","449","87"
"idDeserial",,"warning","Deserialization method called: com.fasterxml.jackson.databind.ObjectMapper.readValue","/nifi-framework-bundle/nifi-framework/nifi-framework-cluster-protocol/src/main/java/org/apache/nifi/cluster/protocol/StandardDataFlow.java","165","20","165","72"
"idDeserial",,"warning","Deserialization method called: com.fasterxml.jackson.databind.ObjectMapper.readValue","/nifi-framework-bundle/nifi-framework/nifi-framework-components/src/test/java/org/apache/nifi/controller/service/StandardControllerServiceResolverTest.java","241","16","241","91"
"idDeserial",,"warning","Deserialization method called: com.fasterxml.jackson.databind.ObjectMapper.readValue","/nifi-framework-bundle/nifi-framework/nifi-web/nifi-web-api/src/main/java/org/apache/nifi/web/api/ProcessGroupResource.java","2656","36","2656","85"
"idDeserial",,"warning","Deserialization method called: com.fasterxml.jackson.databind.ObjectMapper.readValue","/nifi-framework-bundle/nifi-framework/nifi-web/nifi-web-api/src/test/java/org/apache/nifi/web/api/TestFlowResource.java","309","16","309","52"
"idDeserial",,"warning","Deserialization method called: com.fasterxml.jackson.databind.ObjectMapper.readValue","/nifi-framework-bundle/nifi-framework/nifi-web/nifi-web-security/src/main/java/org/apache/nifi/web/security/jwt/key/service/StandardVerificationKeyService.java","162","20","162","77"
"idDeserial",,"warning","Deserialization method called: com.fasterxml.jackson.databind.ObjectMapper.readValue","/nifi-framework-bundle/nifi-framework/nifi-web/nifi-web-security/src/main/java/org/apache/nifi/web/security/oidc/client/web/converter/StandardAuthorizedClientConverter.java","89","55","89","112"
"idDeserial",,"warning","Deserialization method called: org.yaml.snakeyaml.Yaml.load","/nifi-registry/nifi-registry-core/nifi-registry-framework/src/main/java/org/apache/nifi/registry/provider/flow/git/GitFlowMetaData.java","318","30","318","48"
"idDeserial",,"warning","Deserialization method called: com.fasterxml.jackson.databind.ObjectMapper.readValue","/nifi-registry/nifi-registry-core/nifi-registry-framework/src/main/java/org/apache/nifi/registry/serialization/jackson/JacksonSerializer.java","71","57","71","94"
"idDeserial",,"warning","Deserialization method called: com.fasterxml.jackson.databind.ObjectMapper.readValue","/nifi-registry/nifi-registry-core/nifi-registry-framework/src/main/java/org/apache/nifi/registry/serialization/jackson/JacksonSerializer.java","114","52","114","99"
"idDeserial",,"warning","Deserialization method called: com.fasterxml.jackson.databind.ObjectMapper.readValue","/nifi-registry/nifi-registry-core/nifi-registry-framework/src/test/java/org/apache/nifi/registry/service/extension/docs/TestHtmlExtensionDocWriter.java","89","45","89","112"
"idDeserial",,"warning","Deserialization method called: com.fasterxml.jackson.databind.ObjectMapper.readValue","/nifi-stateless/nifi-stateless-bundle/nifi-stateless-engine/src/main/java/org/apache/nifi/stateless/config/PropertiesFileFlowDefinitionParser.java","588","56","588","129"
"idDeserial",,"warning","Deserialization method called: com.fasterxml.jackson.databind.ObjectMapper.readValue","/nifi-stateless/nifi-stateless-bundle/nifi-stateless-engine/src/main/java/org/apache/nifi/stateless/config/PropertiesFileFlowDefinitionParser.java","621","48","621","102"
"idDeserial",,"warning","Deserialization method called: com.fasterxml.jackson.databind.ObjectMapper.readValue","/nifi-stateless/nifi-stateless-bundle/nifi-stateless-engine/src/main/java/org/apache/nifi/stateless/flow/StandardStatelessFlow.java","776","32","776","93"
"idDeserial",,"warning","Deserialization method called: com.fasterxml.jackson.databind.ObjectMapper.readValue","/nifi-toolkit/nifi-toolkit-cli/src/main/java/org/apache/nifi/toolkit/cli/impl/command/nifi/cs/CreateControllerService.java","66","61","66","123"
"idDeserial",,"warning","Deserialization method called: com.fasterxml.jackson.databind.ObjectMapper.readValue","/nifi-toolkit/nifi-toolkit-cli/src/main/java/org/apache/nifi/toolkit/cli/impl/command/nifi/flow/CreateReportingTask.java","66","54","66","112"
"idDeserial",,"warning","Deserialization method called: com.fasterxml.jackson.databind.ObjectMapper.readValue","/nifi-toolkit/nifi-toolkit-cli/src/main/java/org/apache/nifi/toolkit/cli/impl/command/nifi/flow/ImportReportingTasks.java","58","70","58","139"
"idDeserial",,"warning","Deserialization method called: com.fasterxml.jackson.databind.ObjectMapper.readValue","/nifi-toolkit/nifi-toolkit-cli/src/main/java/org/apache/nifi/toolkit/cli/impl/command/nifi/flow/UpdateControllerConfiguration.java","62","71","62","139"
"idDeserial",,"warning","Deserialization method called: com.fasterxml.jackson.databind.ObjectMapper.readValue","/nifi-toolkit/nifi-toolkit-cli/src/main/java/org/apache/nifi/toolkit/cli/impl/command/nifi/params/FetchParams.java","81","42","81","140"
"idDeserial",,"warning","Deserialization method called: com.fasterxml.jackson.databind.ObjectMapper.readValue","/nifi-toolkit/nifi-toolkit-cli/src/main/java/org/apache/nifi/toolkit/cli/impl/command/nifi/params/ImportParamContext.java","71","50","71","116"
"idDeserial",,"warning","Deserialization method called: com.fasterxml.jackson.databind.ObjectMapper.readValue","/nifi-toolkit/nifi-toolkit-cli/src/main/java/org/apache/nifi/toolkit/cli/impl/command/nifi/params/MergeParamContext.java","75","53","75","119"
"idDeserial",,"warning","Deserialization method called: com.fasterxml.jackson.databind.ObjectMapper.readValue","/nifi-toolkit/nifi-toolkit-cli/src/main/java/org/apache/nifi/toolkit/cli/impl/command/nifi/pg/PGCreateControllerService.java","68","61","68","123"
"idDeserial",,"warning","Deserialization method called: com.fasterxml.jackson.databind.ObjectMapper.readValue","/nifi-toolkit/nifi-toolkit-cli/src/main/java/org/apache/nifi/toolkit/cli/impl/command/nifi/pg/PGReplace.java","68","61","68","122"
"idDeserial",,"warning","Deserialization method called: com.fasterxml.jackson.databind.ObjectMapper.readValue","/nifi-toolkit/nifi-toolkit-cli/src/main/java/org/apache/nifi/toolkit/cli/impl/command/registry/flow/ImportFlowVersion.java","70","60","70","120"
"idDeserial",,"warning","Deserialization method called: com.fasterxml.jackson.databind.ObjectMapper.readValue","/nifi-toolkit/nifi-toolkit-cli/src/main/java/org/apache/nifi/toolkit/cli/impl/command/registry/flow/ImportAllFlows.java","128","52","128","109"
