"idDeserial",,"warning","Deserialization method called: java.io.ObjectInputStream.readObject","/extensions/geode-modules/src/test/java/org/apache/geode/modules/util/ClassLoaderObjectInputStreamTest.java","73","24","73","38"
"idDeserial",,"warning","Deserialization method called: java.io.ObjectInputStream.readObject","/extensions/geode-modules/src/test/java/org/apache/geode/modules/util/ClassLoaderObjectInputStreamTest.java","88","29","88","44"
"idDeserial",,"warning","Deserialization method called: java.io.ObjectInputStream.readObject","/extensions/geode-modules-session-internal/src/main/java/org/apache/geode/modules/session/internal/filter/GemfireHttpSession.java","141","20","141","35"
"idDeserial",,"warning","Deserialization method called: com.fasterxml.jackson.databind.ObjectMapper.readValue","/geode-assembly/geode-assembly-test/src/main/java/org/apache/geode/test/junit/rules/HttpResponseAssert.java","85","12","85","72"
"idDeserial",,"warning","Deserialization method called: com.fasterxml.jackson.databind.ObjectMapper.readValue","/geode-assembly/geode-assembly-test/src/main/java/org/apache/geode/test/junit/rules/HttpResponseAssert.java","91","12","91","83"
"idDeserial",,"warning","Deserialization method called: com.fasterxml.jackson.databind.ObjectMapper.readValue","/geode-common/src/test/java/org/apache/geode/util/internal/GeodeJsonMapperTest.java","37","16","37","68"
"idDeserial",,"warning","Deserialization method called: com.fasterxml.jackson.databind.ObjectMapper.readValue","/geode-common/src/test/java/org/apache/geode/util/internal/GeodeJsonMapperTest.java","52","30","52","82"
"idDeserial",,"warning","Deserialization method called: com.fasterxml.jackson.databind.ObjectMapper.readValue","/geode-connectors/src/main/java/org/apache/geode/connectors/jdbc/management/internal/cli/converters/PoolPropertyConverter.java","46","14","46","80"
"idDeserial",,"warning","Deserialization method called: java.io.ObjectInputStream.readObject","/geode-core/src/integrationTest/java/org/apache/geode/internal/net/SSLSocketIntegrationTest.java","498","40","498","55"
"idDeserial",,"warning","Deserialization method called: java.io.ObjectInputStream.readObject","/geode-core/src/integrationTest/java/org/apache/geode/internal/util/concurrent/CopyOnWriteHashMapJUnitTest.java","532","49","532","63"
"idDeserial",,"warning","Deserialization method called: java.io.ObjectInputStream.readObject","/geode-core/src/integrationTest/java/org/apache/geode/internal/util/concurrent/cm/ConcurrentHashMapJUnitTest.java","659","71","659","85"
"idDeserial",,"warning","Deserialization method called: java.io.ObjectInputStream.readObject","/geode-core/src/integrationTest/java/org/apache/geode/internal/util/concurrent/cm/MapCheckJUnitTest.java","548","19","548","33"
"idDeserial",,"warning","Deserialization method called: java.io.ObjectInputStream.readObject","/geode-core/src/integrationTest/java/org/apache/geode/internal/util/concurrent/cm/IntMapCheckJUnitTest.java","533","19","533","33"
"idDeserial",,"warning","Deserialization method called: java.io.ObjectInputStream.readObject","/geode-core/src/integrationTest/java/org/apache/geode/net/SSLSocketParameterExtensionIntegrationTest.java","196","40","196","55"
"idDeserial",,"warning","Deserialization method called: java.io.ObjectInputStream.readObject","/geode-core/src/integrationTest/java/org/apache/geode/pdx/PdxInstanceFactoryJUnitTest.java","363","20","363","35"
"idDeserial",,"warning","Deserialization method called: java.io.ObjectInputStream.readObject","/geode-core/src/main/java/org/apache/geode/admin/jmx/internal/AgentLauncher.java","619","25","619","45"
"idDeserial",,"warning","Deserialization method called: java.io.ObjectInputStream.readObject","/geode-core/src/main/java/org/apache/geode/admin/jmx/internal/ConfigurationParameterJmxImpl.java","144","30","144","44"
"idDeserial",,"warning","Deserialization method called: java.io.ObjectInputStream.readObject","/geode-core/src/main/java/org/apache/geode/admin/jmx/internal/ConfigurationParameterJmxImpl.java","145","37","145","51"
"idDeserial",,"warning","Deserialization method called: java.io.ObjectInputStream.readObject","/geode-core/src/main/java/org/apache/geode/admin/jmx/internal/ConfigurationParameterJmxImpl.java","146","22","146","36"
"idDeserial",,"warning","Deserialization method called: java.io.ObjectInputStream.readObject","/geode-core/src/main/java/org/apache/geode/admin/jmx/internal/ConfigurationParameterJmxImpl.java","147","29","147","43"
"idDeserial",,"warning","Deserialization method called: java.io.ObjectInputStream.readObject","/geode-core/src/main/java/org/apache/geode/cache/RegionAccessException.java","110","27","110","41"
"idDeserial",,"warning","Deserialization method called: java.io.ObjectInputStream.readObject","/geode-core/src/main/java/org/apache/geode/cache/RegionDistributionException.java","114","27","114","41"
"idDeserial",,"warning","Deserialization method called: java.io.ObjectInputStream.readObject","/geode-core/src/main/java/org/apache/geode/cache/query/internal/ObjectIntHashMap.java","1087","20","1087","33"
"idDeserial",,"warning","Deserialization method called: java.io.ObjectInputStream.readObject","/geode-core/src/main/java/org/apache/geode/distributed/internal/deadlock/DeadlockDetector.java","315","32","315","47"
"idDeserial",,"warning","Deserialization method called: java.io.ObjectInputStream.readObject","/geode-core/src/main/java/org/apache/geode/internal/CopyOnWriteHashSet.java","204","25","204","38"
"idDeserial",,"warning","Deserialization method called: java.io.ObjectInputStream.readObject","/geode-core/src/main/java/org/apache/geode/internal/ObjIdConcurrentMap.java","982","21","982","34"
"idDeserial",,"warning","Deserialization method called: java.io.ObjectInputStream.readObject","/geode-core/src/main/java/org/apache/geode/internal/InternalDataSerializer.java","2685","43","2685","81"
"idDeserial",,"warning","Deserialization method called: java.io.ObjectInputStream.readObject","/geode-core/src/main/java/org/apache/geode/internal/cache/ForceableLinkedBlockingQueue.java","890","20","890","33"
"idDeserial",,"warning","Deserialization method called: java.io.ObjectInputStream.readObject","/geode-core/src/main/java/org/apache/geode/internal/cache/IdentityArrayList.java","647","18","647","31"
"idDeserial",,"warning","Deserialization method called: java.io.ObjectInputStream.readObject","/geode-core/src/main/java/org/apache/geode/internal/cache/tier/sockets/CacheServerHelper.java","94","18","94","33"
"idDeserial",,"warning","Deserialization method called: java.io.ObjectInputStream.readObject","/geode-core/src/main/java/org/apache/geode/internal/concurrent/CompactConcurrentHashSet2.java","947","17","947","30"
"idDeserial",,"warning","Deserialization method called: java.io.ObjectInputStream.readObject","/geode-core/src/main/java/org/apache/geode/internal/util/IOUtils.java","138","14","138","31"
"idDeserial",,"warning","Deserialization method called: java.io.ObjectInputStream.readObject","/geode-core/src/main/java/org/apache/geode/internal/util/IOUtils.java","170","14","170","31"
"idDeserial",,"warning","Deserialization method called: java.io.ObjectInputStream.readObject","/geode-core/src/main/java/org/apache/geode/internal/util/concurrent/CustomEntryConcurrentHashMap.java","2450","25","2450","38"
"idDeserial",,"warning","Deserialization method called: java.io.ObjectInputStream.readObject","/geode-core/src/main/java/org/apache/geode/internal/util/concurrent/CustomEntryConcurrentHashMap.java","2451","27","2451","40"
"idDeserial",,"warning","Deserialization method called: com.fasterxml.jackson.databind.ObjectMapper.readValue","/geode-core/src/main/java/org/apache/geode/pdx/internal/PdxInstanceImpl.java","229","17","229","89"
"idDeserial",,"warning","Deserialization method called: java.io.ObjectInputStream.readObject","/geode-core/src/test/java/org/apache/geode/cache/FinalStaticArrayShouldNotCauseSegFaultRegressionTest.java","64","7","64","22"
"idDeserial",,"warning","Deserialization method called: java.io.ObjectInputStream.readObject","/geode-core/src/test/java/org/apache/geode/cache/FinalStaticArrayShouldNotCauseSegFaultRegressionTest.java","77","7","77","22"
"idDeserial",,"warning","Deserialization method called: java.io.ObjectInputStream.readObject","/geode-core/src/test/java/org/apache/geode/cache/MembershipAttributesAreSerializableRegressionTest.java","52","58","52","73"
"idDeserial",,"warning","Deserialization method called: java.io.ObjectInputStream.readObject","/geode-core/src/test/java/org/apache/geode/cache/MembershipAttributesAreSerializableRegressionTest.java","73","62","73","77"
"idDeserial",,"warning","Deserialization method called: java.io.ObjectInputStream.readObject","/geode-core/src/test/java/org/apache/geode/cache/RoleExceptionJUnitTest.java","52","56","52","71"
"idDeserial",,"warning","Deserialization method called: java.io.ObjectInputStream.readObject","/geode-core/src/test/java/org/apache/geode/cache/RoleExceptionJUnitTest.java","73","68","73","83"
"idDeserial",,"warning","Deserialization method called: java.io.ObjectInputStream.readObject","/geode-core/src/test/java/org/apache/geode/cache/RoleExceptionJUnitTest.java","98","68","98","83"
"idDeserial",,"warning","Deserialization method called: com.fasterxml.jackson.databind.ObjectMapper.readValue","/geode-core/src/test/java/org/apache/geode/cache/configuration/RegionConfigTest.java","75","9","75","77"
"idDeserial",,"warning","Deserialization method called: com.fasterxml.jackson.databind.ObjectMapper.readValue","/geode-core/src/test/java/org/apache/geode/cache/configuration/RegionConfigTest.java","147","34","147","76"
"idDeserial",,"warning","Deserialization method called: java.io.ObjectInputStream.readObject","/geode-core/src/test/java/org/apache/geode/cache/query/functional/JavaSerializationJUnitTest.java","55","19","55","33"
"idDeserial",,"warning","Deserialization method called: java.io.ObjectInputStream.readObject","/geode-core/src/test/java/org/apache/geode/internal/CopyOnWriteHashSetJUnitTest.java","114","40","114","54"
"idDeserial",,"warning","Deserialization method called: java.io.ObjectInputStream.readObject","/geode-core/src/test/java/org/apache/geode/internal/DataSerializableJUnitTest.java","2508","24","2508","39"
"idDeserial",,"warning","Deserialization method called: org.apache.commons.lang3.SerializationUtils.deserialize","/geode-core/src/test/java/org/apache/geode/internal/cache/EvictionAttributesImplTest.java","40","41","40","77"
"idDeserial",,"warning","Deserialization method called: org.apache.commons.lang3.SerializationUtils.deserialize","/geode-core/src/test/java/org/apache/geode/internal/cache/PartitionRegionConfigTest.java","78","40","78","76"
"idDeserial",,"warning","Deserialization method called: com.fasterxml.jackson.databind.ObjectMapper.readValue","/geode-core/src/test/java/org/apache/geode/internal/cache/control/SerializableRestoreRedundancyResultsImplTest.java","216","9","216","77"
"idDeserial",,"warning","Deserialization method called: com.fasterxml.jackson.databind.ObjectMapper.readValue","/geode-core/src/test/java/org/apache/geode/management/internal/api/ClusterManagementResultTest.java","136","9","136","86"
"idDeserial",,"warning","Deserialization method called: com.fasterxml.jackson.databind.ObjectMapper.readValue","/geode-core/src/test/java/org/apache/geode/management/internal/api/ClusterManagementResultTest.java","160","9","160","65"
"idDeserial",,"warning","Deserialization method called: com.fasterxml.jackson.databind.ObjectMapper.readValue","/geode-gfsh/src/integrationTest/java/org/apache/geode/management/internal/cli/result/model/ResultModelIntegrationTest.java","113","31","113","71"
"idDeserial",,"warning","Deserialization method called: com.fasterxml.jackson.databind.ObjectMapper.readValue","/geode-gfsh/src/main/java/org/apache/geode/management/internal/cli/converters/ConfigPropertyConverter.java","48","14","48","87"
"idDeserial",,"warning","Deserialization method called: com.fasterxml.jackson.databind.ObjectMapper.readValue","/geode-gfsh/src/main/java/org/apache/geode/management/internal/cli/functions/DataCommandFunction.java","592","22","592","52"
"idDeserial",,"warning","Deserialization method called: com.fasterxml.jackson.databind.ObjectMapper.readValue","/geode-gfsh/src/main/java/org/apache/geode/management/internal/cli/result/model/ResultModel.java","321","18","321","58"
"idDeserial",,"warning","Deserialization method called: com.fasterxml.jackson.databind.ObjectMapper.readValue","/geode-gfsh/src/test/java/org/apache/geode/management/internal/cli/result/model/ResultModelTest.java","173","31","173","71"
"idDeserial",,"warning","Deserialization method called: com.fasterxml.jackson.databind.ObjectMapper.readValue","/geode-management/src/main/java/org/apache/geode/management/configuration/ClassName.java","79","14","79","67"
"idDeserial",,"warning","Deserialization method called: com.fasterxml.jackson.databind.ObjectMapper.readValue","/geode-management/src/test/java/org/apache/geode/cache/configuration/ConfigurationJsonMappingTest.java","55","21","55","56"
"idDeserial",,"warning","Deserialization method called: com.fasterxml.jackson.databind.ObjectMapper.readValue","/geode-management/src/test/java/org/apache/geode/management/api/ClusterManagementGetResultTest.java","54","9","54","64"
"idDeserial",,"warning","Deserialization method called: com.fasterxml.jackson.databind.ObjectMapper.readValue","/geode-management/src/test/java/org/apache/geode/cache/configuration/ConfigurationJsonMappingTest.java","67","21","67","56"
"idDeserial",,"warning","Deserialization method called: com.fasterxml.jackson.databind.ObjectMapper.readValue","/geode-management/src/test/java/org/apache/geode/cache/configuration/ConfigurationJsonMappingTest.java","77","32","77","78"
"idDeserial",,"warning","Deserialization method called: com.fasterxml.jackson.databind.ObjectMapper.readValue","/geode-management/src/test/java/org/apache/geode/cache/configuration/ConfigurationJsonMappingTest.java","84","21","84","56"
"idDeserial",,"warning","Deserialization method called: com.fasterxml.jackson.databind.ObjectMapper.readValue","/geode-management/src/test/java/org/apache/geode/management/api/ClusterManagementOperationResultTest.java","49","9","49","70"
"idDeserial",,"warning","Deserialization method called: com.fasterxml.jackson.databind.ObjectMapper.readValue","/geode-management/src/test/java/org/apache/geode/cache/configuration/ConfigurationJsonMappingTest.java","99","27","99","62"
"idDeserial",,"warning","Deserialization method called: com.fasterxml.jackson.databind.ObjectMapper.readValue","/geode-management/src/test/java/org/apache/geode/management/api/ClusterManagementListResultTest.java","85","9","85","65"
"idDeserial",,"warning","Deserialization method called: com.fasterxml.jackson.databind.ObjectMapper.readValue","/geode-management/src/test/java/org/apache/geode/management/api/ClusterManagementOperationResultTest.java","64","9","64","70"
"idDeserial",,"warning","Deserialization method called: com.fasterxml.jackson.databind.ObjectMapper.readValue","/geode-management/src/test/java/org/apache/geode/management/api/EntityGroupInfoTest.java","42","5","42","49"
"idDeserial",,"warning","Deserialization method called: com.fasterxml.jackson.databind.ObjectMapper.readValue","/geode-management/src/test/java/org/apache/geode/management/api/LinksTest.java","46","20","46","54"
"idDeserial",,"warning","Deserialization method called: com.fasterxml.jackson.databind.ObjectMapper.readValue","/geode-management/src/test/java/org/apache/geode/management/api/RealizationResultTest.java","61","35","61","81"
"idDeserial",,"warning","Deserialization method called: com.fasterxml.jackson.databind.ObjectMapper.readValue","/geode-management/src/test/java/org/apache/geode/management/api/EntityInfoTest.java","112","9","112","48"
"idDeserial",,"warning","Deserialization method called: com.fasterxml.jackson.databind.ObjectMapper.readValue","/geode-management/src/test/java/org/apache/geode/management/configuration/AutoSerializerTest.java","46","49","46","92"
"idDeserial",,"warning","Deserialization method called: com.fasterxml.jackson.databind.ObjectMapper.readValue","/geode-management/src/test/java/org/apache/geode/management/configuration/AutoSerializerTest.java","57","49","57","92"
"idDeserial",,"warning","Deserialization method called: com.fasterxml.jackson.databind.ObjectMapper.readValue","/geode-management/src/test/java/org/apache/geode/management/configuration/DeploymentTest.java","58","27","58","66"
"idDeserial",,"warning","Deserialization method called: com.fasterxml.jackson.databind.ObjectMapper.readValue","/geode-management/src/test/java/org/apache/geode/management/configuration/ClassNameTest.java","111","28","111","66"
"idDeserial",,"warning","Deserialization method called: com.fasterxml.jackson.databind.ObjectMapper.readValue","/geode-management/src/test/java/org/apache/geode/management/configuration/ClassNameTest.java","119","30","119","68"
"idDeserial",,"warning","Deserialization method called: java.io.ObjectInputStream.readObject","/geode-management/src/test/java/org/apache/geode/management/configuration/ClassNameTest.java","135","21","135","44"
"idDeserial",,"warning","Deserialization method called: com.fasterxml.jackson.databind.ObjectMapper.readValue","/geode-management/src/test/java/org/apache/geode/management/configuration/RegionTest.java","56","20","56","55"
"idDeserial",,"warning","Deserialization method called: com.fasterxml.jackson.databind.ObjectMapper.readValue","/geode-management/src/test/java/org/apache/geode/management/configuration/RegionTest.java","65","5","65","41"
"idDeserial",,"warning","Deserialization method called: com.fasterxml.jackson.databind.ObjectMapper.readValue","/geode-management/src/test/java/org/apache/geode/management/configuration/PdxTest.java","85","27","85","59"
"idDeserial",,"warning","Deserialization method called: com.fasterxml.jackson.databind.ObjectMapper.readValue","/geode-management/src/test/java/org/apache/geode/management/configuration/RegionTest.java","81","20","81","61"
"idDeserial",,"warning","Deserialization method called: com.fasterxml.jackson.databind.ObjectMapper.readValue","/geode-management/src/test/java/org/apache/geode/management/operation/RebalanceOperationTest.java","40","32","40","79"
"idDeserial",,"warning","Deserialization method called: com.fasterxml.jackson.databind.ObjectMapper.readValue","/geode-management/src/test/java/org/apache/geode/management/configuration/PdxTest.java","106","27","106","59"
"idDeserial",,"warning","Deserialization method called: com.fasterxml.jackson.databind.ObjectMapper.readValue","/geode-management/src/test/java/org/apache/geode/management/configuration/PdxTest.java","123","27","123","59"
"idDeserial",,"warning","Deserialization method called: com.fasterxml.jackson.databind.ObjectMapper.readValue","/geode-management/src/test/java/org/apache/geode/management/operation/RebalanceResultTest.java","51","29","51","73"
"idDeserial",,"warning","Deserialization method called: com.fasterxml.jackson.databind.ObjectMapper.readValue","/geode-management/src/test/java/org/apache/geode/management/configuration/RegionTest.java","100","5","100","41"
"idDeserial",,"warning","Deserialization method called: com.fasterxml.jackson.databind.ObjectMapper.readValue","/geode-management/src/test/java/org/apache/geode/management/configuration/RegionTest.java","113","20","113","60"
"idDeserial",,"warning","Deserialization method called: com.fasterxml.jackson.databind.ObjectMapper.readValue","/geode-management/src/test/java/org/apache/geode/management/runtime/DeploymentInfoTest.java","50","31","50","74"
"idDeserial",,"warning","Deserialization method called: com.fasterxml.jackson.databind.ObjectMapper.readValue","/geode-management/src/test/java/org/apache/geode/management/configuration/RegionTest.java","130","5","130","41"
"idDeserial",,"warning","Deserialization method called: com.fasterxml.jackson.databind.ObjectMapper.readValue","/geode-management/src/test/java/org/apache/geode/management/configuration/RegionTest.java","136","32","136","76"
"idDeserial",,"warning","Deserialization method called: com.fasterxml.jackson.databind.ObjectMapper.readValue","/geode-management/src/test/java/org/apache/geode/management/configuration/RegionTest.java","141","30","141","75"
"idDeserial",,"warning","Deserialization method called: com.fasterxml.jackson.databind.ObjectMapper.readValue","/geode-management/src/test/java/org/apache/geode/management/configuration/RegionTest.java","145","30","145","75"
"idDeserial",,"warning","Deserialization method called: com.fasterxml.jackson.databind.ObjectMapper.readValue","/geode-management/src/test/java/org/apache/geode/management/configuration/RegionTest.java","149","16","149","61"
"idDeserial",,"warning","Deserialization method called: java.io.ObjectInputStream.readObject","/geode-serialization/src/test/java/org/apache/geode/internal/serialization/filter/ReflectiveObjectInputFilterApiTest.java","136","18","136","41"
"idDeserial",,"warning","Deserialization method called: java.io.ObjectInputStream.readObject","/geode-serialization/src/test/java/org/apache/geode/internal/serialization/filter/ReflectiveObjectInputFilterApiTest.java","150","20","150","43"
"idDeserial",,"warning","Deserialization method called: java.io.ObjectInputStream.readObject","/geode-serialization/src/test/java/org/apache/geode/internal/serialization/filter/ReflectiveObjectInputFilterApiTest.java","168","18","168","41"
"idDeserial",,"warning","Deserialization method called: java.io.ObjectInputStream.readObject","/geode-serialization/src/test/java/org/apache/geode/internal/serialization/filter/ReflectiveObjectInputFilterApiTest.java","183","20","183","43"
"idDeserial",,"warning","Deserialization method called: com.fasterxml.jackson.databind.ObjectMapper.readValue","/geode-web-api/src/main/java/org/apache/geode/rest/internal/web/controllers/AbstractBaseController.java","781","13","781","95"
"idDeserial",,"warning","Deserialization method called: com.fasterxml.jackson.databind.ObjectMapper.readValue","/geode-web-api/src/test/java/org/apache/geode/rest/internal/web/controllers/AbstractBaseControllerJUnitTest.java","47","29","47","68"
"idDeserial",,"warning","Deserialization method called: com.fasterxml.jackson.databind.ObjectMapper.readValue","/geode-web-api/src/test/java/org/apache/geode/rest/internal/web/controllers/AbstractBaseControllerJUnitTest.java","59","33","59","74"
"idDeserial",,"warning","Deserialization method called: com.fasterxml.jackson.databind.ObjectMapper.readValue","/geode-web-management/src/main/java/org/apache/geode/management/internal/rest/controllers/DeploymentManagementController.java","113","20","113","77"
