"idDeserial",,"warning","Deserialization method called: org.apache.commons.lang3.SerializationUtils.deserialize","/src/common-service/src/main/java/org/apache/kylin/rest/cache/memcached/CompositeMemcachedCache.java","215","43","215","79"
"idDeserial",,"warning","Deserialization method called: org.apache.commons.lang3.SerializationUtils.deserialize","/src/common-service/src/main/java/org/apache/kylin/rest/cache/memcached/CompositeMemcachedCache.java","244","26","244","62"
"idDeserial",,"warning","Deserialization method called: org.apache.commons.lang3.SerializationUtils.deserialize","/src/common-service/src/main/java/org/apache/kylin/rest/cache/memcached/CompositeMemcachedCache.java","266","47","266","86"
"idDeserial",,"warning","Deserialization method called: org.apache.commons.lang3.SerializationUtils.deserialize","/src/common-service/src/main/java/org/apache/kylin/rest/cache/memcached/MemcachedChunkingCache.java","263","26","263","62"
"idDeserial",,"warning","Deserialization method called: java.io.ObjectInputStream.readObject","/src/common-service/src/main/java/org/apache/kylin/rest/util/SerializeUtil.java","43","20","43","35"
"idDeserial",,"warning","Deserialization method called: com.fasterxml.jackson.databind.ObjectMapper.readValue","/src/core-common/src/main/java/org/apache/kylin/common/persistence/metadata/FileEpochStore.java","102","24","102","64"
"idDeserial",,"warning","Deserialization method called: com.fasterxml.jackson.databind.ObjectMapper.readValue","/src/core-common/src/main/java/org/apache/kylin/common/persistence/metadata/FileEpochStore.java","118","33","118","73"
"idDeserial",,"warning","Deserialization method called: com.fasterxml.jackson.databind.ObjectMapper.readValue","/src/core-common/src/main/java/org/apache/kylin/common/util/JsonUtil.java","80","16","80","47"
"idDeserial",,"warning","Deserialization method called: com.fasterxml.jackson.databind.ObjectMapper.readValue","/src/core-common/src/main/java/org/apache/kylin/common/util/JsonUtil.java","100","16","100","51"
"idDeserial",,"warning","Deserialization method called: com.fasterxml.jackson.databind.ObjectMapper.readValue","/src/core-common/src/main/java/org/apache/kylin/common/util/JsonUtil.java","104","16","104","47"
"idDeserial",,"warning","Deserialization method called: com.fasterxml.jackson.databind.ObjectMapper.readValue","/src/core-common/src/main/java/org/apache/kylin/common/util/JsonUtil.java","108","16","108","47"
"idDeserial",,"warning","Deserialization method called: com.fasterxml.jackson.databind.ObjectMapper.readValue","/src/core-common/src/main/java/org/apache/kylin/common/util/JsonUtil.java","112","16","112","47"
"idDeserial",,"warning","Deserialization method called: com.fasterxml.jackson.databind.ObjectMapper.readValue","/src/core-common/src/main/java/org/apache/kylin/common/util/JsonUtil.java","116","16","116","54"
"idDeserial",,"warning","Deserialization method called: com.fasterxml.jackson.databind.ObjectMapper.readValue","/src/core-common/src/main/java/org/apache/kylin/common/util/JsonUtil.java","120","16","120","50"
"idDeserial",,"warning","Deserialization method called: com.fasterxml.jackson.databind.ObjectMapper.readValue","/src/core-common/src/main/java/org/apache/kylin/common/util/JsonUtil.java","124","16","124","50"
"idDeserial",,"warning","Deserialization method called: com.fasterxml.jackson.databind.ObjectMapper.readValue","/src/core-common/src/main/java/org/apache/kylin/common/util/JsonUtil.java","130","16","130","49"
"idDeserial",,"warning","Deserialization method called: com.fasterxml.jackson.databind.ObjectMapper.readValue","/src/core-common/src/main/java/org/apache/kylin/common/util/JsonUtil.java","136","16","136","49"
"idDeserial",,"warning","Deserialization method called: com.fasterxml.jackson.databind.ObjectMapper.readValue","/src/core-common/src/main/java/org/apache/kylin/common/util/JsonUtil.java","142","16","142","49"
"idDeserial",,"warning","Deserialization method called: com.fasterxml.jackson.databind.ObjectMapper.readValue","/src/core-common/src/main/java/org/apache/kylin/common/util/JsonUtil.java","195","16","195","45"
"idDeserial",,"warning","Deserialization method called: com.fasterxml.jackson.databind.ObjectMapper.readValue","/src/core-common/src/main/java/org/apache/kylin/common/util/JsonUtil.java","200","16","200","45"
"idDeserial",,"warning","Deserialization method called: java.io.ObjectInputStream.readObject","/src/core-common/src/main/java/org/apache/kylin/common/util/OrderedProperties.java","332","44","332","62"
"idDeserial",,"warning","Deserialization method called: com.fasterxml.jackson.databind.ObjectMapper.readValue","/src/core-common/src/test/java/org/apache/kylin/common/util/ArgsTypeJsonDeserializerTest.java","50","35","50","78"
"idDeserial",,"warning","Deserialization method called: com.fasterxml.jackson.databind.ObjectMapper.readValue","/src/core-common/src/test/java/org/apache/kylin/common/util/ArgsTypeJsonDeserializerTest.java","62","35","62","78"
"idDeserial",,"warning","Deserialization method called: com.fasterxml.jackson.databind.ObjectMapper.readValue","/src/core-common/src/test/java/org/apache/kylin/common/util/ArgsTypeJsonDeserializerTest.java","74","35","74","78"
"idDeserial",,"warning","Deserialization method called: com.fasterxml.jackson.databind.ObjectMapper.readValue","/src/core-common/src/test/java/org/apache/kylin/common/util/ArgsTypeJsonDeserializerTest.java","84","35","84","78"
"idDeserial",,"warning","Deserialization method called: com.fasterxml.jackson.databind.ObjectMapper.readValue","/src/core-common/src/test/java/org/apache/kylin/common/util/ArgsTypeJsonDeserializerTest.java","96","35","96","78"
"idDeserial",,"warning","Deserialization method called: com.fasterxml.jackson.databind.ObjectMapper.readValue","/src/core-common/src/test/java/org/apache/kylin/common/util/ArgsTypeJsonDeserializerTest.java","108","35","108","78"
"idDeserial",,"warning","Deserialization method called: com.fasterxml.jackson.databind.ObjectMapper.readValue","/src/core-common/src/test/java/org/apache/kylin/common/util/ArgsTypeJsonDeserializerTest.java","119","17","119","60"
"idDeserial",,"warning","Deserialization method called: com.fasterxml.jackson.databind.ObjectMapper.readValue","/src/core-common/src/test/java/org/apache/kylin/common/util/ArgsTypeJsonDeserializerTest.java","135","17","135","60"
"idDeserial",,"warning","Deserialization method called: com.fasterxml.jackson.databind.ObjectMapper.readValue","/src/datasource-sdk/src/main/java/org/apache/kylin/sdk/datasource/framework/utils/XmlUtil.java","37","16","37","50"
"idDeserial",,"warning","Deserialization method called: com.fasterxml.jackson.databind.ObjectMapper.readValue","/src/datasource-sdk/src/main/java/org/apache/kylin/sdk/datasource/framework/utils/XmlUtil.java","41","16","41","58"
"idDeserial",,"warning","Deserialization method called: com.fasterxml.jackson.databind.ObjectMapper.readValue","/src/datasource-sdk/src/main/java/org/apache/kylin/sdk/datasource/framework/utils/XmlUtil.java","45","16","45","54"
"idDeserial",,"warning","Deserialization method called: com.fasterxml.jackson.databind.ObjectMapper.readValue","/src/jdbc/src/main/java/org/apache/kylin/jdbc/KylinClient.java","372","71","374","22"
"idDeserial",,"warning","Deserialization method called: com.fasterxml.jackson.databind.ObjectMapper.readValue","/src/jdbc/src/main/java/org/apache/kylin/jdbc/KylinClient.java","390","89","393","22"
"idDeserial",,"warning","Deserialization method called: com.fasterxml.jackson.databind.ObjectMapper.readValue","/src/jdbc/src/main/java/org/apache/kylin/jdbc/KylinClient.java","573","50","575","22"
"idDeserial",,"warning","Deserialization method called: com.fasterxml.jackson.databind.ObjectMapper.readValue","/src/jdbc/src/test/java/org/apache/kylin/jdbc/SQLResonseStubTest.java","41","38","41","97"
"idDeserial",,"warning","Deserialization method called: com.fasterxml.jackson.databind.ObjectMapper.readValue","/src/jdbc/src/test/java/org/apache/kylin/jdbc/SQLResonseStubTest.java","55","38","55","97"
"idDeserial",,"warning","Deserialization method called: com.fasterxml.jackson.databind.ObjectMapper.readValue","/src/modeling-service/src/main/java/org/apache/kylin/tool/bisync/tableau/TableauDataSourceConverter.java","121","20","121","71"
"idDeserial",,"warning","Deserialization method called: com.fasterxml.jackson.databind.ObjectMapper.readValue","/src/modeling-service/src/main/java/org/apache/kylin/tool/bisync/tableau/TableauDataSourceConverter.java","428","37","428","79"
"idDeserial",,"warning","Deserialization method called: com.fasterxml.jackson.databind.ObjectMapper.readValue","/src/tool/src/main/java/org/apache/kylin/tool/discovery/ServiceInstanceSerializer.java","40","19","40","54"
