"idDeserial",,"warning","Deserialization method called: java.io.ObjectInputStream.readObject","/apisupport/apisupport.ant/src/org/netbeans/modules/apisupport/project/universe/PlatformLayersCacheManager.java","186","55","186","70"
"idDeserial",,"warning","Deserialization method called: java.io.ObjectInputStream.readObject","/apisupport/apisupport.ant/src/org/netbeans/modules/apisupport/project/universe/PlatformLayersCacheManager.java","187","50","187","65"
"idDeserial",,"warning","Deserialization method called: java.io.ObjectInputStream.readObject","/apisupport/apisupport.ant/src/org/netbeans/modules/apisupport/project/universe/PlatformLayersCacheManager.java","544","47","544","62"
"idDeserial",,"warning","Deserialization method called: com.fasterxml.jackson.databind.ObjectMapper.readValue","/enterprise/cloud.oracle/src/org/netbeans/modules/cloud/oracle/adm/AuditCache.java","242","35","242","94"
"idDeserial",,"warning","Deserialization method called: com.google.gson.Gson.fromJson","/enterprise/cloud.oracle/src/org/netbeans/modules/cloud/oracle/devops/DevopsProjectService.java","49","35","49","121"
"idDeserial",,"warning","Deserialization method called: com.google.gson.Gson.fromJson","/enterprise/micronaut/src/org/netbeans/modules/micronaut/db/MicronautDataEndpointGenerator.java","204","77","204","151"
"idDeserial",,"warning","Deserialization method called: com.google.gson.Gson.fromJson","/enterprise/micronaut/src/org/netbeans/modules/micronaut/db/MicronautDataEndpointGenerator.java","213","70","213","122"
"idDeserial",,"warning","Deserialization method called: com.google.gson.Gson.fromJson","/enterprise/micronaut/src/org/netbeans/modules/micronaut/newproject/MicronautLaunchService.java","65","27","65","89"
"idDeserial",,"warning","Deserialization method called: com.google.gson.Gson.fromJson","/enterprise/micronaut/src/org/netbeans/modules/micronaut/newproject/MicronautLaunchService.java","73","27","73","98"
"idDeserial",,"warning","Deserialization method called: com.google.gson.Gson.fromJson","/enterprise/micronaut/src/org/netbeans/modules/micronaut/newproject/MicronautLaunchService.java","87","27","87","88"
"idDeserial",,"warning","Deserialization method called: com.google.gson.Gson.fromJson","/enterprise/micronaut/src/org/netbeans/modules/micronaut/newproject/MicronautLaunchService.java","101","27","101","131"
"idDeserial",,"warning","Deserialization method called: java.io.ObjectInputStream.readObject","/enterprise/web.jsf.navigation/src/org/netbeans/modules/web/jsf/navigation/PageFlowElement.java","248","25","248","39"
"idDeserial",,"warning","Deserialization method called: java.io.ObjectInputStream.readObject","/extide/gradle/src/org/netbeans/modules/gradle/cache/AbstractDiskCache.java","97","39","97","53"
"idDeserial",,"warning","Deserialization method called: java.io.ObjectInputStream.readObject","/extide/gradle/src/org/netbeans/modules/gradle/loaders/GradleArtifactStore.java","284","68","284","82"
"idDeserial",,"warning","Deserialization method called: java.io.ObjectInputStream.readObject","/extide/gradle/src/org/netbeans/modules/gradle/loaders/GradleArtifactStore.java","299","62","299","76"
"idDeserial",,"warning","Deserialization method called: java.io.ObjectInputStream.readObject","/extide/gradle/src/org/netbeans/modules/gradle/loaders/GradleArtifactStore.java","304","62","304","76"
"idDeserial",,"warning","Deserialization method called: java.io.ObjectInputStream.readObject","/ide/db/libsrc/org/netbeans/lib/ddl/impl/AbstractCommand.java","264","26","264","40"
"idDeserial",,"warning","Deserialization method called: java.io.ObjectInputStream.readObject","/ide/db/libsrc/org/netbeans/lib/ddl/impl/AbstractCommand.java","265","25","265","39"
"idDeserial",,"warning","Deserialization method called: java.io.ObjectInputStream.readObject","/ide/db/libsrc/org/netbeans/lib/ddl/impl/AbstractCommand.java","266","24","266","38"
"idDeserial",,"warning","Deserialization method called: java.io.ObjectInputStream.readObject","/ide/db/libsrc/org/netbeans/lib/ddl/impl/AbstractCommand.java","267","25","267","39"
"idDeserial",,"warning","Deserialization method called: java.io.ObjectInputStream.readObject","/ide/db/libsrc/org/netbeans/lib/ddl/impl/AbstractTableColumn.java","216","24","216","38"
"idDeserial",,"warning","Deserialization method called: java.io.ObjectInputStream.readObject","/ide/db/libsrc/org/netbeans/lib/ddl/impl/AbstractTableColumn.java","217","25","217","39"
"idDeserial",,"warning","Deserialization method called: java.io.ObjectInputStream.readObject","/ide/db/libsrc/org/netbeans/lib/ddl/impl/AbstractTableColumn.java","218","26","218","40"
"idDeserial",,"warning","Deserialization method called: java.io.ObjectInputStream.readObject","/ide/db/libsrc/org/netbeans/lib/ddl/impl/AbstractTableColumn.java","219","25","219","39"
"idDeserial",,"warning","Deserialization method called: java.io.ObjectInputStream.readObject","/ide/db/libsrc/org/netbeans/lib/ddl/impl/AbstractTableColumn.java","220","25","220","39"
"idDeserial",,"warning","Deserialization method called: java.io.ObjectInputStream.readObject","/ide/db/libsrc/org/netbeans/lib/ddl/impl/AbstractTableColumn.java","221","26","221","40"
"idDeserial",,"warning","Deserialization method called: java.io.ObjectInputStream.readObject","/ide/db/libsrc/org/netbeans/lib/ddl/impl/AbstractTableColumn.java","222","26","222","40"
"idDeserial",,"warning","Deserialization method called: java.io.ObjectInputStream.readObject","/ide/db/libsrc/org/netbeans/lib/ddl/impl/ColumnListCommand.java","129","27","129","41"
"idDeserial",,"warning","Deserialization method called: java.io.ObjectInputStream.readObject","/ide/db/libsrc/org/netbeans/lib/ddl/impl/TableColumn.java","238","26","238","40"
"idDeserial",,"warning","Deserialization method called: java.io.ObjectInputStream.readObject","/ide/db/libsrc/org/netbeans/lib/ddl/impl/TableColumn.java","239","26","239","40"
"idDeserial",,"warning","Deserialization method called: java.io.ObjectInputStream.readObject","/ide/db/src/org/netbeans/modules/db/explorer/DatabaseConnection.java","1083","24","1083","38"
"idDeserial",,"warning","Deserialization method called: java.io.ObjectInputStream.readObject","/ide/db/src/org/netbeans/modules/db/explorer/DatabaseConnection.java","1084","23","1084","37"
"idDeserial",,"warning","Deserialization method called: java.io.ObjectInputStream.readObject","/ide/db/src/org/netbeans/modules/db/explorer/DatabaseConnection.java","1085","24","1085","38"
"idDeserial",,"warning","Deserialization method called: java.io.ObjectInputStream.readObject","/ide/db/src/org/netbeans/modules/db/explorer/DatabaseConnection.java","1086","27","1086","41"
"idDeserial",,"warning","Deserialization method called: java.io.ObjectInputStream.readObject","/ide/db/src/org/netbeans/modules/db/explorer/DatabaseConnection.java","1088","25","1088","39"
"idDeserial",,"warning","Deserialization method called: java.io.ObjectInputStream.readObject","/ide/db/src/org/netbeans/modules/db/explorer/DatabaseConnection.java","1091","32","1091","46"
"idDeserial",,"warning","Deserialization method called: java.io.ObjectInputStream.readObject","/ide/db/src/org/netbeans/modules/db/explorer/DatabaseConnection.java","1092","36","1092","50"
"idDeserial",,"warning","Deserialization method called: java.io.ObjectInputStream.readObject","/ide/db/src/org/netbeans/modules/db/explorer/DatabaseConnection.java","1098","49","1098","63"
"idDeserial",,"warning","Deserialization method called: java.io.ObjectInputStream.readObject","/ide/db/src/org/netbeans/modules/db/explorer/action/RecreateTableAction.java","109","52","109","71"
"idDeserial",,"warning","Deserialization method called: java.io.ObjectInputStream.readObject","/ide/editor.lib/src/org/netbeans/editor/WeakEventListenerList.java","209","46","209","60"
"idDeserial",,"warning","Deserialization method called: java.io.ObjectInputStream.readObject","/ide/editor.lib/src/org/netbeans/editor/WeakEventListenerList.java","210","46","210","60"
"idDeserial",,"warning","Deserialization method called: java.io.ObjectInputStream.readObject","/ide/editor.util/src/org/netbeans/lib/editor/util/GapList.java","867","22","867","35"
"idDeserial",,"warning","Deserialization method called: java.io.ObjectInputStream.readObject","/ide/editor.util/src/org/netbeans/lib/editor/util/GapList.java","875","22","875","35"
"idDeserial",,"warning","Deserialization method called: java.io.ObjectInputStream.readObject","/ide/editor.util/src/org/netbeans/lib/editor/util/ListenerList.java","145","42","145","55"
"idDeserial",,"warning","Deserialization method called: java.io.ObjectInputStream.readObject","/ide/editor.util/src/org/netbeans/lib/editor/util/PriorityListenerList.java","222","46","222","59"
"idDeserial",,"warning","Deserialization method called: com.google.gson.Gson.fromJson","/ide/lsp.client/src/org/netbeans/modules/lsp/client/options/LanguageStorage.java","58","30","58","91"
"idDeserial",,"warning","Deserialization method called: java.io.ObjectInputStream.readObject","/ide/projectui/src/org/netbeans/modules/project/ui/ExtIcon.java","50","26","50","43"
"idDeserial",,"warning","Deserialization method called: java.io.ObjectInputStream.readObject","/ide/utilities/src/org/netbeans/modules/openfile/RecentFiles.java","393","30","393","47"
"idDeserial",,"warning","Deserialization method called: java.io.ObjectInputStream.readObject","/java/form/src/org/netbeans/modules/form/FormUtils.java","657","24","657","94"
"idDeserial",,"warning","Deserialization method called: java.io.ObjectInputStream.readObject","/java/form/src/org/netbeans/modules/form/GandalfPersistenceManager.java","5815","16","5815","40"
"idDeserial",,"warning","Deserialization method called: com.google.gson.Gson.fromJson","/java/java.lsp.server/src/org/netbeans/modules/java/lsp/server/db/DBAddConnection.java","100","91","100","145"
"idDeserial",,"warning","Deserialization method called: com.google.gson.Gson.fromJson","/java/java.lsp.server/src/org/netbeans/modules/java/lsp/server/explorer/NodeActionsProvider.java","101","31","101","92"
"idDeserial",,"warning","Deserialization method called: com.google.gson.Gson.fromJson","/java/java.lsp.server/src/org/netbeans/modules/java/lsp/server/explorer/NodeActionsProvider.java","178","30","178","80"
"idDeserial",,"warning","Deserialization method called: com.google.gson.Gson.fromJson","/java/java.lsp.server/src/org/netbeans/modules/java/lsp/server/explorer/NodePropertiesProvider.java","102","43","102","90"
"idDeserial",,"warning","Deserialization method called: com.google.gson.Gson.fromJson","/java/java.lsp.server/src/org/netbeans/modules/java/lsp/server/htmlui/WebView.java","384","31","384","85"
"idDeserial",,"warning","Deserialization method called: com.google.gson.Gson.fromJson","/java/java.lsp.server/src/org/netbeans/modules/java/lsp/server/protocol/ConstructorGenerator.java","213","62","213","121"
"idDeserial",,"warning","Deserialization method called: com.google.gson.Gson.fromJson","/java/java.lsp.server/src/org/netbeans/modules/java/lsp/server/protocol/ConstructorGenerator.java","214","56","214","109"
"idDeserial",,"warning","Deserialization method called: com.google.gson.Gson.fromJson","/java/java.lsp.server/src/org/netbeans/modules/java/lsp/server/protocol/ConstructorGenerator.java","277","44","277","108"
"idDeserial",,"warning","Deserialization method called: com.google.gson.Gson.fromJson","/java/java.lsp.server/src/org/netbeans/modules/java/lsp/server/protocol/ConstructorGenerator.java","281","44","281","108"
"idDeserial",,"warning","Deserialization method called: com.google.gson.Gson.fromJson","/java/java.lsp.server/src/org/netbeans/modules/java/lsp/server/protocol/DelegateMethodGenerator.java","162","34","162","96"
"idDeserial",,"warning","Deserialization method called: com.google.gson.Gson.fromJson","/java/java.lsp.server/src/org/netbeans/modules/java/lsp/server/protocol/DelegateMethodGenerator.java","163","56","163","109"
"idDeserial",,"warning","Deserialization method called: com.google.gson.Gson.fromJson","/java/java.lsp.server/src/org/netbeans/modules/java/lsp/server/protocol/DelegateMethodGenerator.java","191","68","191","132"
"idDeserial",,"warning","Deserialization method called: com.google.gson.Gson.fromJson","/java/java.lsp.server/src/org/netbeans/modules/java/lsp/server/protocol/DelegateMethodGenerator.java","192","75","192","148"
"idDeserial",,"warning","Deserialization method called: com.google.gson.Gson.fromJson","/java/java.lsp.server/src/org/netbeans/modules/java/lsp/server/protocol/DelegateMethodGenerator.java","258","59","258","132"
"idDeserial",,"warning","Deserialization method called: com.google.gson.Gson.fromJson","/java/java.lsp.server/src/org/netbeans/modules/java/lsp/server/protocol/DelegateMethodGenerator.java","260","40","260","104"
"idDeserial",,"warning","Deserialization method called: com.google.gson.Gson.fromJson","/java/java.lsp.server/src/org/netbeans/modules/java/lsp/server/protocol/EqualsHashCodeGenerator.java","146","56","146","109"
"idDeserial",,"warning","Deserialization method called: com.google.gson.Gson.fromJson","/java/java.lsp.server/src/org/netbeans/modules/java/lsp/server/protocol/EqualsHashCodeGenerator.java","170","60","170","124"
"idDeserial",,"warning","Deserialization method called: com.google.gson.Gson.fromJson","/java/java.lsp.server/src/org/netbeans/modules/java/lsp/server/protocol/GetterSetterGenerator.java","154","56","154","109"
"idDeserial",,"warning","Deserialization method called: com.google.gson.Gson.fromJson","/java/java.lsp.server/src/org/netbeans/modules/java/lsp/server/protocol/GetterSetterGenerator.java","191","40","191","104"
"idDeserial",,"warning","Deserialization method called: com.google.gson.Gson.fromJson","/java/java.lsp.server/src/org/netbeans/modules/java/lsp/server/protocol/ImplementAllAbstractMethodsAction.java","74","37","74","96"
"idDeserial",,"warning","Deserialization method called: com.google.gson.Gson.fromJson","/java/java.lsp.server/src/org/netbeans/modules/java/lsp/server/protocol/ImplementOverrideMethodGenerator.java","154","57","154","111"
"idDeserial",,"warning","Deserialization method called: com.google.gson.Gson.fromJson","/java/java.lsp.server/src/org/netbeans/modules/java/lsp/server/protocol/ImplementOverrideMethodGenerator.java","182","40","182","104"
"idDeserial",,"warning","Deserialization method called: com.google.gson.Gson.fromJson","/java/java.lsp.server/src/org/netbeans/modules/java/lsp/server/protocol/NbCodeClientCapabilities.java","198","51","204","84"
"idDeserial",,"warning","Deserialization method called: com.google.gson.Gson.fromJson","/java/java.lsp.server/src/org/netbeans/modules/java/lsp/server/protocol/QuickOpen.java","112","44","112","108"
"idDeserial",,"warning","Deserialization method called: com.google.gson.Gson.fromJson","/java/java.lsp.server/src/org/netbeans/modules/java/lsp/server/protocol/TextDocumentServiceImpl.java","524","35","524","84"
"idDeserial",,"warning","Deserialization method called: com.google.gson.Gson.fromJson","/java/java.lsp.server/src/org/netbeans/modules/java/lsp/server/protocol/ToStringGenerator.java","140","56","140","109"
"idDeserial",,"warning","Deserialization method called: com.google.gson.Gson.fromJson","/java/java.lsp.server/src/org/netbeans/modules/java/lsp/server/protocol/ToStringGenerator.java","171","40","171","104"
"idDeserial",,"warning","Deserialization method called: com.google.gson.Gson.fromJson","/java/java.lsp.server/src/org/netbeans/modules/java/lsp/server/protocol/WorkspaceServiceImpl.java","508","32","508","103"
"idDeserial",,"warning","Deserialization method called: com.google.gson.Gson.fromJson","/java/java.lsp.server/src/org/netbeans/modules/java/lsp/server/protocol/WorkspaceServiceImpl.java","237","52","237","134"
"idDeserial",,"warning","Deserialization method called: com.google.gson.Gson.fromJson","/java/java.lsp.server/src/org/netbeans/modules/java/lsp/server/protocol/WorkspaceServiceImpl.java","243","40","243","114"
"idDeserial",,"warning","Deserialization method called: com.google.gson.Gson.fromJson","/java/java.lsp.server/src/org/netbeans/modules/java/lsp/server/protocol/WorkspaceServiceImpl.java","1395","61","1395","118"
"idDeserial",,"warning","Deserialization method called: com.google.gson.Gson.fromJson","/java/java.lsp.server/src/org/netbeans/modules/java/lsp/server/refactoring/ChangeMethodParametersRefactoring.java","143","30","143","87"
"idDeserial",,"warning","Deserialization method called: com.google.gson.Gson.fromJson","/java/java.lsp.server/src/org/netbeans/modules/java/lsp/server/refactoring/ChangeMethodParametersRefactoring.java","144","44","144","108"
"idDeserial",,"warning","Deserialization method called: com.google.gson.Gson.fromJson","/java/java.lsp.server/src/org/netbeans/modules/java/lsp/server/refactoring/ChangeMethodParametersRefactoring.java","145","40","145","110"
"idDeserial",,"warning","Deserialization method called: com.google.gson.Gson.fromJson","/java/java.lsp.server/src/org/netbeans/modules/java/lsp/server/refactoring/ExtractSuperclassOrInterfaceRefactoring.java","183","26","183","83"
"idDeserial",,"warning","Deserialization method called: com.google.gson.Gson.fromJson","/java/java.lsp.server/src/org/netbeans/modules/java/lsp/server/refactoring/ExtractSuperclassOrInterfaceRefactoring.java","184","34","184","98"
"idDeserial",,"warning","Deserialization method called: com.google.gson.Gson.fromJson","/java/java.lsp.server/src/org/netbeans/modules/java/lsp/server/refactoring/ExtractSuperclassOrInterfaceRefactoring.java","185","57","185","123"
"idDeserial",,"warning","Deserialization method called: com.google.gson.Gson.fromJson","/java/java.lsp.server/src/org/netbeans/modules/java/lsp/server/refactoring/ExtractSuperclassOrInterfaceRefactoring.java","207","36","207","102"
"idDeserial",,"warning","Deserialization method called: com.google.gson.Gson.fromJson","/java/java.lsp.server/src/org/netbeans/modules/java/lsp/server/refactoring/ExtractSuperclassOrInterfaceRefactoring.java","218","38","218","104"
"idDeserial",,"warning","Deserialization method called: com.google.gson.Gson.fromJson","/java/java.lsp.server/src/org/netbeans/modules/java/lsp/server/refactoring/ExtractSuperclassOrInterfaceRefactoring.java","230","50","230","116"
"idDeserial",,"warning","Deserialization method called: com.google.gson.Gson.fromJson","/java/java.lsp.server/src/org/netbeans/modules/java/lsp/server/refactoring/MoveRefactoring.java","149","30","149","87"
"idDeserial",,"warning","Deserialization method called: com.google.gson.Gson.fromJson","/java/java.lsp.server/src/org/netbeans/modules/java/lsp/server/refactoring/MoveRefactoring.java","158","55","158","117"
"idDeserial",,"warning","Deserialization method called: com.google.gson.Gson.fromJson","/java/java.lsp.server/src/org/netbeans/modules/java/lsp/server/refactoring/PullUpRefactoring.java","144","30","144","87"
"idDeserial",,"warning","Deserialization method called: com.google.gson.Gson.fromJson","/java/java.lsp.server/src/org/netbeans/modules/java/lsp/server/refactoring/PullUpRefactoring.java","145","30","145","88"
"idDeserial",,"warning","Deserialization method called: com.google.gson.Gson.fromJson","/java/java.lsp.server/src/org/netbeans/modules/java/lsp/server/refactoring/PullUpRefactoring.java","146","44","146","108"
"idDeserial",,"warning","Deserialization method called: com.google.gson.Gson.fromJson","/java/java.lsp.server/src/org/netbeans/modules/java/lsp/server/refactoring/PullUpRefactoring.java","147","66","147","132"
"idDeserial",,"warning","Deserialization method called: com.google.gson.Gson.fromJson","/java/java.lsp.server/src/org/netbeans/modules/java/lsp/server/refactoring/PullUpRefactoring.java","195","59","195","125"
"idDeserial",,"warning","Deserialization method called: com.google.gson.Gson.fromJson","/java/java.lsp.server/src/org/netbeans/modules/java/lsp/server/refactoring/PullUpRefactoring.java","197","59","197","125"
"idDeserial",,"warning","Deserialization method called: com.google.gson.Gson.fromJson","/java/java.lsp.server/src/org/netbeans/modules/java/lsp/server/refactoring/PullUpRefactoring.java","232","42","232","108"
"idDeserial",,"warning","Deserialization method called: com.google.gson.Gson.fromJson","/java/java.lsp.server/src/org/netbeans/modules/java/lsp/server/refactoring/PullUpRefactoring.java","233","42","233","108"
"idDeserial",,"warning","Deserialization method called: com.google.gson.Gson.fromJson","/java/java.lsp.server/src/org/netbeans/modules/java/lsp/server/refactoring/PullUpRefactoring.java","239","34","239","100"
"idDeserial",,"warning","Deserialization method called: com.google.gson.Gson.fromJson","/java/java.lsp.server/src/org/netbeans/modules/java/lsp/server/refactoring/PushDownRefactoring.java","154","30","154","87"
"idDeserial",,"warning","Deserialization method called: com.google.gson.Gson.fromJson","/java/java.lsp.server/src/org/netbeans/modules/java/lsp/server/refactoring/PushDownRefactoring.java","155","44","155","108"
"idDeserial",,"warning","Deserialization method called: com.google.gson.Gson.fromJson","/java/java.lsp.server/src/org/netbeans/modules/java/lsp/server/refactoring/PushDownRefactoring.java","156","61","156","127"
"idDeserial",,"warning","Deserialization method called: com.google.gson.Gson.fromJson","/java/java.lsp.server/src/org/netbeans/modules/java/lsp/server/refactoring/PushDownRefactoring.java","179","42","179","108"
"idDeserial",,"warning","Deserialization method called: com.google.gson.Gson.fromJson","/java/java.lsp.server/src/org/netbeans/modules/java/lsp/server/refactoring/PushDownRefactoring.java","184","34","184","100"
"idDeserial",,"warning","Deserialization method called: com.google.gson.Gson.fromJson","/java/java.openjdk.project/src/org/netbeans/modules/java/openjdk/project/CProjectConfigurationProviderImpl.java","169","28","169","66"
"idDeserial",,"warning","Deserialization method called: java.io.ObjectInputStream.readObject","/java/lib.jshell.agent/agentsrc/org/netbeans/lib/jshell/agent/RemoteAgent.java","82","46","82","60"
"idDeserial",,"warning","Deserialization method called: java.io.ObjectInputStream.readObject","/platform/core.startup/src/org/netbeans/core/startup/ModuleList.java","635","37","635","52"
"idDeserial",,"warning","Deserialization method called: java.io.ObjectInputStream.readObject","/platform/core.startup/src/org/netbeans/core/startup/layers/BinaryFS.java","790","20","790","60"
"idDeserial",,"warning","Deserialization method called: java.io.ObjectInputStream.readObject","/platform/o.n.core/src/org/netbeans/core/NbLoaderPool.java","383","35","383","51"
"idDeserial",,"warning","Deserialization method called: java.io.ObjectInputStream.readObject","/platform/o.n.core/src/org/netbeans/core/NbLoaderPool.java","384","34","384","50"
"idDeserial",,"warning","Deserialization method called: java.io.ObjectInputStream.readObject","/platform/o.n.core/src/org/netbeans/core/NbLoaderPool.java","397","25","397","40"
"idDeserial",,"warning","Deserialization method called: java.io.ObjectInputStream.readObject","/platform/o.n.core/src/org/netbeans/core/NbLoaderPool.java","428","40","428","55"
"idDeserial",,"warning","Deserialization method called: java.io.ObjectInputStream.readObject","/platform/o.n.core/src/org/netbeans/core/NbLoaderPool.java","430","44","430","59"
"idDeserial",,"warning","Deserialization method called: java.io.ObjectInputStream.readObject","/platform/o.n.core/src/org/netbeans/core/NbLoaderPool.java","494","59","494","75"
"idDeserial",,"warning","Deserialization method called: java.io.ObjectInputStream.readObject","/platform/o.n.core/src/org/netbeans/core/Services.java","333","59","333","74"
"idDeserial",,"warning","Deserialization method called: java.io.ObjectInputStream.readObject","/platform/openide.explorer/src/org/openide/explorer/ExplorerManager.java","675","30","675","45"
"idDeserial",,"warning","Deserialization method called: java.io.ObjectInputStream.readObject","/platform/openide.explorer/src/org/openide/explorer/ExplorerManager.java","735","43","735","58"
"idDeserial",,"warning","Deserialization method called: java.io.ObjectInputStream.readObject","/platform/openide.explorer/src/org/openide/explorer/ExplorerManager.java","736","47","736","62"
"idDeserial",,"warning","Deserialization method called: java.io.ObjectInputStream.readObject","/platform/openide.explorer/src/org/openide/explorer/ExplorerManager.java","740","44","740","59"
"idDeserial",,"warning","Deserialization method called: java.io.ObjectInputStream.readObject","/platform/openide.filesystems/src/org/openide/filesystems/DefaultAttributes.java","687","28","687","43"
"idDeserial",,"warning","Deserialization method called: java.io.ObjectInputStream.readObject","/platform/openide.filesystems/src/org/openide/filesystems/XMLMapAttr.java","861","30","861","45"
"idDeserial",,"warning","Deserialization method called: java.io.ObjectInputStream.readObject","/platform/openide.loaders/src/org/openide/loaders/FolderLookup.java","345","41","345","57"
"idDeserial",,"warning","Deserialization method called: java.io.ObjectInputStream.readObject","/platform/openide.loaders/src/org/openide/loaders/FolderLookup.java","346","35","346","51"
"idDeserial",,"warning","Deserialization method called: java.io.ObjectInputStream.readObject","/platform/openide.loaders/src/org/openide/loaders/FolderLookup.java","341","33","341","48"
"idDeserial",,"warning","Deserialization method called: java.io.ObjectInputStream.readObject","/platform/openide.loaders/src/org/openide/loaders/FolderLookup.java","351","47","351","63"
"idDeserial",,"warning","Deserialization method called: java.io.ObjectInputStream.readObject","/platform/openide.loaders/src/org/openide/loaders/InstanceSupport.java","185","28","185","44"
"idDeserial",,"warning","Deserialization method called: java.io.ObjectInputStream.readObject","/platform/openide.loaders/src/org/openide/loaders/InstanceSupport.java","437","13","437","29"
"idDeserial",,"warning","Deserialization method called: java.io.ObjectInputStream.readObject","/platform/openide.text/src/org/openide/text/DocumentLine.java","295","29","295","44"
"idDeserial",,"warning","Deserialization method called: java.io.ObjectInputStream.readObject","/platform/openide.text/src/org/openide/text/PositionRef.java","126","29","126","43"
"idDeserial",,"warning","Deserialization method called: java.io.ObjectInputStream.readObject","/platform/openide.text/src/org/openide/text/PositionRef.java","261","34","261","48"
"idDeserial",,"warning","Deserialization method called: java.io.ObjectInputStream.readObject","/platform/openide.util/src/org/openide/util/WeakSet.java","197","35","197","53"
"idDeserial",,"warning","Deserialization method called: java.io.ObjectInputStream.readObject","/platform/openide.util/src/org/openide/util/io/NbMarshalledObject.java","105","20","105","35"
"idDeserial",,"warning","Deserialization method called: java.io.ObjectInputStream.readObject","/platform/openide.util/src/org/openide/util/io/NbObjectInputStream.java","159","26","159","41"
"idDeserial",,"warning","Deserialization method called: java.io.ObjectInputStream.readObject","/platform/openide.util.lookup/src/org/openide/util/lookup/InheritanceTree.java","145","25","145","40"
"idDeserial",,"warning","Deserialization method called: java.io.ObjectInputStream.readObject","/platform/openide.util.lookup/src/org/openide/util/lookup/InheritanceTree.java","151","34","151","49"
"idDeserial",,"warning","Deserialization method called: java.io.ObjectInputStream.readObject","/platform/openide.util.lookup/src/org/openide/util/lookup/InheritanceTree.java","152","24","152","39"
"idDeserial",,"warning","Deserialization method called: java.io.ObjectInputStream.readObject","/platform/openide.util.ui/src/org/openide/ServiceType.java","400","37","400","52"
"idDeserial",,"warning","Deserialization method called: java.io.ObjectInputStream.readObject","/platform/openide.util.ui/src/org/openide/ServiceType.java","398","29","398","44"
"idDeserial",,"warning","Deserialization method called: java.io.ObjectInputStream.readObject","/platform/openide.util.ui/src/org/openide/util/ImageUtilities.java","1083","41","1083","55"
"idDeserial",,"warning","Deserialization method called: java.io.ObjectInputStream.readObject","/platform/openide.windows/src/org/openide/windows/TopComponent.java","1819","36","1819","51"
"idDeserial",,"warning","Deserialization method called: java.io.ObjectInputStream.readObject","/platform/uihandler/src/org/netbeans/modules/uihandler/AfterRestartExceptions.java","165","34","165","48"
"idDeserial",,"warning","Deserialization method called: java.io.ObjectInputStream.readObject","/profiler/lib.profiler/src/org/netbeans/lib/profiler/global/CalibrationDataFileIO.java","104","57","104","77"
"idDeserial",,"warning","Deserialization method called: java.io.ObjectInputStream.readObject","/profiler/lib.profiler/src/org/netbeans/lib/profiler/global/CalibrationDataFileIO.java","105","58","105","78"
"idDeserial",,"warning","Deserialization method called: java.io.ObjectInputStream.readObject","/profiler/lib.profiler/src/org/netbeans/lib/profiler/global/CalibrationDataFileIO.java","106","58","106","78"
"idDeserial",,"warning","Deserialization method called: java.io.ObjectInputStream.readObject","/profiler/lib.profiler/src/org/netbeans/lib/profiler/global/CalibrationDataFileIO.java","107","51","107","71"
"idDeserial",,"warning","Deserialization method called: java.io.ObjectInputStream.readObject","/profiler/lib.profiler/src/org/netbeans/lib/profiler/wireprotocol/InitiateProfilingCommand.java","148","41","148","55"
"idDeserial",,"warning","Deserialization method called: java.io.ObjectInputStream.readObject","/profiler/lib.profiler/src/org/netbeans/lib/profiler/wireprotocol/InitiateProfilingCommand.java","149","49","149","63"
"idDeserial",,"warning","Deserialization method called: java.io.ObjectInputStream.readObject","/profiler/lib.profiler/src/org/netbeans/lib/profiler/wireprotocol/InitiateProfilingCommand.java","150","46","150","60"
"idDeserial",,"warning","Deserialization method called: java.io.ObjectInputStream.readObject","/profiler/lib.profiler/src/org/netbeans/lib/profiler/wireprotocol/ThreadDumpResponse.java","72","32","72","46"
"idDeserial",,"warning","Deserialization method called: java.io.ObjectInputStream.readObject","/profiler/profiler/src/org/netbeans/modules/profiler/LoadedSnapshot.java","596","48","596","62"
