"idDeserial",,"warning","Deserialization method called: com.google.gson.Gson.fromJson","/linkis-commons/linkis-storage/src/main/java/org/apache/linkis/storage/domain/MethodEntitySerializer.java","46","12","46","50"
"idDeserial",,"warning","Deserialization method called: com.google.gson.Gson.fromJson","/linkis-commons/linkis-storage/src/main/java/org/apache/linkis/storage/domain/MethodEntitySerializer.java","78","12","78","41"
"idDeserial",,"warning","Deserialization method called: com.google.gson.Gson.fromJson","/linkis-commons/linkis-storage/src/main/java/org/apache/linkis/storage/domain/MethodEntitySerializer.java","82","12","82","37"
"idDeserial",,"warning","Deserialization method called: com.fasterxml.jackson.databind.ObjectMapper.readValue","/linkis-commons/linkis-storage/src/test/java/org/apache/linkis/storage/script/writer/StorageScriptFsWriterTest.java","91","16","91","68"
"idDeserial",,"warning","Deserialization method called: com.google.gson.Gson.fromJson","/linkis-computation-governance/linkis-entrance/src/main/java/org/apache/linkis/entrance/restful/EntranceRestfulApi.java","191","12","191","74"
"idDeserial",,"warning","Deserialization method called: com.fasterxml.jackson.databind.ObjectMapper.readValue","/linkis-computation-governance/linkis-manager/linkis-application-manager/src/main/java/org/apache/linkis/manager/am/converter/DefaultMetricsConverter.java","53","15","54","83"
"idDeserial",,"warning","Deserialization method called: com.fasterxml.jackson.databind.ObjectMapper.readValue","/linkis-computation-governance/linkis-manager/linkis-application-manager/src/main/java/org/apache/linkis/manager/am/converter/DefaultMetricsConverter.java","69","16","69","95"
"idDeserial",,"warning","Deserialization method called: com.fasterxml.jackson.databind.ObjectMapper.readValue","/linkis-computation-governance/linkis-manager/linkis-application-manager/src/main/java/org/apache/linkis/manager/am/converter/DefaultMetricsConverter.java","82","16","82","93"
"idDeserial",,"warning","Deserialization method called: com.google.gson.Gson.fromJson","/linkis-computation-governance/linkis-manager/linkis-application-manager/src/main/java/org/apache/linkis/manager/am/label/MultiUserEngineReuseLabelChooser.java","55","37","55","93"
"idDeserial",,"warning","Deserialization method called: com.fasterxml.jackson.databind.ObjectMapper.readValue","/linkis-computation-governance/linkis-manager/linkis-application-manager/src/main/java/org/apache/linkis/manager/am/restful/ECResourceInfoRestfulApi.java","206","11","207","88"
"idDeserial",,"warning","Deserialization method called: com.fasterxml.jackson.databind.ObjectMapper.readValue","/linkis-computation-governance/linkis-manager/linkis-application-manager/src/main/java/org/apache/linkis/manager/am/restful/ECResourceInfoRestfulApi.java","216","13","217","93"
"idDeserial",,"warning","Deserialization method called: com.fasterxml.jackson.databind.ObjectMapper.readValue","/linkis-computation-governance/linkis-manager/linkis-application-manager/src/main/java/org/apache/linkis/manager/am/restful/ECResourceInfoRestfulApi.java","227","13","228","89"
"idDeserial",,"warning","Deserialization method called: com.fasterxml.jackson.databind.ObjectMapper.readValue","/linkis-computation-governance/linkis-manager/linkis-application-manager/src/main/java/org/apache/linkis/manager/am/restful/EMRestfulApi.java","310","11","313","62"
"idDeserial",,"warning","Deserialization method called: com.fasterxml.jackson.databind.ObjectMapper.readValue","/linkis-computation-governance/linkis-manager/linkis-application-manager/src/main/java/org/apache/linkis/manager/am/restful/EMRestfulApi.java","349","11","352","62"
"idDeserial",,"warning","Deserialization method called: com.fasterxml.jackson.databind.ObjectMapper.readValue","/linkis-computation-governance/linkis-manager/linkis-application-manager/src/main/java/org/apache/linkis/manager/am/restful/EMRestfulApi.java","400","11","403","62"
"idDeserial",,"warning","Deserialization method called: com.fasterxml.jackson.databind.ObjectMapper.readValue","/linkis-computation-governance/linkis-manager/linkis-application-manager/src/main/java/org/apache/linkis/manager/am/restful/EngineRestfulApi.java","499","11","500","89"
"idDeserial",,"warning","Deserialization method called: com.fasterxml.jackson.databind.ObjectMapper.readValue","/linkis-computation-governance/linkis-manager/linkis-application-manager/src/main/java/org/apache/linkis/manager/am/service/impl/ECResourceInfoServiceImpl.java","146","19","148","66"
"idDeserial",,"warning","Deserialization method called: com.google.gson.Gson.fromJson","/linkis-computation-governance/linkis-manager/linkis-application-manager/src/main/java/org/apache/linkis/manager/am/util/ECResourceInfoUtils.java","56","31","56","99"
"idDeserial",,"warning","Deserialization method called: com.google.gson.Gson.fromJson","/linkis-computation-governance/linkis-manager/linkis-application-manager/src/main/java/org/apache/linkis/manager/am/util/ECResourceInfoUtils.java","98","9","98","89"
"idDeserial",,"warning","Deserialization method called: com.fasterxml.jackson.databind.ObjectMapper.readValue","/linkis-computation-governance/linkis-manager/linkis-application-manager/src/main/java/org/apache/linkis/manager/am/utils/AMUtils.java","103","17","105","64"
"idDeserial",,"warning","Deserialization method called: com.fasterxml.jackson.databind.ObjectMapper.readValue","/linkis-computation-governance/linkis-manager/linkis-application-manager/src/main/java/org/apache/linkis/manager/am/utils/AMUtils.java","109","17","111","64"
"idDeserial",,"warning","Deserialization method called: com.fasterxml.jackson.databind.ObjectMapper.readValue","/linkis-computation-governance/linkis-manager/linkis-application-manager/src/main/java/org/apache/linkis/manager/am/utils/AMUtils.java","115","17","117","64"
"idDeserial",,"warning","Deserialization method called: com.fasterxml.jackson.databind.ObjectMapper.readValue","/linkis-computation-governance/linkis-manager/linkis-application-manager/src/main/java/org/apache/linkis/manager/am/utils/AMUtils.java","120","17","122","64"
"idDeserial",,"warning","Deserialization method called: com.fasterxml.jackson.databind.ObjectMapper.readValue","/linkis-computation-governance/linkis-manager/linkis-application-manager/src/main/java/org/apache/linkis/manager/am/utils/AMUtils.java","126","17","128","64"
"idDeserial",,"warning","Deserialization method called: com.fasterxml.jackson.databind.ObjectMapper.readValue","/linkis-computation-governance/linkis-manager/linkis-application-manager/src/main/java/org/apache/linkis/manager/am/utils/AMUtils.java","132","17","134","64"
"idDeserial",,"warning","Deserialization method called: com.fasterxml.jackson.databind.ObjectMapper.readValue","/linkis-computation-governance/linkis-manager/linkis-application-manager/src/main/java/org/apache/linkis/manager/am/utils/AMUtils.java","138","17","140","64"
"idDeserial",,"warning","Deserialization method called: com.fasterxml.jackson.databind.ObjectMapper.readValue","/linkis-computation-governance/linkis-manager/linkis-application-manager/src/main/java/org/apache/linkis/manager/am/utils/AMUtils.java","245","19","247","66"
"idDeserial",,"warning","Deserialization method called: com.fasterxml.jackson.databind.ObjectMapper.readValue","/linkis-computation-governance/linkis-manager/linkis-application-manager/src/main/java/org/apache/linkis/manager/am/utils/AMUtils.java","250","19","252","66"
"idDeserial",,"warning","Deserialization method called: com.fasterxml.jackson.databind.ObjectMapper.readValue","/linkis-computation-governance/linkis-manager/linkis-application-manager/src/main/java/org/apache/linkis/manager/am/utils/AMUtils.java","256","19","258","66"
"idDeserial",,"warning","Deserialization method called: com.fasterxml.jackson.databind.ObjectMapper.readValue","/linkis-computation-governance/linkis-manager/linkis-application-manager/src/main/java/org/apache/linkis/manager/am/utils/AMUtils.java","262","19","264","66"
"idDeserial",,"warning","Deserialization method called: com.fasterxml.jackson.databind.ObjectMapper.readValue","/linkis-computation-governance/linkis-manager/linkis-application-manager/src/main/java/org/apache/linkis/manager/am/utils/AMUtils.java","268","19","270","66"
"idDeserial",,"warning","Deserialization method called: com.google.gson.Gson.fromJson","/linkis-computation-governance/linkis-manager/linkis-application-manager/src/main/java/org/apache/linkis/manager/am/utils/AMUtils.java","337","7","337","42"
"idDeserial",,"warning","Deserialization method called: com.google.gson.Gson.fromJson","/linkis-computation-governance/linkis-manager/linkis-application-manager/src/main/java/org/apache/linkis/manager/rm/external/domain/ExternalResourceProvider.java","75","11","76","82"
"idDeserial",,"warning","Deserialization method called: com.google.gson.Gson.fromJson","/linkis-computation-governance/linkis-manager/linkis-application-manager/src/main/java/org/apache/linkis/manager/rm/restful/RMMonitorRest.java","326","17","326","86"
"idDeserial",,"warning","Deserialization method called: com.google.gson.Gson.fromJson","/linkis-computation-governance/linkis-manager/linkis-application-manager/src/main/java/org/apache/linkis/manager/rm/service/impl/UserResourceService.java","79","11","79","91"
"idDeserial",,"warning","Deserialization method called: com.google.gson.Gson.fromJson","/linkis-computation-governance/linkis-manager/linkis-application-manager/src/test/java/org/apache/linkis/manager/am/util/ECResourceInfoLinkisUtilsTest.java","40","31","40","99"
"idDeserial",,"warning","Deserialization method called: com.fasterxml.jackson.databind.ObjectMapper.readValue","/linkis-computation-governance/linkis-manager/linkis-label-common/src/main/java/org/apache/linkis/manager/label/entity/engine/EngineTypeLabel.java","86","13","86","69"
"idDeserial",,"warning","Deserialization method called: com.fasterxml.jackson.databind.ObjectMapper.readValue","/linkis-computation-governance/linkis-manager/linkis-label-common/src/main/java/org/apache/linkis/manager/label/utils/LabelUtils.java","200","17","201","94"
"idDeserial",,"warning","Deserialization method called: com.fasterxml.jackson.databind.ObjectMapper.readValue","/linkis-computation-governance/linkis-manager/linkis-label-common/src/main/java/org/apache/linkis/manager/label/utils/LabelUtils.java","203","22","203","51"
"idDeserial",,"warning","Deserialization method called: com.fasterxml.jackson.databind.ObjectMapper.readValue","/linkis-computation-governance/linkis-manager/linkis-label-common/src/main/java/org/apache/linkis/manager/label/utils/LabelUtils.java","227","18","227","49"
"idDeserial",,"warning","Deserialization method called: com.fasterxml.jackson.databind.ObjectMapper.readValue","/linkis-computation-governance/linkis-manager/linkis-manager-common/src/main/java/org/apache/linkis/manager/common/utils/ResourceUtils.java","54","14","54","49"
"idDeserial",,"warning","Deserialization method called: com.fasterxml.jackson.databind.ObjectMapper.readValue","/linkis-computation-governance/linkis-manager/linkis-manager-common/src/main/java/org/apache/linkis/manager/common/utils/ResourceUtils.java","64","14","64","41"
"idDeserial",,"warning","Deserialization method called: com.fasterxml.jackson.databind.ObjectMapper.readValue","/linkis-computation-governance/linkis-manager/linkis-manager-common/src/main/java/org/apache/linkis/manager/common/utils/ResourceUtils.java","76","18","76","67"
"idDeserial",,"warning","Deserialization method called: com.fasterxml.jackson.databind.ObjectMapper.readValue","/linkis-computation-governance/linkis-manager/linkis-manager-common/src/main/java/org/apache/linkis/manager/common/utils/ResourceUtils.java","78","18","78","77"
"idDeserial",,"warning","Deserialization method called: com.fasterxml.jackson.databind.ObjectMapper.readValue","/linkis-computation-governance/linkis-manager/linkis-manager-common/src/main/java/org/apache/linkis/manager/common/utils/ResourceUtils.java","80","18","80","72"
"idDeserial",,"warning","Deserialization method called: com.fasterxml.jackson.databind.ObjectMapper.readValue","/linkis-computation-governance/linkis-manager/linkis-manager-common/src/main/java/org/apache/linkis/manager/common/utils/ResourceUtils.java","82","18","82","76"
"idDeserial",,"warning","Deserialization method called: com.fasterxml.jackson.databind.ObjectMapper.readValue","/linkis-computation-governance/linkis-manager/linkis-manager-common/src/main/java/org/apache/linkis/manager/common/utils/ResourceUtils.java","84","18","84","68"
"idDeserial",,"warning","Deserialization method called: com.fasterxml.jackson.databind.ObjectMapper.readValue","/linkis-computation-governance/linkis-manager/linkis-manager-common/src/main/java/org/apache/linkis/manager/common/utils/ResourceUtils.java","86","18","86","70"
"idDeserial",,"warning","Deserialization method called: com.fasterxml.jackson.databind.ObjectMapper.readValue","/linkis-computation-governance/linkis-manager/linkis-manager-common/src/main/java/org/apache/linkis/manager/common/utils/ResourceUtils.java","88","18","88","71"
"idDeserial",,"warning","Deserialization method called: com.fasterxml.jackson.databind.ObjectMapper.readValue","/linkis-computation-governance/linkis-manager/linkis-manager-common/src/main/java/org/apache/linkis/manager/common/utils/ResourceUtils.java","90","18","90","68"
"idDeserial",,"warning","Deserialization method called: com.fasterxml.jackson.databind.ObjectMapper.readValue","/linkis-computation-governance/linkis-manager/linkis-manager-common/src/main/java/org/apache/linkis/manager/common/utils/ResourceUtils.java","92","18","92","83"
"idDeserial",,"warning","Deserialization method called: com.fasterxml.jackson.databind.ObjectMapper.readValue","/linkis-computation-governance/linkis-manager/linkis-manager-common/src/main/java/org/apache/linkis/manager/common/utils/ResourceUtils.java","94","18","94","74"
"idDeserial",,"warning","Deserialization method called: com.fasterxml.jackson.databind.ObjectMapper.readValue","/linkis-computation-governance/linkis-manager/linkis-manager-common/src/main/java/org/apache/linkis/manager/common/utils/ResourceUtils.java","96","18","96","68"
"idDeserial",,"warning","Deserialization method called: com.fasterxml.jackson.databind.ObjectMapper.readValue","/linkis-engineconn-plugins/doris/src/main/java/org/apache/linkis/engineplugin/doris/executor/DorisEngineConnExecutor.java","484","11","484","94"
"idDeserial",,"warning","Deserialization method called: com.fasterxml.jackson.databind.ObjectMapper.readValue","/linkis-engineconn-plugins/doris/src/main/java/org/apache/linkis/engineplugin/doris/executor/DorisEngineConnExecutor.java","598","11","598","98"
"idDeserial",,"warning","Deserialization method called: com.google.gson.Gson.fromJson","/linkis-engineconn-plugins/spark/src/main/java/org/apache/linkis/engineplugin/spark/datacalc/model/DataCalcArrayData.java","37","12","37","78"
"idDeserial",,"warning","Deserialization method called: com.google.gson.Gson.fromJson","/linkis-engineconn-plugins/spark/src/main/java/org/apache/linkis/engineplugin/spark/datacalc/model/DataCalcGroupData.java","55","12","55","78"
"idDeserial",,"warning","Deserialization method called: com.google.gson.Gson.fromJson","/linkis-engineconn-plugins/spark/src/main/java/org/apache/linkis/engineplugin/spark/datacalc/service/strategy/DataSourceStrategy.java","39","32","39","89"
"idDeserial",,"warning","Deserialization method called: com.google.gson.Gson.fromJson","/linkis-engineconn-plugins/spark/src/main/java/org/apache/linkis/engineplugin/spark/datacalc/util/PluginUtil.java","111","22","111","77"
"idDeserial",,"warning","Deserialization method called: com.google.gson.Gson.fromJson","/linkis-extensions/linkis-et-monitor/src/main/java/org/apache/linkis/monitor/scheduled/EntranceTaskMonitor.java","66","18","66","77"
"idDeserial",,"warning","Deserialization method called: com.google.gson.Gson.fromJson","/linkis-extensions/linkis-et-monitor/src/main/java/org/apache/linkis/monitor/scheduled/UserModeMonitor.java","70","19","70","82"
"idDeserial",,"warning","Deserialization method called: com.google.gson.Gson.fromJson","/linkis-extensions/linkis-et-monitor/src/main/java/org/apache/linkis/monitor/until/HttpsUntils.java","169","31","169","90"
"idDeserial",,"warning","Deserialization method called: com.google.gson.Gson.fromJson","/linkis-public-enhancements/linkis-configuration/src/main/java/org/apache/linkis/configuration/restful/api/ConfigurationRestfulApi.java","111","27","111","88"
"idDeserial",,"warning","Deserialization method called: com.google.gson.Gson.fromJson","/linkis-public-enhancements/linkis-configuration/src/main/java/org/apache/linkis/configuration/restful/api/ConfigurationRestfulApi.java","300","29","300","85"
"idDeserial",,"warning","Deserialization method called: com.fasterxml.jackson.databind.ObjectMapper.readValue","/linkis-public-enhancements/linkis-configuration/src/main/java/org/apache/linkis/configuration/restful/api/TemplateManagerRestfulApi.java","127","13","128","96"
"idDeserial",,"warning","Deserialization method called: com.fasterxml.jackson.databind.ObjectMapper.readValue","/linkis-public-enhancements/linkis-configuration/src/main/java/org/apache/linkis/configuration/restful/api/TemplateManagerRestfulApi.java","175","13","176","97"
"idDeserial",,"warning","Deserialization method called: com.fasterxml.jackson.databind.ObjectMapper.readValue","/linkis-public-enhancements/linkis-configuration/src/main/java/org/apache/linkis/configuration/restful/api/TemplateManagerRestfulApi.java","247","13","248","86"
"idDeserial",,"warning","Deserialization method called: com.fasterxml.jackson.databind.ObjectMapper.readValue","/linkis-public-enhancements/linkis-configuration/src/test/java/org/apache/linkis/configuration/restful/api/MvcUtils.java","123","9","123","98"
"idDeserial",,"warning","Deserialization method called: com.fasterxml.jackson.databind.ObjectMapper.readValue","/linkis-public-enhancements/linkis-context-service/linkis-cs-server/src/main/java/org/apache/linkis/cs/contextcache/parser/DefaultContextKeyValueParser.java","61","32","61","97"
"idDeserial",,"warning","Deserialization method called: com.fasterxml.jackson.databind.ObjectMapper.readValue","/linkis-public-enhancements/linkis-context-service/linkis-cs-server/src/main/java/org/apache/linkis/cs/persistence/persistence/impl/ContextIDPersistenceImpl.java","125","11","125","71"
"idDeserial",,"warning","Deserialization method called: com.fasterxml.jackson.databind.ObjectMapper.readValue","/linkis-public-enhancements/linkis-context-service/linkis-cs-server/src/main/java/org/apache/linkis/cs/persistence/persistence/impl/ContextMapPersistenceImpl.java","161","41","161","93"
"idDeserial",,"warning","Deserialization method called: com.google.gson.Gson.fromJson","/linkis-public-enhancements/linkis-context-service/linkis-cs-server/src/test/java/org/apache/linkis/cs/parser/ApiJsonTest.java","83","9","83","71"
"idDeserial",,"warning","Deserialization method called: com.google.gson.Gson.fromJson","/linkis-public-enhancements/linkis-context-service/linkis-cs-server/src/test/java/org/apache/linkis/cs/persistence/ExtraFieldClassTest.java","49","40","49","81"
"idDeserial",,"warning","Deserialization method called: com.fasterxml.jackson.databind.ObjectMapper.readValue","/linkis-public-enhancements/linkis-datasource/linkis-datasource-manager/server/src/main/java/org/apache/linkis/datasourcemanager/core/restful/DataSourceCoreRestfulApi.java","774","22","774","70"
"idDeserial",,"warning","Deserialization method called: com.fasterxml.jackson.databind.ObjectMapper.readValue","/linkis-public-enhancements/linkis-datasource/linkis-datasource-manager/server/src/test/java/org/apache/linkis/datasourcemanager/core/restful/MvcUtils.java","113","9","113","98"
"idDeserial",,"warning","Deserialization method called: com.fasterxml.jackson.databind.ObjectMapper.readValue","/linkis-public-enhancements/linkis-datasource/linkis-datasource-manager/server/src/test/java/org/apache/linkis/metadata/query/server/restful/MvcUtils.java","112","9","112","98"
"idDeserial",,"warning","Deserialization method called: com.google.gson.Gson.fromJson","/linkis-public-enhancements/linkis-datasource/linkis-metadata/src/main/java/org/apache/linkis/metadata/service/impl/MdqServiceImpl.java","155","27","155","73"
"idDeserial",,"warning","Deserialization method called: com.fasterxml.jackson.databind.ObjectMapper.readValue","/linkis-public-enhancements/linkis-jobhistory/src/test/java/org/apache/linkis/jobhistory/restful/api/QueryRestfulApiTest.java","105","9","105","98"
"idDeserial",,"warning","Deserialization method called: com.fasterxml.jackson.databind.ObjectMapper.readValue","/linkis-public-enhancements/linkis-jobhistory/src/test/java/org/apache/linkis/jobhistory/restful/api/QueryRestfulApiTest.java","135","9","135","98"
"idDeserial",,"warning","Deserialization method called: com.fasterxml.jackson.databind.ObjectMapper.readValue","/linkis-public-enhancements/linkis-jobhistory/src/test/java/org/apache/linkis/jobhistory/restful/api/QueryRestfulApiTest.java","161","9","161","98"
"idDeserial",,"warning","Deserialization method called: com.fasterxml.jackson.databind.ObjectMapper.readValue","/linkis-public-enhancements/linkis-jobhistory/src/test/java/org/apache/linkis/jobhistory/restful/api/QueryRestfulApiTest.java","174","9","174","98"
"idDeserial",,"warning","Deserialization method called: com.google.gson.Gson.fromJson","/linkis-public-enhancements/linkis-pes-common/src/main/java/org/apache/linkis/cs/common/serialize/AbstractSerializer.java","45","11","45","85"
"idDeserial",,"warning","Deserialization method called: com.google.gson.Gson.fromJson","/linkis-public-enhancements/linkis-pes-common/src/main/java/org/apache/linkis/cs/common/serialize/AbstractSerializer.java","69","11","69","85"
"idDeserial",,"warning","Deserialization method called: com.google.gson.Gson.fromJson","/linkis-public-enhancements/linkis-pes-common/src/main/java/org/apache/linkis/cs/common/serialize/helper/AbstractSerializationHelper.java","81","11","81","85"
"idDeserial",,"warning","Deserialization method called: com.google.gson.Gson.fromJson","/linkis-public-enhancements/linkis-pes-common/src/main/java/org/apache/linkis/cs/common/serialize/impl/context/CombinedNodeIDContextIDSerializer.java","34","12","34","75"
"idDeserial",,"warning","Deserialization method called: com.google.gson.Gson.fromJson","/linkis-public-enhancements/linkis-pes-common/src/main/java/org/apache/linkis/cs/common/serialize/impl/context/CommonContextKeySerializer.java","29","12","29","68"
"idDeserial",,"warning","Deserialization method called: com.google.gson.Gson.fromJson","/linkis-public-enhancements/linkis-pes-common/src/main/java/org/apache/linkis/cs/common/serialize/impl/context/ContextKeyValueSerializer.java","57","11","57","85"
"idDeserial",,"warning","Deserialization method called: com.google.gson.Gson.fromJson","/linkis-public-enhancements/linkis-pes-common/src/main/java/org/apache/linkis/cs/common/serialize/impl/context/ContextValueSerializer.java","61","11","61","85"
"idDeserial",,"warning","Deserialization method called: com.google.gson.Gson.fromJson","/linkis-public-enhancements/linkis-pes-common/src/main/java/org/apache/linkis/cs/common/serialize/impl/context/LinkisHAWorkFlowContextIDSerializer.java","35","12","35","77"
"idDeserial",,"warning","Deserialization method called: com.google.gson.Gson.fromJson","/linkis-public-enhancements/linkis-pes-common/src/main/java/org/apache/linkis/cs/common/serialize/impl/history/CommonHistorySerializer.java","40","12","40","86"
"idDeserial",,"warning","Deserialization method called: com.google.gson.Gson.fromJson","/linkis-public-enhancements/linkis-pes-common/src/main/java/org/apache/linkis/cs/common/serialize/impl/history/metadata/CSTableLineageSerializer.java","41","9","42","81"
"idDeserial",,"warning","Deserialization method called: com.google.gson.Gson.fromJson","/linkis-public-enhancements/linkis-pes-common/src/main/java/org/apache/linkis/cs/common/serialize/impl/history/metadata/CSTableLineageSerializer.java","43","22","43","87"
"idDeserial",,"warning","Deserialization method called: com.google.gson.Gson.fromJson","/linkis-public-enhancements/linkis-pes-common/src/main/java/org/apache/linkis/cs/common/serialize/impl/history/metadata/CSTableMetadataHistorySerializer.java","38","22","38","81"
"idDeserial",,"warning","Deserialization method called: com.google.gson.Gson.fromJson","/linkis-public-enhancements/linkis-pes-common/src/main/java/org/apache/linkis/cs/common/serialize/impl/value/LinkisBMLResourceSerializer.java","33","12","33","69"
"idDeserial",,"warning","Deserialization method called: com.google.gson.Gson.fromJson","/linkis-public-enhancements/linkis-pes-common/src/main/java/org/apache/linkis/cs/common/serialize/impl/value/data/CSResultDataSerializer.java","28","12","28","64"
"idDeserial",,"warning","Deserialization method called: com.google.gson.Gson.fromJson","/linkis-public-enhancements/linkis-pes-common/src/main/java/org/apache/linkis/cs/common/serialize/impl/value/data/LinkisJobDataSerializer.java","29","12","29","65"
"idDeserial",,"warning","Deserialization method called: com.google.gson.Gson.fromJson","/linkis-public-enhancements/linkis-pes-common/src/main/java/org/apache/linkis/cs/common/serialize/impl/value/metadata/CSTableSerializer.java","29","12","29","59"
"idDeserial",,"warning","Deserialization method called: com.google.gson.Gson.fromJson","/linkis-public-enhancements/linkis-pes-common/src/main/java/org/apache/linkis/cs/common/serialize/impl/value/object/CSFlowInfosSerializer.java","28","12","28","63"
"idDeserial",,"warning","Deserialization method called: com.google.gson.Gson.fromJson","/linkis-public-enhancements/linkis-pes-common/src/main/java/org/apache/linkis/cs/common/serialize/impl/value/object/LinkisVariableSerializer.java","28","12","28","66"
"idDeserial",,"warning","Deserialization method called: java.io.ObjectInputStream.readObject","/linkis-public-enhancements/linkis-pes-common/src/main/java/org/apache/linkis/datasourcemanager/common/util/CryptoUtils.java","66","18","66","33"
"idDeserial",,"warning","Deserialization method called: com.fasterxml.jackson.databind.ObjectMapper.readValue","/linkis-public-enhancements/linkis-pes-common/src/main/java/org/apache/linkis/datasourcemanager/common/util/json/Json.java","73","15","74","91"
"idDeserial",,"warning","Deserialization method called: com.fasterxml.jackson.databind.ObjectMapper.readValue","/linkis-public-enhancements/linkis-pes-common/src/main/java/org/apache/linkis/datasourcemanager/common/util/json/Json.java","79","18","79","49"
"idDeserial",,"warning","Deserialization method called: com.fasterxml.jackson.databind.ObjectMapper.readValue","/linkis-public-enhancements/linkis-pes-common/src/main/java/org/apache/linkis/datasourcemanager/common/util/json/Json.java","81","20","81","48"
"idDeserial",,"warning","Deserialization method called: com.google.gson.Gson.fromJson","/linkis-public-enhancements/linkis-pes-publicservice/src/main/java/org/apache/linkis/filesystem/restful/api/BMLFsRestfulApi.java","92","13","92","94"
"idDeserial",,"warning","Deserialization method called: com.google.gson.Gson.fromJson","/linkis-public-enhancements/linkis-pes-publicservice/src/main/java/org/apache/linkis/filesystem/restful/api/BMLFsRestfulApi.java","140","19","140","83"
"idDeserial",,"warning","Deserialization method called: com.fasterxml.jackson.databind.ObjectMapper.readValue","/linkis-public-enhancements/linkis-pes-publicservice/src/test/java/org/apache/linkis/basedatamanager/server/restful/ConfigurationTemplateRestfulApiTest.java","90","9","90","98"
"idDeserial",,"warning","Deserialization method called: com.fasterxml.jackson.databind.ObjectMapper.readValue","/linkis-public-enhancements/linkis-pes-publicservice/src/test/java/org/apache/linkis/basedatamanager/server/restful/ConfigurationTemplateRestfulApiTest.java","106","9","106","98"
"idDeserial",,"warning","Deserialization method called: com.fasterxml.jackson.databind.ObjectMapper.readValue","/linkis-public-enhancements/linkis-pes-publicservice/src/test/java/org/apache/linkis/basedatamanager/server/restful/ConfigurationTemplateRestfulApiTest.java","122","9","122","98"
"idDeserial",,"warning","Deserialization method called: com.fasterxml.jackson.databind.ObjectMapper.readValue","/linkis-public-enhancements/linkis-pes-publicservice/src/test/java/org/apache/linkis/basedatamanager/server/restful/ConfigurationTemplateRestfulApiTest.java","139","9","139","98"
"idDeserial",,"warning","Deserialization method called: com.fasterxml.jackson.databind.ObjectMapper.readValue","/linkis-public-enhancements/linkis-pes-publicservice/src/test/java/org/apache/linkis/basedatamanager/server/restful/DatasourceTypeRestfulApiTest.java","68","9","68","98"
"idDeserial",,"warning","Deserialization method called: com.fasterxml.jackson.databind.ObjectMapper.readValue","/linkis-public-enhancements/linkis-pes-publicservice/src/test/java/org/apache/linkis/basedatamanager/server/restful/DatasourceTypeRestfulApiTest.java","84","9","84","98"
"idDeserial",,"warning","Deserialization method called: com.fasterxml.jackson.databind.ObjectMapper.readValue","/linkis-public-enhancements/linkis-pes-publicservice/src/test/java/org/apache/linkis/basedatamanager/server/restful/DatasourceTypeRestfulApiTest.java","112","9","112","98"
"idDeserial",,"warning","Deserialization method called: com.fasterxml.jackson.databind.ObjectMapper.readValue","/linkis-public-enhancements/linkis-pes-publicservice/src/test/java/org/apache/linkis/basedatamanager/server/restful/DatasourceTypeRestfulApiTest.java","140","9","140","98"
"idDeserial",,"warning","Deserialization method called: com.fasterxml.jackson.databind.ObjectMapper.readValue","/linkis-public-enhancements/linkis-pes-publicservice/src/test/java/org/apache/linkis/basedatamanager/server/restful/DatasourceTypeRestfulApiTest.java","155","9","155","98"
"idDeserial",,"warning","Deserialization method called: com.fasterxml.jackson.databind.ObjectMapper.readValue","/linkis-public-enhancements/linkis-pes-publicservice/src/test/java/org/apache/linkis/basedatamanager/server/restful/ErrorCodeRestfulApiTest.java","67","9","67","98"
"idDeserial",,"warning","Deserialization method called: com.fasterxml.jackson.databind.ObjectMapper.readValue","/linkis-public-enhancements/linkis-pes-publicservice/src/test/java/org/apache/linkis/basedatamanager/server/restful/ErrorCodeRestfulApiTest.java","83","9","83","98"
"idDeserial",,"warning","Deserialization method called: com.fasterxml.jackson.databind.ObjectMapper.readValue","/linkis-public-enhancements/linkis-pes-publicservice/src/test/java/org/apache/linkis/basedatamanager/server/restful/ErrorCodeRestfulApiTest.java","109","9","109","98"
"idDeserial",,"warning","Deserialization method called: com.fasterxml.jackson.databind.ObjectMapper.readValue","/linkis-public-enhancements/linkis-pes-publicservice/src/test/java/org/apache/linkis/basedatamanager/server/restful/ErrorCodeRestfulApiTest.java","135","9","135","98"
"idDeserial",,"warning","Deserialization method called: com.fasterxml.jackson.databind.ObjectMapper.readValue","/linkis-public-enhancements/linkis-pes-publicservice/src/test/java/org/apache/linkis/basedatamanager/server/restful/ErrorCodeRestfulApiTest.java","150","9","150","98"
"idDeserial",,"warning","Deserialization method called: com.fasterxml.jackson.databind.ObjectMapper.readValue","/linkis-public-enhancements/linkis-pes-publicservice/src/test/java/org/apache/linkis/basedatamanager/server/restful/GatewayAuthTokenRestfulApiTest.java","86","9","86","98"
"idDeserial",,"warning","Deserialization method called: com.fasterxml.jackson.databind.ObjectMapper.readValue","/linkis-public-enhancements/linkis-pes-publicservice/src/test/java/org/apache/linkis/basedatamanager/server/restful/GatewayAuthTokenRestfulApiTest.java","102","9","102","98"
"idDeserial",,"warning","Deserialization method called: com.fasterxml.jackson.databind.ObjectMapper.readValue","/linkis-public-enhancements/linkis-pes-publicservice/src/test/java/org/apache/linkis/basedatamanager/server/restful/GatewayAuthTokenRestfulApiTest.java","122","9","122","98"
"idDeserial",,"warning","Deserialization method called: com.fasterxml.jackson.databind.ObjectMapper.readValue","/linkis-public-enhancements/linkis-pes-publicservice/src/test/java/org/apache/linkis/basedatamanager/server/restful/GatewayAuthTokenRestfulApiTest.java","142","9","142","98"
"idDeserial",,"warning","Deserialization method called: com.fasterxml.jackson.databind.ObjectMapper.readValue","/linkis-public-enhancements/linkis-pes-publicservice/src/test/java/org/apache/linkis/basedatamanager/server/restful/GatewayAuthTokenRestfulApiTest.java","157","9","157","98"
"idDeserial",,"warning","Deserialization method called: com.fasterxml.jackson.databind.ObjectMapper.readValue","/linkis-public-enhancements/linkis-pes-publicservice/src/test/java/org/apache/linkis/basedatamanager/server/restful/MvcUtils.java","123","9","123","98"
"idDeserial",,"warning","Deserialization method called: com.fasterxml.jackson.databind.ObjectMapper.readValue","/linkis-public-enhancements/linkis-pes-publicservice/src/test/java/org/apache/linkis/basedatamanager/server/restful/RmExternalResourceProviderRestfulApiTest.java","79","9","79","98"
"idDeserial",,"warning","Deserialization method called: com.fasterxml.jackson.databind.ObjectMapper.readValue","/linkis-public-enhancements/linkis-pes-publicservice/src/test/java/org/apache/linkis/basedatamanager/server/restful/RmExternalResourceProviderRestfulApiTest.java","95","9","95","98"
"idDeserial",,"warning","Deserialization method called: com.fasterxml.jackson.databind.ObjectMapper.readValue","/linkis-public-enhancements/linkis-pes-publicservice/src/test/java/org/apache/linkis/basedatamanager/server/restful/RmExternalResourceProviderRestfulApiTest.java","115","9","115","98"
"idDeserial",,"warning","Deserialization method called: com.fasterxml.jackson.databind.ObjectMapper.readValue","/linkis-public-enhancements/linkis-pes-publicservice/src/test/java/org/apache/linkis/basedatamanager/server/restful/RmExternalResourceProviderRestfulApiTest.java","135","9","135","98"
"idDeserial",,"warning","Deserialization method called: com.fasterxml.jackson.databind.ObjectMapper.readValue","/linkis-public-enhancements/linkis-pes-publicservice/src/test/java/org/apache/linkis/basedatamanager/server/restful/RmExternalResourceProviderRestfulApiTest.java","150","9","150","98"
"idDeserial",,"warning","Deserialization method called: com.fasterxml.jackson.databind.ObjectMapper.readValue","/linkis-public-enhancements/linkis-pes-publicservice/src/test/java/org/apache/linkis/basedatamanager/server/restful/UdfManagerRestfulApiTest.java","76","9","76","98"
"idDeserial",,"warning","Deserialization method called: com.fasterxml.jackson.databind.ObjectMapper.readValue","/linkis-public-enhancements/linkis-pes-publicservice/src/test/java/org/apache/linkis/basedatamanager/server/restful/UdfManagerRestfulApiTest.java","92","9","92","98"
"idDeserial",,"warning","Deserialization method called: com.fasterxml.jackson.databind.ObjectMapper.readValue","/linkis-public-enhancements/linkis-pes-publicservice/src/test/java/org/apache/linkis/basedatamanager/server/restful/UdfManagerRestfulApiTest.java","112","9","112","98"
"idDeserial",,"warning","Deserialization method called: com.fasterxml.jackson.databind.ObjectMapper.readValue","/linkis-public-enhancements/linkis-pes-publicservice/src/test/java/org/apache/linkis/basedatamanager/server/restful/UdfManagerRestfulApiTest.java","132","9","132","98"
"idDeserial",,"warning","Deserialization method called: com.fasterxml.jackson.databind.ObjectMapper.readValue","/linkis-public-enhancements/linkis-pes-publicservice/src/test/java/org/apache/linkis/basedatamanager/server/restful/UdfManagerRestfulApiTest.java","147","9","147","98"
"idDeserial",,"warning","Deserialization method called: com.fasterxml.jackson.databind.ObjectMapper.readValue","/linkis-public-enhancements/linkis-pes-publicservice/src/test/java/org/apache/linkis/basedatamanager/server/restful/UdfTreeRestfulApiTest.java","84","9","84","98"
"idDeserial",,"warning","Deserialization method called: com.fasterxml.jackson.databind.ObjectMapper.readValue","/linkis-public-enhancements/linkis-pes-publicservice/src/test/java/org/apache/linkis/basedatamanager/server/restful/UdfTreeRestfulApiTest.java","100","9","100","98"
"idDeserial",,"warning","Deserialization method called: com.fasterxml.jackson.databind.ObjectMapper.readValue","/linkis-public-enhancements/linkis-pes-publicservice/src/test/java/org/apache/linkis/basedatamanager/server/restful/UdfTreeRestfulApiTest.java","120","9","120","98"
"idDeserial",,"warning","Deserialization method called: com.fasterxml.jackson.databind.ObjectMapper.readValue","/linkis-public-enhancements/linkis-pes-publicservice/src/test/java/org/apache/linkis/basedatamanager/server/restful/UdfTreeRestfulApiTest.java","140","9","140","98"
"idDeserial",,"warning","Deserialization method called: com.fasterxml.jackson.databind.ObjectMapper.readValue","/linkis-public-enhancements/linkis-pes-publicservice/src/test/java/org/apache/linkis/basedatamanager/server/restful/UdfTreeRestfulApiTest.java","155","9","155","98"
"idDeserial",,"warning","Deserialization method called: com.fasterxml.jackson.databind.ObjectMapper.readValue","/linkis-public-enhancements/linkis-pes-publicservice/src/test/java/org/apache/linkis/filesystem/restful/api/BMLFsRestfulApiTest.java","90","9","90","98"
"idDeserial",,"warning","Deserialization method called: com.fasterxml.jackson.databind.ObjectMapper.readValue","/linkis-public-enhancements/linkis-pes-publicservice/src/test/java/org/apache/linkis/filesystem/restful/api/BMLFsRestfulApiTest.java","119","9","119","98"
"idDeserial",,"warning","Deserialization method called: com.fasterxml.jackson.databind.ObjectMapper.readValue","/linkis-public-enhancements/linkis-pes-publicservice/src/test/java/org/apache/linkis/filesystem/restful/api/FsRestfulApiTest.java","96","11","97","85"
"idDeserial",,"warning","Deserialization method called: com.fasterxml.jackson.databind.ObjectMapper.readValue","/linkis-public-enhancements/linkis-pes-publicservice/src/test/java/org/apache/linkis/filesystem/restful/api/FsRestfulApiTest.java","122","9","122","98"
"idDeserial",,"warning","Deserialization method called: com.fasterxml.jackson.databind.ObjectMapper.readValue","/linkis-public-enhancements/linkis-pes-publicservice/src/test/java/org/apache/linkis/filesystem/restful/api/FsRestfulApiTest.java","152","11","153","85"
"idDeserial",,"warning","Deserialization method called: com.fasterxml.jackson.databind.ObjectMapper.readValue","/linkis-public-enhancements/linkis-pes-publicservice/src/test/java/org/apache/linkis/filesystem/restful/api/FsRestfulApiTest.java","186","11","187","85"
"idDeserial",,"warning","Deserialization method called: com.fasterxml.jackson.databind.ObjectMapper.readValue","/linkis-public-enhancements/linkis-pes-publicservice/src/test/java/org/apache/linkis/filesystem/restful/api/FsRestfulApiTest.java","220","11","221","85"
"idDeserial",,"warning","Deserialization method called: com.fasterxml.jackson.databind.ObjectMapper.readValue","/linkis-public-enhancements/linkis-pes-publicservice/src/test/java/org/apache/linkis/variable/restful/MvcUtils.java","112","9","112","98"
"idDeserial",,"warning","Deserialization method called: com.fasterxml.jackson.databind.ObjectMapper.readValue","/linkis-public-enhancements/linkis-udf/linkis-udf-service/src/test/java/org/apache/linkis/udf/api/UDFRestfulApiTest.java","100","9","100","98"
"idDeserial",,"warning","Deserialization method called: com.fasterxml.jackson.databind.ObjectMapper.readValue","/linkis-public-enhancements/linkis-udf/linkis-udf-service/src/test/java/org/apache/linkis/udf/api/UDFRestfulApiTest.java","123","9","123","98"
"idDeserial",,"warning","Deserialization method called: com.fasterxml.jackson.databind.ObjectMapper.readValue","/linkis-public-enhancements/linkis-udf/linkis-udf-service/src/test/java/org/apache/linkis/udf/api/UDFRestfulApiTest.java","156","9","156","98"
"idDeserial",,"warning","Deserialization method called: com.fasterxml.jackson.databind.ObjectMapper.readValue","/linkis-public-enhancements/linkis-udf/linkis-udf-service/src/test/java/org/apache/linkis/udf/api/UDFRestfulApiTest.java","193","9","193","98"
"idDeserial",,"warning","Deserialization method called: com.fasterxml.jackson.databind.ObjectMapper.readValue","/linkis-public-enhancements/linkis-udf/linkis-udf-service/src/test/java/org/apache/linkis/udf/api/UDFRestfulApiTest.java","225","9","225","98"
"idDeserial",,"warning","Deserialization method called: com.fasterxml.jackson.databind.ObjectMapper.readValue","/linkis-public-enhancements/linkis-udf/linkis-udf-service/src/test/java/org/apache/linkis/udf/api/UDFRestfulApiTest.java","253","9","253","98"
"idDeserial",,"warning","Deserialization method called: com.fasterxml.jackson.databind.ObjectMapper.readValue","/linkis-public-enhancements/linkis-udf/linkis-udf-service/src/test/java/org/apache/linkis/udf/api/UDFRestfulApiTest.java","287","9","287","98"
"idDeserial",,"warning","Deserialization method called: com.fasterxml.jackson.databind.ObjectMapper.readValue","/linkis-public-enhancements/linkis-udf/linkis-udf-service/src/test/java/org/apache/linkis/udf/api/UDFRestfulApiTest.java","320","9","320","98"
"idDeserial",,"warning","Deserialization method called: com.fasterxml.jackson.databind.ObjectMapper.readValue","/linkis-public-enhancements/linkis-udf/linkis-udf-service/src/test/java/org/apache/linkis/udf/api/UDFRestfulApiTest.java","343","9","343","98"
"idDeserial",,"warning","Deserialization method called: com.fasterxml.jackson.databind.ObjectMapper.readValue","/linkis-public-enhancements/linkis-udf/linkis-udf-service/src/test/java/org/apache/linkis/udf/api/UDFRestfulApiTest.java","387","9","387","98"
"idDeserial",,"warning","Deserialization method called: com.fasterxml.jackson.databind.ObjectMapper.readValue","/linkis-public-enhancements/linkis-udf/linkis-udf-service/src/test/java/org/apache/linkis/udf/api/UDFRestfulApiTest.java","415","9","415","98"
"idDeserial",,"warning","Deserialization method called: com.fasterxml.jackson.databind.ObjectMapper.readValue","/linkis-public-enhancements/linkis-udf/linkis-udf-service/src/test/java/org/apache/linkis/udf/api/UDFRestfulApiTest.java","441","9","441","98"
