"idDeserial",,"warning","Deserialization method called: com.fasterxml.jackson.databind.ObjectMapper.readValue","/alerter/src/main/java/org/dromara/hertzbeat/alert/service/impl/AlertDefineJsonImExportServiceImpl.java","45","20","46","14"
"idDeserial",,"warning","Deserialization method called: org.yaml.snakeyaml.Yaml.load","/alerter/src/main/java/org/dromara/hertzbeat/alert/service/impl/AlertDefineYamlImExportServiceImpl.java","44","16","44","28"
"idDeserial",,"warning","Deserialization method called: com.google.gson.Gson.fromJson","/collector/src/main/java/org/dromara/hertzbeat/collector/dispatch/CommonDispatcher.java","268","42","268","81"
"idDeserial",,"warning","Deserialization method called: com.google.gson.Gson.fromJson","/collector/src/main/java/org/dromara/hertzbeat/collector/dispatch/timer/WheelTimerTask.java","81","22","81","62"
"idDeserial",,"warning","Deserialization method called: com.fasterxml.jackson.databind.ObjectMapper.readValue","/common/src/main/java/org/dromara/hertzbeat/common/util/JsonUtil.java","66","20","66","58"
"idDeserial",,"warning","Deserialization method called: com.fasterxml.jackson.databind.ObjectMapper.readValue","/common/src/main/java/org/dromara/hertzbeat/common/util/JsonUtil.java","78","20","78","57"
"idDeserial",,"warning","Deserialization method called: com.fasterxml.jackson.databind.ObjectMapper.readValue","/manager/src/main/java/org/dromara/hertzbeat/manager/component/alerter/impl/EmailAlertNotifyHandlerImpl.java","93","65","93","120"
"idDeserial",,"warning","Deserialization method called: com.fasterxml.jackson.databind.ObjectMapper.readValue","/manager/src/main/java/org/dromara/hertzbeat/manager/service/impl/AbstractGeneralConfigServiceImpl.java","76","20","76","89"
"idDeserial",,"warning","Deserialization method called: com.fasterxml.jackson.databind.ObjectMapper.readValue","/manager/src/main/java/org/dromara/hertzbeat/manager/service/impl/JsonImExportServiceImpl.java","48","20","49","14"
"idDeserial",,"warning","Deserialization method called: org.yaml.snakeyaml.Yaml.load","/manager/src/main/java/org/dromara/hertzbeat/manager/service/impl/YamlImExportServiceImpl.java","60","16","60","28"
