"idDeserial",,"warning","Deserialization method called: java.io.ObjectInputStream.readObject","/core/src/main/java/org/apache/shiro/session/mgt/SimpleSession.java","487","38","487","52"
"idDeserial",,"warning","Deserialization method called: java.io.ObjectInputStream.readObject","/core/src/main/java/org/apache/shiro/session/mgt/SimpleSession.java","490","42","490","56"
"idDeserial",,"warning","Deserialization method called: java.io.ObjectInputStream.readObject","/core/src/main/java/org/apache/shiro/session/mgt/SimpleSession.java","493","41","493","55"
"idDeserial",,"warning","Deserialization method called: java.io.ObjectInputStream.readObject","/core/src/main/java/org/apache/shiro/session/mgt/SimpleSession.java","496","42","496","56"
"idDeserial",,"warning","Deserialization method called: java.io.ObjectInputStream.readObject","/core/src/main/java/org/apache/shiro/session/mgt/SimpleSession.java","508","53","508","67"
"idDeserial",,"warning","Deserialization method called: java.io.ObjectInputStream.readObject","/core/src/main/java/org/apache/shiro/subject/SimplePrincipalCollection.java","306","55","306","69"
"idDeserial",,"warning","Deserialization method called: java.io.ObjectInputStream.readObject","/core/src/test/java/org/apache/shiro/session/mgt/SimpleSessionTest.java","68","32","68","117"
"idDeserial",,"warning","Deserialization method called: java.io.ObjectInputStream.readObject","/lang/src/main/java/org/apache/shiro/lang/io/DefaultSerializer.java","85","34","85","49"
