"idDeserial",,"warning","Deserialization method called: org.yaml.snakeyaml.Yaml.load","/dubbo-admin-server/src/main/java/org/apache/dubbo/admin/common/util/YamlParser.java","40","35","40","104"
"idDeserial",,"warning","Deserialization method called: com.google.gson.Gson.fromJson","/dubbo-admin-server/src/main/java/org/apache/dubbo/admin/controller/MetricsCollectController.java","98","31","98","100"
"idDeserial",,"warning","Deserialization method called: com.google.gson.Gson.fromJson","/dubbo-admin-server/src/main/java/org/apache/dubbo/admin/controller/MetricsCollectController.java","114","71","114","128"
"idDeserial",,"warning","Deserialization method called: com.google.gson.Gson.fromJson","/dubbo-admin-server/src/main/java/org/apache/dubbo/admin/controller/MetricsCollectController.java","133","66","133","105"
"idDeserial",,"warning","Deserialization method called: com.google.gson.Gson.fromJson","/dubbo-admin-server/src/main/java/org/apache/dubbo/admin/controller/ServiceController.java","105","99","105","186"
"idDeserial",,"warning","Deserialization method called: com.google.gson.Gson.fromJson","/dubbo-admin-server/src/main/java/org/apache/dubbo/admin/controller/ServiceController.java","108","63","108","114"
"idDeserial",,"warning","Deserialization method called: com.google.gson.Gson.fromJson","/dubbo-admin-server/src/main/java/org/apache/dubbo/admin/controller/ServiceTestController.java","76","95","76","182"
"idDeserial",,"warning","Deserialization method called: com.google.gson.Gson.fromJson","/dubbo-admin-server/src/main/java/org/apache/dubbo/admin/controller/ServiceTestController.java","87","59","87","110"
"idDeserial",,"warning","Deserialization method called: com.fasterxml.jackson.databind.ObjectMapper.readValue","/dubbo-admin-server/src/test/java/org/apache/dubbo/admin/controller/AccessesControllerTest.java","71","19","71","71"
"idDeserial",,"warning","Deserialization method called: com.fasterxml.jackson.databind.ObjectMapper.readValue","/dubbo-admin-server/src/test/java/org/apache/dubbo/admin/controller/LoadBalanceControllerTest.java","75","108","75","160"
"idDeserial",,"warning","Deserialization method called: com.fasterxml.jackson.databind.ObjectMapper.readValue","/dubbo-admin-server/src/test/java/org/apache/dubbo/admin/controller/LoadBalanceControllerTest.java","81","91","81","143"
"idDeserial",,"warning","Deserialization method called: com.fasterxml.jackson.databind.ObjectMapper.readValue","/dubbo-admin-server/src/test/java/org/apache/dubbo/admin/controller/LoadBalanceControllerTest.java","97","81","97","133"
"idDeserial",,"warning","Deserialization method called: com.fasterxml.jackson.databind.ObjectMapper.readValue","/dubbo-admin-server/src/test/java/org/apache/dubbo/admin/controller/LoadBalanceControllerTest.java","111","108","111","160"
"idDeserial",,"warning","Deserialization method called: com.fasterxml.jackson.databind.ObjectMapper.readValue","/dubbo-admin-server/src/test/java/org/apache/dubbo/admin/controller/LoadBalanceControllerTest.java","128","25","128","78"
"idDeserial",,"warning","Deserialization method called: com.fasterxml.jackson.databind.ObjectMapper.readValue","/dubbo-admin-server/src/test/java/org/apache/dubbo/admin/controller/LoadBalanceControllerTest.java","137","81","137","133"
"idDeserial",,"warning","Deserialization method called: com.fasterxml.jackson.databind.ObjectMapper.readValue","/dubbo-admin-server/src/test/java/org/apache/dubbo/admin/controller/MeshRouteControllerTest.java","81","91","81","143"
"idDeserial",,"warning","Deserialization method called: com.fasterxml.jackson.databind.ObjectMapper.readValue","/dubbo-admin-server/src/test/java/org/apache/dubbo/admin/controller/MeshRouteControllerTest.java","99","81","99","133"
"idDeserial",,"warning","Deserialization method called: com.fasterxml.jackson.databind.ObjectMapper.readValue","/dubbo-admin-server/src/test/java/org/apache/dubbo/admin/controller/MeshRouteControllerTest.java","110","31","110","83"
"idDeserial",,"warning","Deserialization method called: com.google.gson.Gson.fromJson","/dubbo-admin-server/src/test/java/org/apache/dubbo/admin/registry/metadata/impl/ConsulMetaDataCollectorTest.java","82","40","82","99"
"idDeserial",,"warning","Deserialization method called: com.google.gson.Gson.fromJson","/dubbo-admin-server/src/test/java/org/apache/dubbo/admin/registry/metadata/impl/ConsulMetaDataCollectorTest.java","109","41","110","20"
