"idDeserial",,"warning","Deserialization method called: com.fasterxml.jackson.databind.ObjectMapper.readValue","/optaplanner-persistence/optaplanner-persistence-jackson/src/main/java/org/optaplanner/persistence/jackson/impl/domain/solution/JacksonSolutionFileIO.java","64","20","64","61"
"idDeserial",,"warning","Deserialization method called: com.fasterxml.jackson.databind.ObjectMapper.readValue","/optaplanner-persistence/optaplanner-persistence-jackson/src/main/java/org/optaplanner/persistence/jackson/impl/domain/solution/JacksonSolutionFileIO.java","72","20","72","63"
"idDeserial",,"warning","Deserialization method called: com.fasterxml.jackson.databind.ObjectMapper.readValue","/optaplanner-persistence/optaplanner-persistence-jackson/src/test/java/org/optaplanner/persistence/jackson/api/AbstractJacksonRoundTripTest.java","41","26","41","77"
"idDeserial",,"warning","Deserialization method called: com.fasterxml.jackson.databind.ObjectMapper.readValue","/optaplanner-persistence/optaplanner-persistence-jackson/src/test/java/org/optaplanner/persistence/jackson/api/score/AbstractScoreJacksonRoundTripTest.java","45","26","45","77"
"idDeserial",,"warning","Deserialization method called: com.thoughtworks.xstream.XStream.fromXML","/optaplanner-persistence/optaplanner-persistence-xstream/src/main/java/org/optaplanner/persistence/xstream/impl/domain/solution/XStreamSolutionFileIO.java","83","32","83","54"
"idDeserial",,"warning","Deserialization method called: com.thoughtworks.xstream.XStream.fromXML","/optaplanner-persistence/optaplanner-persistence-xstream/src/test/java/org/optaplanner/persistence/xstream/api/score/AbstractScoreXStreamConverterTest.java","44","24","44","49"
