"idDeserial",,"warning","Deserialization method called: java.io.ObjectInputStream.readObject","/tika-core/src/main/java/org/apache/tika/fork/ForkObjectInputStream.java","97","16","97","40"
"idDeserial",,"warning","Deserialization method called: java.io.ObjectInputStream.readObject","/tika-core/src/main/java/org/apache/tika/pipes/PipesClient.java","371","44","371","73"
"idDeserial",,"warning","Deserialization method called: java.io.ObjectInputStream.readObject","/tika-core/src/main/java/org/apache/tika/pipes/PipesClient.java","393","44","393","73"
"idDeserial",,"warning","Deserialization method called: java.io.ObjectInputStream.readObject","/tika-core/src/main/java/org/apache/tika/pipes/PipesServer.java","736","41","736","70"
"idDeserial",,"warning","Deserialization method called: com.fasterxml.jackson.databind.ObjectMapper.readValue","/tika-integration-tests/tika-pipes-kafka-integration-tests/src/test/java/org/apache/tika/pipes/kafka/tests/TikaPipesKafkaTest.java","205","29","206","30"
"idDeserial",,"warning","Deserialization method called: com.google.gson.Gson.fromJson","/tika-parsers/tika-parsers-ml/tika-parser-nlp-module/src/main/java/org/apache/tika/parser/geo/topic/gazetteer/GeoGazetteerClient.java","82","20","82","57"
"idDeserial",,"warning","Deserialization method called: com.fasterxml.jackson.databind.ObjectMapper.readValue","/tika-pipes/tika-pipes-reporters/tika-pipes-reporter-fs-status/src/test/java/org/apache/tika/pipes/reporters/fs/TestFileSystemStatusReporter.java","67","33","67","88"
"idDeserial",,"warning","Deserialization method called: com.fasterxml.jackson.databind.ObjectMapper.readValue","/tika-pipes/tika-pipes-reporters/tika-pipes-reporter-fs-status/src/test/java/org/apache/tika/pipes/reporters/fs/TestFileSystemStatusReporter.java","93","35","93","90"
"idDeserial",,"warning","Deserialization method called: com.fasterxml.jackson.databind.ObjectMapper.readValue","/tika-server/tika-server-eval/src/test/java/org/apache/tika/server/eval/TikaEvalResourceTest.java","147","20","147","58"
