"idDeserial",,"warning","Deserialization method called: java.io.ObjectInputStream.readObject","/activemq-amqp/src/test/java/org/apache/activemq/transport/amqp/message/JMSMappingOutboundTransformerTest.java","1118","20","1118","35"
"idDeserial",,"warning","Deserialization method called: java.io.ObjectInputStream.readObject","/activemq-broker/src/main/java/org/apache/activemq/plugin/SubQueueSelectorCacheBroker.java","201","85","201","99"
"idDeserial",,"warning","Deserialization method called: com.fasterxml.jackson.databind.ObjectMapper.readValue","/activemq-broker/src/test/java/org/apache/activemq/broker/view/BrokerDestinationViewTest.java","101","34","101","68"
"idDeserial",,"warning","Deserialization method called: java.io.ObjectInputStream.readObject","/activemq-client/src/main/java/org/apache/activemq/command/ActiveMQObjectMessage.java","218","44","218","61"
"idDeserial",,"warning","Deserialization method called: java.io.ObjectInputStream.readObject","/activemq-client/src/main/java/org/apache/activemq/wireformat/ObjectStreamWireFormat.java","63","23","63","37"
"idDeserial",,"warning","Deserialization method called: java.io.ObjectInputStream.readObject","/activemq-client/src/test/java/org/apache/activemq/util/ClassLoadingAwareObjectInputStreamTest.java","76","26","76","44"
"idDeserial",,"warning","Deserialization method called: java.io.ObjectInputStream.readObject","/activemq-client/src/test/java/org/apache/activemq/util/ClassLoadingAwareObjectInputStreamTest.java","95","26","95","44"
"idDeserial",,"warning","Deserialization method called: java.io.ObjectInputStream.readObject","/activemq-client/src/test/java/org/apache/activemq/util/ClassLoadingAwareObjectInputStreamTest.java","293","17","293","35"
"idDeserial",,"warning","Deserialization method called: java.io.ObjectInputStream.readObject","/activemq-client/src/test/java/org/apache/activemq/util/ClassLoadingAwareObjectInputStreamTest.java","317","17","317","35"
"idDeserial",,"warning","Deserialization method called: java.io.ObjectInputStream.readObject","/activemq-client/src/test/java/org/apache/activemq/util/ClassLoadingAwareObjectInputStreamTest.java","335","33","335","51"
"idDeserial",,"warning","Deserialization method called: java.io.ObjectInputStream.readObject","/activemq-client/src/test/java/org/apache/activemq/util/ClassLoadingAwareObjectInputStreamTest.java","363","17","363","35"
"idDeserial",,"warning","Deserialization method called: java.io.ObjectInputStream.readObject","/activemq-client/src/test/java/org/apache/activemq/util/ClassLoadingAwareObjectInputStreamTest.java","381","17","381","35"
"idDeserial",,"warning","Deserialization method called: java.io.ObjectInputStream.readObject","/activemq-client/src/test/java/org/apache/activemq/util/ClassLoadingAwareObjectInputStreamTest.java","391","17","391","35"
"idDeserial",,"warning","Deserialization method called: java.io.ObjectInputStream.readObject","/activemq-client/src/test/java/org/apache/activemq/util/ClassLoadingAwareObjectInputStreamTest.java","409","17","409","35"
"idDeserial",,"warning","Deserialization method called: java.io.ObjectInputStream.readObject","/activemq-client/src/test/java/org/apache/activemq/util/ClassLoadingAwareObjectInputStreamTest.java","422","17","422","35"
"idDeserial",,"warning","Deserialization method called: java.io.ObjectInputStream.readObject","/activemq-client/src/test/java/org/apache/activemq/util/ClassLoadingAwareObjectInputStreamTest.java","441","29","441","47"
"idDeserial",,"warning","Deserialization method called: java.io.ObjectInputStream.readObject","/activemq-client/src/test/java/org/apache/activemq/util/ClassLoadingAwareObjectInputStreamTest.java","516","29","516","47"
"idDeserial",,"warning","Deserialization method called: com.thoughtworks.xstream.XStream.fromXML","/activemq-http/src/main/java/org/apache/activemq/transport/xstream/XStreamWireFormat.java","65","16","65","41"
"idDeserial",,"warning","Deserialization method called: com.thoughtworks.xstream.XStream.fromXML","/activemq-http/src/main/java/org/apache/activemq/transport/xstream/XStreamWireFormat.java","70","22","70","49"
"idDeserial",,"warning","Deserialization method called: java.io.ObjectInputStream.readObject","/activemq-kahadb-store/src/main/java/org/apache/activemq/store/kahadb/MessageDatabase.java","830","83","830","103"
"idDeserial",,"warning","Deserialization method called: java.io.ObjectInputStream.readObject","/activemq-kahadb-store/src/main/java/org/apache/activemq/store/kahadb/MessageDatabase.java","849","75","849","95"
"idDeserial",,"warning","Deserialization method called: java.io.ObjectInputStream.readObject","/activemq-kahadb-store/src/main/java/org/apache/activemq/store/kahadb/MessageDatabase.java","4146","42","4146","57"
"idDeserial",,"warning","Deserialization method called: java.io.ObjectInputStream.readObject","/activemq-kahadb-store/src/test/java/org/apache/activemq/store/kahadb/disk/index/BTreeIndexTest.java","613","42","613","57"
"idDeserial",,"warning","Deserialization method called: java.io.ObjectInputStream.readObject","/activemq-kahadb-store/src/test/java/org/apache/activemq/store/kahadb/disk/index/ListIndexTest.java","747","42","747","57"
"idDeserial",,"warning","Deserialization method called: java.io.ObjectInputStream.readObject","/activemq-ra/src/main/java/org/apache/activemq/ra/ActiveMQManagedConnectionFactory.java","172","49","172","63"
"idDeserial",,"warning","Deserialization method called: java.io.ObjectInputStream.readObject","/activemq-ra/src/test/java/org/apache/activemq/ra/ActiveMQConnectionFactoryTest.java","71","85","71","100"
"idDeserial",,"warning","Deserialization method called: java.io.ObjectInputStream.readObject","/activemq-ra/src/test/java/org/apache/activemq/ra/ManagedConnectionFactoryTest.java","185","99","185","114"
"idDeserial",,"warning","Deserialization method called: com.fasterxml.jackson.databind.ObjectMapper.readValue","/activemq-stomp/src/test/java/org/apache/activemq/transport/stomp/StompTest.java","1170","39","1170","88"
"idDeserial",,"warning","Deserialization method called: com.fasterxml.jackson.databind.ObjectMapper.readValue","/activemq-stomp/src/test/java/org/apache/activemq/transport/stomp/StompTest.java","1171","37","1171","84"
"idDeserial",,"warning","Deserialization method called: java.io.ObjectInputStream.readObject","/activemq-unit-tests/src/test/java/org/apache/activemq/ActiveMQConnectionFactoryTest.java","214","41","214","62"
"idDeserial",,"warning","Deserialization method called: java.io.ObjectInputStream.readObject","/activemq-unit-tests/src/test/java/org/apache/activemq/ActiveMQMessageAuditTest.java","184","44","184","64"
"idDeserial",,"warning","Deserialization method called: java.io.ObjectInputStream.readObject","/activemq-unit-tests/src/test/java/org/apache/activemq/bugs/AMQ3537Test.java","92","41","92","59"
