"idDeserial",,"warning","Deserialization method called: java.io.ObjectInputStream.readObject","/src/main/java/org/apache/commons/lang3/SerializationUtils.java","149","29","149","43"
"idDeserial",,"warning","Deserialization method called: org.apache.commons.lang3.SerializationUtils.deserialize","/src/main/java/org/apache/commons/lang3/SerializationUtils.java","175","16","175","64"
"idDeserial",,"warning","Deserialization method called: java.io.ObjectInputStream.readObject","/src/main/java/org/apache/commons/lang3/SerializationUtils.java","209","31","209","45"
"idDeserial",,"warning","Deserialization method called: org.apache.commons.lang3.SerializationUtils.deserialize","/src/main/java/org/apache/commons/lang3/SerializationUtils.java","229","20","229","46"
"idDeserial",,"warning","Deserialization method called: java.io.ObjectInputStream.readObject","/src/main/java/org/apache/commons/lang3/event/EventListenerSupport.java","325","40","325","69"
"idDeserial",,"warning","Deserialization method called: org.apache.commons.lang3.SerializationUtils.deserialize","/src/test/java/org/apache/commons/lang3/SerializationUtilsTest.java","118","29","118","84"
"idDeserial",,"warning","Deserialization method called: org.apache.commons.lang3.SerializationUtils.deserialize","/src/test/java/org/apache/commons/lang3/SerializationUtilsTest.java","132","58","132","100"
"idDeserial",,"warning","Deserialization method called: org.apache.commons.lang3.SerializationUtils.deserialize","/src/test/java/org/apache/commons/lang3/SerializationUtilsTest.java","137","56","137","100"
"idDeserial",,"warning","Deserialization method called: org.apache.commons.lang3.SerializationUtils.deserialize","/src/test/java/org/apache/commons/lang3/SerializationUtilsTest.java","148","29","148","84"
"idDeserial",,"warning","Deserialization method called: org.apache.commons.lang3.SerializationUtils.deserialize","/src/test/java/org/apache/commons/lang3/SerializationUtilsTest.java","156","29","156","70"
"idDeserial",,"warning","Deserialization method called: org.apache.commons.lang3.SerializationUtils.deserialize","/src/test/java/org/apache/commons/lang3/SerializationUtilsTest.java","160","31","160","72"
"idDeserial",,"warning","Deserialization method called: org.apache.commons.lang3.SerializationUtils.deserialize","/src/test/java/org/apache/commons/lang3/SerializationUtilsTest.java","173","29","173","66"
"idDeserial",,"warning","Deserialization method called: org.apache.commons.lang3.SerializationUtils.deserialize","/src/test/java/org/apache/commons/lang3/SerializationUtilsTest.java","188","23","188","91"
"idDeserial",,"warning","Deserialization method called: org.apache.commons.lang3.SerializationUtils.deserialize","/src/test/java/org/apache/commons/lang3/SerializationUtilsTest.java","200","92","200","129"
"idDeserial",,"warning","Deserialization method called: org.apache.commons.lang3.SerializationUtils.deserialize","/src/test/java/org/apache/commons/lang3/SerializationUtilsTest.java","206","56","206","105"
"idDeserial",,"warning","Deserialization method called: org.apache.commons.lang3.SerializationUtils.deserialize","/src/test/java/org/apache/commons/lang3/SerializationUtilsTest.java","218","29","218","66"
"idDeserial",,"warning","Deserialization method called: org.apache.commons.lang3.SerializationUtils.deserialize","/src/test/java/org/apache/commons/lang3/SerializationUtilsTest.java","251","58","251","124"
"idDeserial",,"warning","Deserialization method called: org.apache.commons.lang3.SerializationUtils.deserialize","/src/test/java/org/apache/commons/lang3/exception/AbstractExceptionContextTest.java","151","25","151","102"
"idDeserial",,"warning","Deserialization method called: java.io.ObjectInputStream.readObject","/src/test/java/org/apache/commons/lang3/event/EventListenerSupportTest.java","177","131","178","82"
"idDeserial",,"warning","Deserialization method called: org.apache.commons.lang3.SerializationUtils.deserialize","/src/test/java/org/apache/commons/lang3/time/FastDateParserTest.java","395","18","395","100"
"idDeserial",,"warning","Deserialization method called: org.apache.commons.lang3.SerializationUtils.deserialize","/src/test/java/org/apache/commons/lang3/time/FastDatePrinterTest.java","254","18","254","100"
