"idDeserial",,"warning","Deserialization method called: com.fasterxml.jackson.databind.ObjectMapper.readValue","/example/rest-java-example/src/main/java/org/apache/iotdb/HttpExample.java","128","36","128","71"
"idDeserial",,"warning","Deserialization method called: com.fasterxml.jackson.databind.ObjectMapper.readValue","/example/rest-java-example/src/main/java/org/apache/iotdb/HttpsExample.java","128","35","128","70"
"idDeserial",,"warning","Deserialization method called: com.fasterxml.jackson.databind.ObjectMapper.readValue","/integration-test/src/test/java/org/apache/iotdb/db/it/GrafanaApiServiceIT.java","190","17","190","52"
"idDeserial",,"warning","Deserialization method called: com.fasterxml.jackson.databind.ObjectMapper.readValue","/integration-test/src/test/java/org/apache/iotdb/db/it/GrafanaApiServiceIT.java","239","31","239","66"
"idDeserial",,"warning","Deserialization method called: com.fasterxml.jackson.databind.ObjectMapper.readValue","/integration-test/src/test/java/org/apache/iotdb/db/it/GrafanaApiServiceIT.java","293","31","293","66"
"idDeserial",,"warning","Deserialization method called: com.fasterxml.jackson.databind.ObjectMapper.readValue","/integration-test/src/test/java/org/apache/iotdb/db/it/GrafanaApiServiceIT.java","345","31","345","66"
"idDeserial",,"warning","Deserialization method called: com.fasterxml.jackson.databind.ObjectMapper.readValue","/integration-test/src/test/java/org/apache/iotdb/db/it/GrafanaApiServiceIT.java","381","19","381","55"
"idDeserial",,"warning","Deserialization method called: com.fasterxml.jackson.databind.ObjectMapper.readValue","/integration-test/src/test/java/org/apache/iotdb/db/it/IoTDBRestServiceIT.java","830","17","830","52"
"idDeserial",,"warning","Deserialization method called: com.fasterxml.jackson.databind.ObjectMapper.readValue","/integration-test/src/test/java/org/apache/iotdb/db/it/IoTDBRestServiceIT.java","933","17","933","52"
"idDeserial",,"warning","Deserialization method called: com.fasterxml.jackson.databind.ObjectMapper.readValue","/integration-test/src/test/java/org/apache/iotdb/db/it/IoTDBRestServiceIT.java","990","17","990","52"
"idDeserial",,"warning","Deserialization method called: com.fasterxml.jackson.databind.ObjectMapper.readValue","/integration-test/src/test/java/org/apache/iotdb/db/it/IoTDBRestServiceIT.java","1480","17","1480","52"
"idDeserial",,"warning","Deserialization method called: com.fasterxml.jackson.databind.ObjectMapper.readValue","/integration-test/src/test/java/org/apache/iotdb/db/it/IoTDBRestServiceIT.java","1583","17","1583","52"
"idDeserial",,"warning","Deserialization method called: com.fasterxml.jackson.databind.ObjectMapper.readValue","/integration-test/src/test/java/org/apache/iotdb/db/it/IoTDBRestServiceIT.java","1640","17","1640","52"
"idDeserial",,"warning","Deserialization method called: com.google.gson.Gson.fromJson","/iotdb-core/datanode/src/main/java/org/apache/iotdb/db/protocol/mqtt/JSONPayloadFormatter.java","56","31","56","67"
"idDeserial",,"warning","Deserialization method called: com.google.gson.Gson.fromJson","/iotdb-core/datanode/src/main/java/org/apache/iotdb/db/protocol/mqtt/JSONPayloadFormatter.java","87","9","88","94"
"idDeserial",,"warning","Deserialization method called: com.google.gson.Gson.fromJson","/iotdb-core/datanode/src/main/java/org/apache/iotdb/db/protocol/mqtt/JSONPayloadFormatter.java","90","9","90","98"
"idDeserial",,"warning","Deserialization method called: com.google.gson.Gson.fromJson","/iotdb-core/datanode/src/main/java/org/apache/iotdb/db/protocol/mqtt/JSONPayloadFormatter.java","97","9","99","55"
"idDeserial",,"warning","Deserialization method called: com.google.gson.Gson.fromJson","/iotdb-core/datanode/src/main/java/org/apache/iotdb/db/protocol/mqtt/JSONPayloadFormatter.java","101","9","102","90"
"idDeserial",,"warning","Deserialization method called: com.google.gson.Gson.fromJson","/iotdb-core/datanode/src/main/java/org/apache/iotdb/db/protocol/mqtt/JSONPayloadFormatter.java","104","9","105","94"
"idDeserial",,"warning","Deserialization method called: com.fasterxml.jackson.databind.ObjectMapper.readValue","/iotdb-core/datanode/src/test/java/org/apache/iotdb/db/protocol/rest/GrafanaApiServiceTest.java","146","17","146","52"
"idDeserial",,"warning","Deserialization method called: com.fasterxml.jackson.databind.ObjectMapper.readValue","/iotdb-core/datanode/src/test/java/org/apache/iotdb/db/protocol/rest/GrafanaApiServiceTest.java","180","31","180","66"
"idDeserial",,"warning","Deserialization method called: com.fasterxml.jackson.databind.ObjectMapper.readValue","/iotdb-core/datanode/src/test/java/org/apache/iotdb/db/protocol/rest/GrafanaApiServiceTest.java","218","31","218","66"
"idDeserial",,"warning","Deserialization method called: com.fasterxml.jackson.databind.ObjectMapper.readValue","/iotdb-core/datanode/src/test/java/org/apache/iotdb/db/protocol/rest/GrafanaApiServiceTest.java","256","31","256","66"
"idDeserial",,"warning","Deserialization method called: com.fasterxml.jackson.databind.ObjectMapper.readValue","/iotdb-core/datanode/src/test/java/org/apache/iotdb/db/protocol/rest/GrafanaApiServiceTest.java","292","19","292","55"
"idDeserial",,"warning","Deserialization method called: com.fasterxml.jackson.databind.ObjectMapper.readValue","/iotdb-core/datanode/src/test/java/org/apache/iotdb/db/protocol/rest/GrafanaApiServiceTest.java","378","17","378","52"
"idDeserial",,"warning","Deserialization method called: com.fasterxml.jackson.databind.ObjectMapper.readValue","/iotdb-core/datanode/src/test/java/org/apache/iotdb/db/protocol/rest/GrafanaApiServiceTest.java","422","17","422","52"
"idDeserial",,"warning","Deserialization method called: com.fasterxml.jackson.databind.ObjectMapper.readValue","/iotdb-core/datanode/src/test/java/org/apache/iotdb/db/protocol/rest/IoTDBRestServiceTest.java","284","17","284","52"
"idDeserial",,"warning","Deserialization method called: com.fasterxml.jackson.databind.ObjectMapper.readValue","/iotdb-core/datanode/src/test/java/org/apache/iotdb/db/protocol/rest/IoTDBRestServiceTest.java","387","17","387","52"
"idDeserial",,"warning","Deserialization method called: com.fasterxml.jackson.databind.ObjectMapper.readValue","/iotdb-core/datanode/src/test/java/org/apache/iotdb/db/protocol/rest/IoTDBRestServiceTest.java","444","17","444","52"
