"idDeserial",,"warning","Deserialization method called: java.io.ObjectInputStream.readObject","/log4j-1.2-api/src/test/java/org/apache/log4j/util/SerializationTestHelper.java","107","20","107","37"
"idDeserial",,"warning","Deserialization method called: java.io.ObjectInputStream.readObject","/log4j-1.2-api/src/test/java/org/apache/log4j/util/SerializationTestHelper.java","128","16","128","33"
"idDeserial",,"warning","Deserialization method called: java.io.ObjectInputStream.readObject","/log4j-api/src/main/java/org/apache/logging/log4j/message/LocalizedMessage.java","291","33","291","47"
"idDeserial",,"warning","Deserialization method called: java.io.ObjectInputStream.readObject","/log4j-api/src/main/java/org/apache/logging/log4j/message/ObjectArrayMessage.java","121","28","121","42"
"idDeserial",,"warning","Deserialization method called: java.io.ObjectInputStream.readObject","/log4j-api/src/main/java/org/apache/logging/log4j/util/SortedArrayStringMap.java","540","32","540","45"
"idDeserial",,"warning","Deserialization method called: java.io.ObjectInputStream.readObject","/log4j-api/src/main/java/org/apache/logging/log4j/util/internal/SerializationUtil.java","110","38","110","52"
"idDeserial",,"warning","Deserialization method called: java.io.ObjectInputStream.readObject","/log4j-api/src/main/java/org/apache/logging/log4j/util/internal/SerializationUtil.java","126","20","126","35"
"idDeserial",,"warning","Deserialization method called: java.io.ObjectInputStream.readObject","/log4j-api-test/src/main/java/org/apache/logging/log4j/test/junit/SerialUtil.java","76","24","76","39"
"idDeserial",,"warning","Deserialization method called: java.io.ObjectInputStream.readObject","/log4j-api-test/src/test/java/org/apache/logging/log4j/message/FormattedMessageTest.java","169","60","169","74"
"idDeserial",,"warning","Deserialization method called: java.io.ObjectInputStream.readObject","/log4j-api-test/src/test/java/org/apache/logging/log4j/message/ReusableMessageFactoryTest.java","149","32","149","45"
"idDeserial",,"warning","Deserialization method called: java.io.ObjectInputStream.readObject","/log4j-api-test/src/test/java/org/apache/logging/log4j/message/StringFormattedMessageTest.java","126","72","126","86"
"idDeserial",,"warning","Deserialization method called: java.io.ObjectInputStream.readObject","/log4j-api-test/src/test/java/org/apache/logging/log4j/util/DeserializerHelper.java","39","35","39","49"
"idDeserial",,"warning","Deserialization method called: com.fasterxml.jackson.databind.ObjectMapper.readValue","/log4j-core/src/main/java/org/apache/logging/log4j/core/filter/MutableThreadContextMapFilter.java","440","63","440","117"
"idDeserial",,"warning","Deserialization method called: java.io.ObjectInputStream.readObject","/log4j-core-test/src/test/java/org/apache/logging/log4j/core/LogEventTest.java","63","32","63","46"
"idDeserial",,"warning","Deserialization method called: java.io.ObjectInputStream.readObject","/log4j-core-test/src/test/java/org/apache/logging/log4j/core/LogEventTest.java","64","32","64","46"
"idDeserial",,"warning","Deserialization method called: com.fasterxml.jackson.databind.ObjectMapper.readValue","/log4j-core-test/src/test/java/org/apache/logging/log4j/core/appender/SocketAppenderTest.java","327","44","327","104"
"idDeserial",,"warning","Deserialization method called: java.io.ObjectInputStream.readObject","/log4j-core-test/src/test/java/org/apache/logging/log4j/core/impl/JdkMapAdapterStringMapTest.java","87","72","87","86"
"idDeserial",,"warning","Deserialization method called: java.io.ObjectInputStream.readObject","/log4j-core-test/src/test/java/org/apache/logging/log4j/core/impl/ThrowableProxyTest.java","77","33","77","47"
"idDeserial",,"warning","Deserialization method called: com.fasterxml.jackson.databind.ObjectMapper.readValue","/log4j-core-test/src/test/java/org/apache/logging/log4j/core/impl/ThrowableProxyTest.java","109","32","109","71"
"idDeserial",,"warning","Deserialization method called: com.fasterxml.jackson.databind.ObjectMapper.readValue","/log4j-core-test/src/test/java/org/apache/logging/log4j/core/jackson/JacksonIssue429Test.java","75","37","75","113"
"idDeserial",,"warning","Deserialization method called: com.fasterxml.jackson.databind.ObjectMapper.readValue","/log4j-core-test/src/test/java/org/apache/logging/log4j/core/jackson/JacksonIssue429Test.java","86","40","88","40"
"idDeserial",,"warning","Deserialization method called: com.fasterxml.jackson.databind.ObjectMapper.readValue","/log4j-core-test/src/test/java/org/apache/logging/log4j/core/jackson/JacksonIssue429MyNamesTest.java","113","37","116","37"
"idDeserial",,"warning","Deserialization method called: com.fasterxml.jackson.databind.ObjectMapper.readValue","/log4j-core-test/src/test/java/org/apache/logging/log4j/core/jackson/JacksonIssue429MyNamesTest.java","127","40","129","40"
"idDeserial",,"warning","Deserialization method called: com.fasterxml.jackson.databind.ObjectMapper.readValue","/log4j-core-test/src/test/java/org/apache/logging/log4j/core/jackson/StackTraceElementMixInTest.java","55","42","55","85"
"idDeserial",,"warning","Deserialization method called: com.fasterxml.jackson.databind.ObjectMapper.readValue","/log4j-core-test/src/test/java/org/apache/logging/log4j/core/jackson/StackTraceElementMixInTest.java","78","42","78","85"
"idDeserial",,"warning","Deserialization method called: com.fasterxml.jackson.databind.ObjectMapper.readValue","/log4j-core-test/src/test/java/org/apache/logging/log4j/core/jackson/StackTraceElementMixInTest.java","93","42","93","85"
"idDeserial",,"warning","Deserialization method called: java.io.ObjectInputStream.readObject","/log4j-core-test/src/test/java/org/apache/logging/log4j/core/impl/ThrowableProxyTest.java","398","49","398","63"
"idDeserial",,"warning","Deserialization method called: com.fasterxml.jackson.databind.ObjectMapper.readValue","/log4j-core-test/src/test/java/org/apache/logging/log4j/core/layout/JsonLayoutTest.java","178","38","179","52"
"idDeserial",,"warning","Deserialization method called: com.fasterxml.jackson.databind.ObjectMapper.readValue","/log4j-core-test/src/test/java/org/apache/logging/log4j/core/layout/JsonLayoutTest.java","379","17","379","115"
"idDeserial",,"warning","Deserialization method called: com.fasterxml.jackson.databind.ObjectMapper.readValue","/log4j-core-test/src/test/java/org/apache/logging/log4j/core/layout/JsonLayoutTest.java","434","21","434","119"
"idDeserial",,"warning","Deserialization method called: com.fasterxml.jackson.databind.ObjectMapper.readValue","/log4j-core-test/src/test/java/org/apache/logging/log4j/core/layout/JsonLayoutTest.java","478","21","478","119"
"idDeserial",,"warning","Deserialization method called: java.io.ObjectInputStream.readObject","/log4j-core-test/src/test/java/org/apache/logging/log4j/core/layout/SerializedLayoutTest.java","161","47","161","62"
"idDeserial",,"warning","Deserialization method called: com.fasterxml.jackson.databind.ObjectMapper.readValue","/log4j-core-test/src/test/java/org/apache/logging/log4j/core/layout/XmlLayoutTest.java","155","38","155","99"
"idDeserial",,"warning","Deserialization method called: com.fasterxml.jackson.databind.ObjectMapper.readValue","/log4j-core-test/src/test/java/org/apache/logging/log4j/core/layout/YamlLayoutTest.java","143","38","144","52"
"idDeserial",,"warning","Deserialization method called: com.fasterxml.jackson.databind.ObjectMapper.readValue","/log4j-core-test/src/test/java/org/apache/logging/log4j/core/layout/YamlLayoutTest.java","312","38","312","118"
"idDeserial",,"warning","Deserialization method called: com.fasterxml.jackson.databind.ObjectMapper.readValue","/log4j-docker/src/main/java/org/apache/logging/log4j/docker/DockerLookup.java","68","25","68","92"
"idDeserial",,"warning","Deserialization method called: com.fasterxml.jackson.databind.ObjectMapper.readValue","/log4j-jpa/src/main/java/org/apache/logging/log4j/core/appender/db/jpa/converter/ContextMapJsonAttributeConverter.java","59","20","59","90"
"idDeserial",,"warning","Deserialization method called: com.fasterxml.jackson.databind.ObjectMapper.readValue","/log4j-jpa/src/main/java/org/apache/logging/log4j/core/appender/db/jpa/converter/ContextStackJsonAttributeConverter.java","61","20","61","116"
"idDeserial",,"warning","Deserialization method called: com.fasterxml.jackson.databind.ObjectMapper.readValue","/log4j-layout-template-json-test/src/test/java/org/apache/logging/log4j/layout/template/json/JsonTemplateLayoutTest.java","118","35","118","93"
"idDeserial",,"warning","Deserialization method called: java.io.ObjectInputStream.readObject","/log4j-perf-test/src/main/java/org/apache/logging/log4j/perf/nogc/OpenHashStringMap.java","734","21","734","34"
"idDeserial",,"warning","Deserialization method called: java.io.ObjectInputStream.readObject","/log4j-perf-test/src/main/java/org/apache/logging/log4j/perf/nogc/OpenHashStringMap.java","735","21","735","34"
