"idDeserial",,"warning","Deserialization method called: com.fasterxml.jackson.databind.ObjectMapper.readValue","/lib/src/main/java/org/asamk/signal/manager/storage/accounts/AccountsStore.java","251","16","251","73"
"idDeserial",,"warning","Deserialization method called: com.fasterxml.jackson.databind.ObjectMapper.readValue","/lib/src/main/java/org/asamk/signal/manager/storage/identities/LegacyIdentityKeyStore.java","80","27","80","84"
"idDeserial",,"warning","Deserialization method called: com.fasterxml.jackson.databind.ObjectMapper.readValue","/lib/src/main/java/org/asamk/signal/manager/storage/recipients/LegacyRecipientStore2.java","32","33","32","82"
"idDeserial",,"warning","Deserialization method called: com.fasterxml.jackson.databind.ObjectMapper.readValue","/lib/src/main/java/org/asamk/signal/manager/storage/senderKeys/LegacySenderKeySharedStore.java","32","33","32","82"
"idDeserial",,"warning","Deserialization method called: com.fasterxml.jackson.databind.ObjectMapper.readValue","/lib/src/main/java/org/asamk/signal/manager/storage/stickerPacks/StickerPackStore.java","34","20","34","83"
"idDeserial",,"warning","Deserialization method called: com.fasterxml.jackson.databind.ObjectMapper.readValue","/lib/src/main/java/org/asamk/signal/manager/util/StickerUtils.java","99","16","99","79"
"idDeserial",,"warning","Deserialization method called: com.fasterxml.jackson.databind.ObjectMapper.readValue","/src/main/java/org/asamk/signal/jsonrpc/SignalJsonRpcCommandHandler.java","265","33","265","102"
