"idDeserial",,"warning","Deserialization method called: java.io.ObjectInputStream.readObject","/eventsourcing/src/test/java/org/axonframework/eventsourcing/AggregateLoadSnapshotTriggerDefinitionTest.java","178","37","178","116"
"idDeserial",,"warning","Deserialization method called: java.io.ObjectInputStream.readObject","/eventsourcing/src/test/java/org/axonframework/eventsourcing/EventCountSnapshotTriggerDefinitionTest.java","171","37","171","116"
"idDeserial",,"warning","Deserialization method called: java.io.ObjectInputStream.readObject","/legacy/src/test/java/org/axonframework/eventhandling/scheduling/quartz/LegacyAwareJobDataBinderTest.java","44","32","44","61"
"idDeserial",,"warning","Deserialization method called: java.io.ObjectInputStream.readObject","/messaging/src/main/java/org/axonframework/serialization/JavaSerializer.java","120","24","120","39"
"idDeserial",,"warning","Deserialization method called: com.thoughtworks.xstream.XStream.fromXML","/messaging/src/main/java/org/axonframework/serialization/xml/XStreamSerializer.java","145","16","145","83"
"idDeserial",,"warning","Deserialization method called: java.io.ObjectInputStream.readObject","/messaging/src/test/java/org/axonframework/eventhandling/GenericEventMessageTest.java","101","23","101","38"
"idDeserial",,"warning","Deserialization method called: java.io.ObjectInputStream.readObject","/messaging/src/test/java/org/axonframework/eventhandling/scheduling/java/SimpleEventSchedulerTest.java","92","48","93","29"
"idDeserial",,"warning","Deserialization method called: java.io.ObjectInputStream.readObject","/messaging/src/test/java/org/axonframework/messaging/correlation/MetaDataValueTest.java","111","27","111","42"
"idDeserial",,"warning","Deserialization method called: java.io.ObjectInputStream.readObject","/messaging/src/test/java/org/axonframework/serialization/SerializationAwareTest.java","48","23","48","38"
"idDeserial",,"warning","Deserialization method called: com.fasterxml.jackson.databind.ObjectMapper.readValue","/messaging/src/test/java/org/axonframework/serialization/json/MetaDataDeserializerTest.java","66","33","66","88"
"idDeserial",,"warning","Deserialization method called: com.fasterxml.jackson.databind.ObjectMapper.readValue","/messaging/src/test/java/org/axonframework/serialization/json/MetaDataDeserializerTest.java","77","33","77","93"
"idDeserial",,"warning","Deserialization method called: com.fasterxml.jackson.databind.ObjectMapper.readValue","/messaging/src/test/java/org/axonframework/serialization/json/MetaDataDeserializerTest.java","91","34","91","99"
"idDeserial",,"warning","Deserialization method called: com.fasterxml.jackson.databind.ObjectMapper.readValue","/messaging/src/test/java/org/axonframework/serialization/json/MetaDataDeserializerTest.java","108","34","108","100"
"idDeserial",,"warning","Deserialization method called: java.io.ObjectInputStream.readObject","/modelling/src/test/java/org/axonframework/modelling/command/AggregateScopeDescriptorSerializationTest.java","61","70","61","99"
"idDeserial",,"warning","Deserialization method called: java.io.ObjectInputStream.readObject","/modelling/src/test/java/org/axonframework/modelling/saga/SagaScopeDescriptorSerializationTest.java","59","60","59","89"
