"idDeserial",,"warning","Deserialization method called: com.google.gson.Gson.fromJson","/apitest/src/test/java/bisq/apitest/method/payment/AbstractPaymentAccountTest.java","144","63","146","29"
"idDeserial",,"warning","Deserialization method called: com.google.gson.Gson.fromJson","/core/src/main/java/bisq/core/api/model/PaymentAccountForm.java","190","16","190","47"
"idDeserial",,"warning","Deserialization method called: com.google.gson.Gson.fromJson","/core/src/main/java/bisq/core/api/model/PaymentAccountForm.java","241","39","241","94"
"idDeserial",,"warning","Deserialization method called: com.google.gson.Gson.fromJson","/core/src/main/java/bisq/core/provider/mempool/TxValidator.java","307","27","307","72"
"idDeserial",,"warning","Deserialization method called: com.google.gson.Gson.fromJson","/core/src/main/java/bisq/core/provider/mempool/TxValidator.java","329","27","329","72"
"idDeserial",,"warning","Deserialization method called: com.google.gson.Gson.fromJson","/core/src/main/java/bisq/core/provider/mempool/TxValidator.java","375","27","375","72"
"idDeserial",,"warning","Deserialization method called: com.google.gson.Gson.fromJson","/core/src/main/java/bisq/core/provider/price/PriceProvider.java","55","16","55","60"
"idDeserial",,"warning","Deserialization method called: com.google.gson.Gson.fromJson","/core/src/main/java/bisq/core/trade/txproof/xmr/XmrRawTxParser.java","50","31","50","76"
"idDeserial",,"warning","Deserialization method called: com.google.gson.Gson.fromJson","/core/src/main/java/bisq/core/trade/txproof/xmr/XmrTxProofParser.java","58","31","58","76"
"idDeserial",,"warning","Deserialization method called: com.google.gson.Gson.fromJson","/core/src/test/java/bisq/core/fee/MakerTxValidatorSanityCheckTests.java","238","16","238","65"
"idDeserial",,"warning","Deserialization method called: com.google.gson.Gson.fromJson","/core/src/test/java/bisq/core/provider/mempool/TxValidatorTest.java","236","16","237","20"
"idDeserial",,"warning","Deserialization method called: com.google.gson.Gson.fromJson","/daemon/src/main/java/bisq/daemon/grpc/interceptor/GrpcServiceRateMeteringConfig.java","170","30","170","79"
