"idDeserial",,"warning","Deserialization method called: com.google.gson.Gson.fromJson","/src/main/java/io/github/bonigarcia/wdm/WdmServer.java","148","27","148","73"
"idDeserial",,"warning","Deserialization method called: com.google.gson.Gson.fromJson","/src/main/java/io/github/bonigarcia/wdm/WebDriverManager.java","1551","40","1551","79"
"idDeserial",,"warning","Deserialization method called: com.google.gson.Gson.fromJson","/src/main/java/io/github/bonigarcia/wdm/WebDriverManager.java","1636","44","1637","42"
"idDeserial",,"warning","Deserialization method called: com.google.gson.Gson.fromJson","/src/main/java/io/github/bonigarcia/wdm/docker/DockerHubService.java","80","47","81","44"
"idDeserial",,"warning","Deserialization method called: com.google.gson.Gson.fromJson","/src/main/java/io/github/bonigarcia/wdm/online/Parser.java","59","24","59","72"
