"idDeserial",,"warning","Deserialization method called: java.io.ObjectInputStream.readObject","/generics/ClassCasting.java","16","40","16","54"
"idDeserial",,"warning","Deserialization method called: java.io.ObjectInputStream.readObject","/generics/NeedCasting.java","13","41","13","55"
"idDeserial",,"warning","Deserialization method called: java.io.ObjectInputStream.readObject","/references/Compete.java","67","26","67","40"
"idDeserial",,"warning","Deserialization method called: java.io.ObjectInputStream.readObject","/serialization/AStoreCADState.java","68","20","68","34"
"idDeserial",,"warning","Deserialization method called: java.io.ObjectInputStream.readObject","/serialization/Blip3.java","55","19","55","33"
"idDeserial",,"warning","Deserialization method called: java.io.ObjectInputStream.readObject","/serialization/Blips.java","61","19","61","33"
"idDeserial",,"warning","Deserialization method called: java.io.ObjectInputStream.readObject","/serialization/Logon.java","44","18","44","32"
"idDeserial",,"warning","Deserialization method called: java.io.ObjectInputStream.readObject","/serialization/MyWorld.java","62","30","62","45"
"idDeserial",,"warning","Deserialization method called: java.io.ObjectInputStream.readObject","/serialization/MyWorld.java","63","30","63","45"
"idDeserial",,"warning","Deserialization method called: java.io.ObjectInputStream.readObject","/serialization/MyWorld.java","64","30","64","45"
"idDeserial",,"warning","Deserialization method called: java.io.ObjectInputStream.readObject","/serialization/RecoverCADState.java","20","39","20","53"
"idDeserial",,"warning","Deserialization method called: java.io.ObjectInputStream.readObject","/serialization/RecoverCADState.java","22","41","22","55"
"idDeserial",,"warning","Deserialization method called: java.io.ObjectInputStream.readObject","/serialization/SerialCtl.java","27","17","27","35"
"idDeserial",,"warning","Deserialization method called: java.io.ObjectInputStream.readObject","/serialization/SerialCtl.java","46","36","46","50"
"idDeserial",,"warning","Deserialization method called: java.io.ObjectInputStream.readObject","/serialization/Worm.java","63","26","63","40"
"idDeserial",,"warning","Deserialization method called: java.io.ObjectInputStream.readObject","/serialization/Worm.java","64","23","64","37"
"idDeserial",,"warning","Deserialization method called: java.io.ObjectInputStream.readObject","/serialization/Worm.java","81","28","81","43"
"idDeserial",,"warning","Deserialization method called: java.io.ObjectInputStream.readObject","/serialization/Worm.java","82","25","82","40"
"idDeserial",,"warning","Deserialization method called: java.io.ObjectInputStream.readObject","/serialization/xfiles/ThawAlien.java","16","22","16","36"
