"idDeserial",,"warning","Deserialization method called: org.yaml.snakeyaml.Yaml.load","/src/main/java/org/bukkit/configuration/file/YamlConfiguration.java","55","33","55","51"
"idDeserial",,"warning","Deserialization method called: org.yaml.snakeyaml.Yaml.load","/src/main/java/org/bukkit/plugin/PluginDescriptionFile.java","232","23","232","45"
"idDeserial",,"warning","Deserialization method called: org.yaml.snakeyaml.Yaml.load","/src/main/java/org/bukkit/plugin/PluginDescriptionFile.java","243","23","243","45"
"idDeserial",,"warning","Deserialization method called: java.io.ObjectInputStream.readObject","/src/test/java/org/bukkit/util/io/BukkitObjectStreamTest.java","118","24","118","39"
"idDeserial",,"warning","Deserialization method called: java.io.ObjectInputStream.readObject","/src/test/java/org/bukkit/util/io/BukkitObjectStreamTest.java","119","26","119","44"
