"idDeserial",,"warning","Deserialization method called: com.fasterxml.jackson.databind.ObjectMapper.readValue","/clients/java/client/src/it/java/org/camunda/bpm/client/rule/EngineRule.java","161","43","161","112"
"idDeserial",,"warning","Deserialization method called: com.fasterxml.jackson.databind.ObjectMapper.readValue","/clients/java/client/src/it/java/org/camunda/bpm/client/rule/EngineRule.java","423","14","423","67"
"idDeserial",,"warning","Deserialization method called: com.fasterxml.jackson.databind.ObjectMapper.readValue","/clients/java/client/src/main/java/org/camunda/bpm/client/impl/RequestExecutor.java","147","14","147","63"
"idDeserial",,"warning","Deserialization method called: com.fasterxml.jackson.databind.ObjectMapper.readValue","/clients/java/client/src/main/java/org/camunda/bpm/client/variable/impl/format/json/JacksonJsonDataFormat.java","97","14","97","47"
"idDeserial",,"warning","Deserialization method called: com.fasterxml.jackson.databind.ObjectMapper.readValue","/clients/java/client/src/main/java/org/camunda/bpm/client/variable/impl/format/json/JacksonJsonDataFormat.java","112","14","112","48"
"idDeserial",,"warning","Deserialization method called: java.io.ObjectInputStream.readObject","/clients/java/client/src/main/java/org/camunda/bpm/client/variable/impl/format/serializable/SerializableDataFormat.java","94","18","94","33"
"idDeserial",,"warning","Deserialization method called: com.google.gson.Gson.fromJson","/engine/src/main/java/org/camunda/bpm/engine/impl/form/deployer/CamundaFormDefinitionDeployer.java","52","35","52","84"
"idDeserial",,"warning","Deserialization method called: com.google.gson.Gson.fromJson","/engine/src/main/java/org/camunda/bpm/engine/impl/util/JsonUtil.java","220","20","220","74"
"idDeserial",,"warning","Deserialization method called: com.google.gson.Gson.fromJson","/engine/src/main/java/org/camunda/bpm/engine/impl/util/JsonUtil.java","240","22","240","75"
"idDeserial",,"warning","Deserialization method called: com.google.gson.Gson.fromJson","/engine/src/main/java/org/camunda/bpm/engine/impl/util/JsonUtil.java","542","21","542","69"
"idDeserial",,"warning","Deserialization method called: java.io.ObjectInputStream.readObject","/engine/src/main/java/org/camunda/bpm/engine/impl/variable/serializer/JavaObjectSerializer.java","59","14","59","29"
"idDeserial",,"warning","Deserialization method called: com.google.gson.Gson.fromJson","/engine/src/test/java/org/camunda/bpm/engine/test/api/mgmt/telemetry/TelemetryMultipleEnginesTest.java","142","44","142","115"
"idDeserial",,"warning","Deserialization method called: com.google.gson.Gson.fromJson","/engine/src/test/java/org/camunda/bpm/engine/test/api/mgmt/telemetry/TelemetryMultipleEnginesTest.java","146","43","146","113"
"idDeserial",,"warning","Deserialization method called: com.google.gson.Gson.fromJson","/engine/src/test/java/org/camunda/bpm/engine/test/api/mgmt/telemetry/TelemetryMultipleEnginesTest.java","175","44","175","115"
"idDeserial",,"warning","Deserialization method called: java.io.ObjectInputStream.readObject","/engine/src/test/java/org/camunda/bpm/engine/test/api/runtime/message/MessageCorrelationTest.java","429","7","429","86"
"idDeserial",,"warning","Deserialization method called: java.io.ObjectInputStream.readObject","/engine/src/test/java/org/camunda/bpm/engine/test/api/runtime/message/MessageCorrelationTest.java","470","7","470","86"
"idDeserial",,"warning","Deserialization method called: java.io.ObjectInputStream.readObject","/engine/src/test/java/org/camunda/bpm/engine/test/api/runtime/message/MessageCorrelationTest.java","618","7","618","86"
"idDeserial",,"warning","Deserialization method called: java.io.ObjectInputStream.readObject","/engine/src/test/java/org/camunda/bpm/engine/test/api/runtime/message/MessageCorrelationTest.java","659","7","659","86"
"idDeserial",,"warning","Deserialization method called: java.io.ObjectInputStream.readObject","/engine/src/test/java/org/camunda/bpm/engine/test/api/variables/JavaSerializationTest.java","174","30","174","59"
"idDeserial",,"warning","Deserialization method called: java.io.ObjectInputStream.readObject","/engine/src/test/java/org/camunda/bpm/engine/test/bpmn/event/message/MessageIntermediateEventTest.java","217","7","217","86"
"idDeserial",,"warning","Deserialization method called: java.io.ObjectInputStream.readObject","/engine/src/test/java/org/camunda/bpm/engine/test/bpmn/event/signal/SignalEventTest.java","602","7","602","86"
"idDeserial",,"warning","Deserialization method called: java.io.ObjectInputStream.readObject","/engine/src/test/java/org/camunda/bpm/engine/test/standalone/entity/EntitySerializationTest.java","115","21","115","44"
"idDeserial",,"warning","Deserialization method called: java.io.ObjectInputStream.readObject","/engine/src/test/java/org/camunda/bpm/engine/test/util/TypedValueAssert.java","81","27","81","56"
"idDeserial",,"warning","Deserialization method called: java.io.ObjectInputStream.readObject","/engine-plugins/spin-plugin/src/test/java/org/camunda/spin/plugin/variables/TypedValueAssert.java","77","27","77","56"
"idDeserial",,"warning","Deserialization method called: com.fasterxml.jackson.databind.ObjectMapper.readValue","/engine-rest/engine-rest/src/main/java/org/camunda/bpm/engine/rest/dto/ConditionQueryParameterDto.java","82","16","82","70"
"idDeserial",,"warning","Deserialization method called: com.fasterxml.jackson.databind.ObjectMapper.readValue","/engine-rest/engine-rest/src/main/java/org/camunda/bpm/engine/rest/dto/VariableValueDto.java","109","29","109","77"
"idDeserial",,"warning","Deserialization method called: com.fasterxml.jackson.databind.ObjectMapper.readValue","/engine-rest/engine-rest/src/main/java/org/camunda/bpm/engine/rest/dto/converter/JacksonAwareStringToTypeConverter.java","42","14","42","53"
"idDeserial",,"warning","Deserialization method called: com.fasterxml.jackson.databind.ObjectMapper.readValue","/engine-rest/engine-rest/src/main/java/org/camunda/bpm/engine/rest/sub/impl/AbstractVariablesResource.java","172","14","172","85"
"idDeserial",,"warning","Deserialization method called: com.fasterxml.jackson.databind.ObjectMapper.readValue","/engine-rest/engine-rest/src/main/java/org/camunda/bpm/engine/rest/sub/runtime/impl/FilterResourceImpl.java","422","16","422","75"
"idDeserial",,"warning","Deserialization method called: com.fasterxml.jackson.databind.ObjectMapper.readValue","/engine-rest/engine-rest/src/test/java/org/camunda/bpm/engine/rest/converter/DateConverterTest.java","61","10","61","52"
"idDeserial",,"warning","Deserialization method called: com.fasterxml.jackson.databind.ObjectMapper.readValue","/engine-rest/engine-rest/src/test/java/org/camunda/bpm/engine/rest/mapper/RetriesDtoObjectMapperTest.java","62","22","62","61"
"idDeserial",,"warning","Deserialization method called: com.fasterxml.jackson.databind.ObjectMapper.readValue","/engine-rest/engine-rest/src/test/java/org/camunda/bpm/engine/rest/mapper/RetriesDtoObjectMapperTest.java","78","22","78","61"
"idDeserial",,"warning","Deserialization method called: com.fasterxml.jackson.databind.ObjectMapper.readValue","/engine-rest/engine-rest/src/test/java/org/camunda/bpm/engine/rest/mapper/RetriesDtoObjectMapperTest.java","115","28","115","73"
"idDeserial",,"warning","Deserialization method called: com.fasterxml.jackson.databind.ObjectMapper.readValue","/engine-rest/engine-rest/src/test/java/org/camunda/bpm/engine/rest/mapper/RetriesDtoObjectMapperTest.java","133","28","133","73"
"idDeserial",,"warning","Deserialization method called: com.fasterxml.jackson.databind.ObjectMapper.readValue","/engine-rest/engine-rest/src/test/java/org/camunda/bpm/engine/rest/mapper/RetriesDtoObjectMapperTest.java","173","37","173","91"
"idDeserial",,"warning","Deserialization method called: com.fasterxml.jackson.databind.ObjectMapper.readValue","/engine-rest/engine-rest/src/test/java/org/camunda/bpm/engine/rest/mapper/RetriesDtoObjectMapperTest.java","187","37","187","91"
"idDeserial",,"warning","Deserialization method called: java.io.ObjectInputStream.readObject","/juel/src/main/java/org/camunda/bpm/impl/juel/Bindings.java","58","30","58","44"
"idDeserial",,"warning","Deserialization method called: java.io.ObjectInputStream.readObject","/juel/src/main/java/org/camunda/bpm/impl/juel/Bindings.java","59","26","59","40"
"idDeserial",,"warning","Deserialization method called: java.io.ObjectInputStream.readObject","/juel/src/main/java/org/camunda/bpm/impl/juel/Bindings.java","60","34","60","48"
"idDeserial",,"warning","Deserialization method called: java.io.ObjectInputStream.readObject","/juel/src/main/java/org/camunda/bpm/impl/juel/Bindings.java","167","47","167","61"
"idDeserial",,"warning","Deserialization method called: com.fasterxml.jackson.databind.ObjectMapper.readValue","/spin/dataformat-json-jackson/src/main/java/org/camunda/spin/impl/json/jackson/format/JacksonJsonDataFormatMapper.java","98","14","98","66"
"idDeserial",,"warning","Deserialization method called: com.fasterxml.jackson.databind.ObjectMapper.readValue","/webapps/assembly/src/main/java/org/camunda/bpm/cockpit/rest/dto/AbstractRestQueryParametersDto.java","121","16","121","70"
"idDeserial",,"warning","Deserialization method called: com.fasterxml.jackson.databind.ObjectMapper.readValue","/webapps/assembly/src/main/java/org/camunda/bpm/webapp/impl/security/filter/util/FilterRules.java","50","35","50","104"
"idDeserial",,"warning","Deserialization method called: com.fasterxml.jackson.databind.ObjectMapper.readValue","/webapps/assembly/src/main/java/org/camunda/bpm/webapp/rest/dto/AbstractRestQueryParametersDto.java","119","16","119","70"
