"idDeserial",,"warning","Deserialization method called: com.fasterxml.jackson.databind.ObjectMapper.readValue","/dist/src/test/java/io/camunda/zeebe/shared/management/BackupEndpointTest.java","233","43","233","90"
"idDeserial",,"warning","Deserialization method called: com.fasterxml.jackson.databind.ObjectMapper.readValue","/dist/src/test/java/io/camunda/zeebe/shared/management/BackupEndpointTest.java","279","43","279","90"
"idDeserial",,"warning","Deserialization method called: com.fasterxml.jackson.databind.ObjectMapper.readValue","/dist/src/test/java/io/camunda/zeebe/shared/management/BackupEndpointTest.java","426","11","428","92"
"idDeserial",,"warning","Deserialization method called: com.fasterxml.jackson.databind.ObjectMapper.readValue","/operate/common/src/main/java/io/camunda/operate/opensearch/ExtendedOpenSearchClient.java","63","12","63","67"
"idDeserial",,"warning","Deserialization method called: com.fasterxml.jackson.databind.ObjectMapper.readValue","/operate/importer-8_5/src/main/java/io/camunda/operate/zeebeimport/v8_5/processors/ImportBulkProcessor.java","79","16","79","65"
"idDeserial",,"warning","Deserialization method called: com.fasterxml.jackson.databind.ObjectMapper.readValue","/operate/importer-8_6/src/main/java/io/camunda/operate/zeebeimport/processors/ImportBulkProcessor.java","79","16","79","65"
"idDeserial",,"warning","Deserialization method called: com.fasterxml.jackson.databind.ObjectMapper.readValue","/operate/importer-common/src/main/java/io/camunda/operate/zeebeimport/ImportBatch.java","110","13","110","99"
"idDeserial",,"warning","Deserialization method called: com.fasterxml.jackson.databind.ObjectMapper.readValue","/operate/qa/integration-tests/src/test/java/io/camunda/operate/elasticsearch/BatchOperationWriterZeebeIT.java","336","9","337","85"
"idDeserial",,"warning","Deserialization method called: com.fasterxml.jackson.databind.ObjectMapper.readValue","/operate/qa/integration-tests/src/test/java/io/camunda/operate/it/MigrateProcessInstanceOperationZeebeIT.java","131","9","132","85"
"idDeserial",,"warning","Deserialization method called: com.fasterxml.jackson.databind.ObjectMapper.readValue","/operate/qa/integration-tests/src/test/java/io/camunda/operate/it/MigrateProcessInstanceOperationZeebeIT.java","193","9","194","85"
"idDeserial",,"warning","Deserialization method called: com.fasterxml.jackson.databind.ObjectMapper.readValue","/operate/qa/integration-tests/src/test/java/io/camunda/operate/it/MigrateProcessInstanceOperationZeebeIT.java","264","9","265","85"
"idDeserial",,"warning","Deserialization method called: com.fasterxml.jackson.databind.ObjectMapper.readValue","/operate/qa/integration-tests/src/test/java/io/camunda/operate/it/MigrateProcessInstanceOperationZeebeIT.java","334","9","335","85"
"idDeserial",,"warning","Deserialization method called: com.fasterxml.jackson.databind.ObjectMapper.readValue","/operate/qa/integration-tests/src/test/java/io/camunda/operate/it/MigrateProcessInstanceOperationZeebeIT.java","405","9","406","85"
"idDeserial",,"warning","Deserialization method called: com.fasterxml.jackson.databind.ObjectMapper.readValue","/operate/qa/integration-tests/src/test/java/io/camunda/operate/it/MigrateProcessInstanceOperationZeebeIT.java","473","9","474","85"
"idDeserial",,"warning","Deserialization method called: com.fasterxml.jackson.databind.ObjectMapper.readValue","/operate/qa/integration-tests/src/test/java/io/camunda/operate/it/MigrateProcessInstanceOperationZeebeIT.java","545","9","546","85"
"idDeserial",,"warning","Deserialization method called: com.fasterxml.jackson.databind.ObjectMapper.readValue","/operate/qa/integration-tests/src/test/java/io/camunda/operate/it/MigrateProcessInstanceOperationZeebeIT.java","613","9","614","85"
"idDeserial",,"warning","Deserialization method called: com.fasterxml.jackson.databind.ObjectMapper.readValue","/operate/qa/integration-tests/src/test/java/io/camunda/operate/it/OperationZeebeIT.java","537","9","537","98"
"idDeserial",,"warning","Deserialization method called: com.fasterxml.jackson.databind.ObjectMapper.readValue","/operate/qa/integration-tests/src/test/java/io/camunda/operate/schema/util/elasticsearch/ElasticsearchSchemaTestHelper.java","83","15","86","70"
"idDeserial",,"warning","Deserialization method called: com.fasterxml.jackson.databind.ObjectMapper.readValue","/operate/qa/integration-tests/src/test/java/io/camunda/operate/schema/util/opensearch/OpenSearchSchemaTestHelper.java","142","11","142","97"
"idDeserial",,"warning","Deserialization method called: com.fasterxml.jackson.databind.ObjectMapper.readValue","/operate/qa/integration-tests/src/test/java/io/camunda/operate/util/MockMvcTestRule.java","104","14","104","84"
"idDeserial",,"warning","Deserialization method called: com.fasterxml.jackson.databind.ObjectMapper.readValue","/operate/qa/integration-tests/src/test/java/io/camunda/operate/util/MockMvcTestRule.java","112","14","112","92"
"idDeserial",,"warning","Deserialization method called: com.fasterxml.jackson.databind.ObjectMapper.readValue","/operate/qa/integration-tests/src/test/java/io/camunda/operate/util/OperateZeebeAbstractIT.java","325","9","326","82"
"idDeserial",,"warning","Deserialization method called: com.fasterxml.jackson.databind.ObjectMapper.readValue","/operate/qa/integration-tests/src/test/java/io/camunda/operate/util/OperateZeebeAbstractIT.java","350","9","351","82"
"idDeserial",,"warning","Deserialization method called: com.fasterxml.jackson.databind.ObjectMapper.readValue","/operate/qa/integration-tests/src/test/java/io/camunda/operate/util/OperateZeebeAbstractIT.java","438","9","439","85"
"idDeserial",,"warning","Deserialization method called: com.fasterxml.jackson.databind.ObjectMapper.readValue","/operate/qa/integration-tests/src/test/java/io/camunda/operate/util/OperateZeebeAbstractIT.java","454","9","455","85"
"idDeserial",,"warning","Deserialization method called: com.fasterxml.jackson.databind.ObjectMapper.readValue","/operate/qa/integration-tests/src/test/java/io/camunda/operate/util/OperateZeebeAbstractIT.java","515","9","515","85"
"idDeserial",,"warning","Deserialization method called: com.fasterxml.jackson.databind.ObjectMapper.readValue","/operate/qa/integration-tests/src/test/java/io/camunda/operate/webapp/InternalAPIErrorControllerIT.java","78","9","78","84"
"idDeserial",,"warning","Deserialization method called: com.fasterxml.jackson.databind.ObjectMapper.readValue","/operate/qa/integration-tests/src/test/java/io/camunda/operate/webapp/InternalAPIErrorControllerIT.java","97","9","97","84"
"idDeserial",,"warning","Deserialization method called: com.fasterxml.jackson.databind.ObjectMapper.readValue","/operate/qa/integration-tests/src/test/java/io/camunda/operate/webapp/InternalAPIErrorControllerIT.java","116","9","116","84"
"idDeserial",,"warning","Deserialization method called: com.fasterxml.jackson.databind.ObjectMapper.readValue","/operate/qa/integration-tests/src/test/java/io/camunda/operate/webapp/InternalAPIErrorControllerIT.java","135","9","135","84"
"idDeserial",,"warning","Deserialization method called: com.fasterxml.jackson.databind.ObjectMapper.readValue","/operate/qa/integration-tests/src/test/java/io/camunda/operate/webapp/InternalAPIErrorControllerIT.java","154","9","154","84"
"idDeserial",,"warning","Deserialization method called: com.fasterxml.jackson.databind.ObjectMapper.readValue","/operate/qa/integration-tests/src/test/java/io/camunda/operate/webapp/security/identity/AuthenticationIT.java","95","9","98","41"
"idDeserial",,"warning","Deserialization method called: com.fasterxml.jackson.databind.ObjectMapper.readValue","/operate/qa/integration-tests/src/test/java/io/camunda/operate/webapp/security/identity/AuthenticationIT.java","170","9","173","41"
"idDeserial",,"warning","Deserialization method called: com.fasterxml.jackson.databind.ObjectMapper.readValue","/operate/qa/integration-tests/src/test/java/io/camunda/operate/webapp/security/oauth2/IdentityJwt2AuthenticationTokenConverterIT.java","118","9","121","41"
"idDeserial",,"warning","Deserialization method called: com.fasterxml.jackson.databind.ObjectMapper.readValue","/operate/qa/integration-tests/src/test/java/io/camunda/operate/webapp/security/sso/AuthenticationIT.java","467","9","467","69"
"idDeserial",,"warning","Deserialization method called: com.fasterxml.jackson.databind.ObjectMapper.readValue","/operate/qa/query-performance-tests/src/test/java/io/camunda/operate/qa/performance/QueryPerformanceTest.java","91","23","91","89"
"idDeserial",,"warning","Deserialization method called: com.fasterxml.jackson.databind.ObjectMapper.readValue","/operate/schema/src/main/java/io/camunda/operate/schema/elasticsearch/ElasticsearchSchemaManager.java","261","33","261","82"
"idDeserial",,"warning","Deserialization method called: com.fasterxml.jackson.databind.ObjectMapper.readValue","/operate/schema/src/main/java/io/camunda/operate/schema/migration/elasticsearch/ElasticsearchReindexWithQueryAndScriptPlan.java","99","9","99","89"
"idDeserial",,"warning","Deserialization method called: com.fasterxml.jackson.databind.ObjectMapper.readValue","/operate/schema/src/main/java/io/camunda/operate/schema/migration/elasticsearch/ElasticsearchStepsRepository.java","73","12","73","49"
"idDeserial",,"warning","Deserialization method called: com.fasterxml.jackson.databind.ObjectMapper.readValue","/operate/schema/src/main/java/io/camunda/operate/schema/opensearch/OpensearchStepsRepository.java","64","12","64","49"
"idDeserial",,"warning","Deserialization method called: com.fasterxml.jackson.databind.ObjectMapper.readValue","/operate/schema/src/main/java/io/camunda/operate/schema/opensearch/OpensearchSchemaManager.java","337","33","337","82"
"idDeserial",,"warning","Deserialization method called: com.fasterxml.jackson.databind.ObjectMapper.readValue","/operate/schema/src/main/java/io/camunda/operate/store/elasticsearch/ElasticsearchBatchRequest.java","119","19","120","83"
"idDeserial",,"warning","Deserialization method called: com.fasterxml.jackson.databind.ObjectMapper.readValue","/operate/schema/src/main/java/io/camunda/operate/store/elasticsearch/ElasticsearchBatchRequest.java","153","19","154","83"
"idDeserial",,"warning","Deserialization method called: com.fasterxml.jackson.databind.ObjectMapper.readValue","/operate/schema/src/main/java/io/camunda/operate/store/elasticsearch/ElasticsearchBatchRequest.java","249","19","250","83"
"idDeserial",,"warning","Deserialization method called: com.fasterxml.jackson.databind.ObjectMapper.readValue","/operate/schema/src/main/java/io/camunda/operate/store/elasticsearch/ElasticsearchBatchRequest.java","268","11","268","88"
"idDeserial",,"warning","Deserialization method called: com.fasterxml.jackson.databind.ObjectMapper.readValue","/operate/schema/src/main/java/io/camunda/operate/store/elasticsearch/ElasticsearchBatchRequest.java","317","11","317","92"
"idDeserial",,"warning","Deserialization method called: com.fasterxml.jackson.databind.ObjectMapper.readValue","/operate/schema/src/main/java/io/camunda/operate/store/elasticsearch/ElasticsearchOperationStore.java","136","11","136","91"
"idDeserial",,"warning","Deserialization method called: com.fasterxml.jackson.databind.ObjectMapper.readValue","/operate/schema/src/main/java/io/camunda/operate/store/elasticsearch/ElasticsearchOperationStore.java","187","11","187","92"
"idDeserial",,"warning","Deserialization method called: com.fasterxml.jackson.databind.ObjectMapper.readValue","/operate/schema/src/main/java/io/camunda/operate/store/elasticsearch/ElasticsearchTaskStore.java","54","11","54","87"
"idDeserial",,"warning","Deserialization method called: com.fasterxml.jackson.databind.ObjectMapper.readValue","/operate/schema/src/main/java/io/camunda/operate/store/elasticsearch/RetryElasticsearchClient.java","212","19","214","70"
"idDeserial",,"warning","Deserialization method called: com.fasterxml.jackson.databind.ObjectMapper.readValue","/operate/schema/src/main/java/io/camunda/operate/store/elasticsearch/RetryElasticsearchClient.java","710","14","710","73"
"idDeserial",,"warning","Deserialization method called: com.fasterxml.jackson.databind.ObjectMapper.readValue","/operate/schema/src/main/java/io/camunda/operate/store/opensearch/client/sync/OpenSearchIndexOperations.java","232","19","233","86"
"idDeserial",,"warning","Deserialization method called: com.fasterxml.jackson.databind.ObjectMapper.readValue","/operate/schema/src/main/java/io/camunda/operate/util/ElasticsearchUtil.java","147","11","147","78"
"idDeserial",,"warning","Deserialization method called: com.fasterxml.jackson.databind.ObjectMapper.readValue","/operate/schema/src/main/java/io/camunda/operate/util/ElasticsearchUtil.java","479","16","479","61"
"idDeserial",,"warning","Deserialization method called: com.fasterxml.jackson.databind.ObjectMapper.readValue","/operate/schema/src/main/java/io/camunda/operate/util/ElasticsearchUtil.java","504","16","504","65"
"idDeserial",,"warning","Deserialization method called: com.fasterxml.jackson.databind.ObjectMapper.readValue","/operate/webapp/src/main/java/io/camunda/operate/webapp/rest/FlowNodeInstanceMetadataBuilder.java","143","13","143","90"
"idDeserial",,"warning","Deserialization method called: com.fasterxml.jackson.databind.ObjectMapper.readValue","/operate/webapp/src/main/java/io/camunda/operate/webapp/rest/dto/listview/SortValuesWrapper.java","63","28","63","90"
"idDeserial",,"warning","Deserialization method called: com.fasterxml.jackson.databind.ObjectMapper.readValue","/operate/webapp/src/main/java/io/camunda/operate/webapp/zeebe/operation/MigrateProcessInstanceHandler.java","46","9","46","84"
"idDeserial",,"warning","Deserialization method called: com.fasterxml.jackson.databind.ObjectMapper.readValue","/operate/webapp/src/main/java/io/camunda/operate/webapp/zeebe/operation/process/modify/SingleStepModifyProcessInstanceHandler.java","52","9","53","85"
"idDeserial",,"warning","Deserialization method called: com.fasterxml.jackson.databind.ObjectMapper.readValue","/spring-boot-starter-camunda-sdk/src/main/java/io/camunda/zeebe/spring/common/json/SdkObjectMapper.java","45","14","45","52"
"idDeserial",,"warning","Deserialization method called: com.fasterxml.jackson.databind.ObjectMapper.readValue","/tasklist/els-schema/src/main/java/io/camunda/tasklist/es/ElasticsearchInternalTask.java","69","11","69","87"
"idDeserial",,"warning","Deserialization method called: com.fasterxml.jackson.databind.ObjectMapper.readValue","/tasklist/els-schema/src/main/java/io/camunda/tasklist/es/RetryElasticsearchClient.java","700","14","700","73"
"idDeserial",,"warning","Deserialization method called: com.fasterxml.jackson.databind.ObjectMapper.readValue","/tasklist/els-schema/src/main/java/io/camunda/tasklist/schema/migration/es/ElasticsearchStepsRepository.java","110","12","110","49"
"idDeserial",,"warning","Deserialization method called: com.fasterxml.jackson.databind.ObjectMapper.readValue","/tasklist/els-schema/src/main/java/io/camunda/tasklist/schema/migration/os/OpenSearchStepsRepository.java","105","12","105","49"
"idDeserial",,"warning","Deserialization method called: com.fasterxml.jackson.databind.ObjectMapper.readValue","/tasklist/els-schema/src/main/java/io/camunda/tasklist/store/elasticsearch/DraftVariablesStoreElasticSearch.java","86","11","86","94"
"idDeserial",,"warning","Deserialization method called: com.fasterxml.jackson.databind.ObjectMapper.readValue","/tasklist/els-schema/src/main/java/io/camunda/tasklist/store/elasticsearch/ProcessInstanceStoreElasticSearch.java","123","11","123","77"
"idDeserial",,"warning","Deserialization method called: com.fasterxml.jackson.databind.ObjectMapper.readValue","/tasklist/els-schema/src/main/java/io/camunda/tasklist/store/elasticsearch/DraftVariablesStoreElasticSearch.java","168","11","168","79"
"idDeserial",,"warning","Deserialization method called: com.fasterxml.jackson.databind.ObjectMapper.readValue","/tasklist/els-schema/src/main/java/io/camunda/tasklist/store/elasticsearch/VariableStoreElasticSearch.java","198","11","198","94"
"idDeserial",,"warning","Deserialization method called: com.fasterxml.jackson.databind.ObjectMapper.readValue","/tasklist/els-schema/src/main/java/io/camunda/tasklist/store/elasticsearch/TaskStoreElasticSearch.java","572","11","572","94"
"idDeserial",,"warning","Deserialization method called: com.fasterxml.jackson.databind.ObjectMapper.readValue","/tasklist/els-schema/src/main/java/io/camunda/tasklist/store/elasticsearch/TaskStoreElasticSearch.java","609","11","609","94"
"idDeserial",,"warning","Deserialization method called: com.fasterxml.jackson.databind.ObjectMapper.readValue","/tasklist/els-schema/src/main/java/io/camunda/tasklist/store/elasticsearch/TaskStoreElasticSearch.java","646","11","646","94"
"idDeserial",,"warning","Deserialization method called: com.fasterxml.jackson.databind.ObjectMapper.readValue","/tasklist/els-schema/src/main/java/io/camunda/tasklist/store/opensearch/TaskStoreOpenSearch.java","705","11","705","94"
"idDeserial",,"warning","Deserialization method called: com.fasterxml.jackson.databind.ObjectMapper.readValue","/tasklist/els-schema/src/main/java/io/camunda/tasklist/store/opensearch/TaskStoreOpenSearch.java","741","11","741","94"
"idDeserial",,"warning","Deserialization method called: com.fasterxml.jackson.databind.ObjectMapper.readValue","/tasklist/els-schema/src/main/java/io/camunda/tasklist/store/opensearch/TaskStoreOpenSearch.java","778","11","778","94"
"idDeserial",,"warning","Deserialization method called: com.fasterxml.jackson.databind.ObjectMapper.readValue","/tasklist/els-schema/src/main/java/io/camunda/tasklist/util/OpenSearchUtil.java","158","16","158","61"
"idDeserial",,"warning","Deserialization method called: com.fasterxml.jackson.databind.ObjectMapper.readValue","/tasklist/els-schema/src/main/java/io/camunda/tasklist/util/ElasticsearchUtil.java","322","16","322","61"
"idDeserial",,"warning","Deserialization method called: com.fasterxml.jackson.databind.ObjectMapper.readValue","/tasklist/els-schema/src/main/java/io/camunda/tasklist/util/ElasticsearchUtil.java","343","16","343","65"
"idDeserial",,"warning","Deserialization method called: com.fasterxml.jackson.databind.ObjectMapper.readValue","/tasklist/importer-850/src/main/java/io/camunda/tasklist/zeebeimport/v850/processors/es/JobZeebeRecordProcessorElasticSearch.java","131","35","131","89"
"idDeserial",,"warning","Deserialization method called: com.fasterxml.jackson.databind.ObjectMapper.readValue","/tasklist/importer-850/src/main/java/io/camunda/tasklist/zeebeimport/v850/processors/es/JobZeebeRecordProcessorElasticSearch.java","145","34","145","87"
"idDeserial",,"warning","Deserialization method called: com.fasterxml.jackson.databind.ObjectMapper.readValue","/tasklist/importer-850/src/main/java/io/camunda/tasklist/zeebeimport/v850/processors/es/UserTaskZeebeRecordProcessorElasticSearch.java","83","11","83","94"
"idDeserial",,"warning","Deserialization method called: com.fasterxml.jackson.databind.ObjectMapper.readValue","/tasklist/importer-850/src/main/java/io/camunda/tasklist/zeebeimport/v850/processors/es/JobZeebeRecordProcessorElasticSearch.java","206","11","206","94"
"idDeserial",,"warning","Deserialization method called: com.fasterxml.jackson.databind.ObjectMapper.readValue","/tasklist/importer-850/src/main/java/io/camunda/tasklist/zeebeimport/v850/processors/os/JobZeebeRecordProcessorOpenSearch.java","126","35","126","89"
"idDeserial",,"warning","Deserialization method called: com.fasterxml.jackson.databind.ObjectMapper.readValue","/tasklist/importer-850/src/main/java/io/camunda/tasklist/zeebeimport/v850/processors/os/JobZeebeRecordProcessorOpenSearch.java","140","34","140","87"
"idDeserial",,"warning","Deserialization method called: com.fasterxml.jackson.databind.ObjectMapper.readValue","/tasklist/importer-860/src/main/java/io/camunda/tasklist/zeebeimport/v860/processors/es/JobZeebeRecordProcessorElasticSearch.java","132","35","132","89"
"idDeserial",,"warning","Deserialization method called: com.fasterxml.jackson.databind.ObjectMapper.readValue","/tasklist/importer-860/src/main/java/io/camunda/tasklist/zeebeimport/v860/processors/es/JobZeebeRecordProcessorElasticSearch.java","146","34","146","87"
"idDeserial",,"warning","Deserialization method called: com.fasterxml.jackson.databind.ObjectMapper.readValue","/tasklist/importer-860/src/main/java/io/camunda/tasklist/zeebeimport/v860/processors/es/JobZeebeRecordProcessorElasticSearch.java","208","11","208","94"
"idDeserial",,"warning","Deserialization method called: com.fasterxml.jackson.databind.ObjectMapper.readValue","/tasklist/importer-860/src/main/java/io/camunda/tasklist/zeebeimport/v860/processors/es/UserTaskZeebeRecordProcessorElasticSearch.java","83","11","83","94"
"idDeserial",,"warning","Deserialization method called: com.fasterxml.jackson.databind.ObjectMapper.readValue","/tasklist/importer-860/src/main/java/io/camunda/tasklist/zeebeimport/v860/processors/os/JobZeebeRecordProcessorOpenSearch.java","126","35","126","89"
"idDeserial",,"warning","Deserialization method called: com.fasterxml.jackson.databind.ObjectMapper.readValue","/tasklist/importer-860/src/main/java/io/camunda/tasklist/zeebeimport/v860/processors/os/JobZeebeRecordProcessorOpenSearch.java","140","34","140","87"
"idDeserial",,"warning","Deserialization method called: com.fasterxml.jackson.databind.ObjectMapper.readValue","/tasklist/importer-common/src/main/java/io/camunda/tasklist/zeebeimport/es/ImportBatchElasticSearch.java","108","13","108","99"
"idDeserial",,"warning","Deserialization method called: com.fasterxml.jackson.databind.ObjectMapper.readValue","/tasklist/qa/integration-tests/src/test/java/io/camunda/tasklist/util/SessionlessTasklistZeebeIntegrationTest.java","168","9","168","85"
"idDeserial",,"warning","Deserialization method called: com.fasterxml.jackson.databind.ObjectMapper.readValue","/tasklist/qa/integration-tests/src/test/java/io/camunda/tasklist/util/assertions/MockHttpServletResponseAssert.java","74","11","76","88"
"idDeserial",,"warning","Deserialization method called: com.fasterxml.jackson.databind.ObjectMapper.readValue","/tasklist/qa/integration-tests/src/test/java/io/camunda/tasklist/util/assertions/MockHttpServletResponseAssert.java","103","18","103","59"
"idDeserial",,"warning","Deserialization method called: com.fasterxml.jackson.databind.ObjectMapper.readValue","/tasklist/qa/integration-tests/src/test/java/io/camunda/tasklist/webapp/identity/IdentityAuthenticationIT.java","92","9","94","96"
"idDeserial",,"warning","Deserialization method called: com.fasterxml.jackson.databind.ObjectMapper.readValue","/tasklist/qa/integration-tests/src/test/java/io/camunda/tasklist/webapp/security/oauth/IdentityJwt2AuthenticationTokenConverterTest.java","117","9","118","92"
"idDeserial",,"warning","Deserialization method called: com.fasterxml.jackson.databind.ObjectMapper.readValue","/tasklist/qa/integration-tests/src/test/java/io/camunda/tasklist/webapp/security/sso/AuthenticationIT.java","452","9","452","86"
"idDeserial",,"warning","Deserialization method called: com.fasterxml.jackson.databind.ObjectMapper.readValue","/tasklist/webapp/src/main/java/io/camunda/tasklist/webapp/service/ProcessService.java","139","14","139","70"
"idDeserial",,"warning","Deserialization method called: com.fasterxml.jackson.databind.ObjectMapper.readValue","/tasklist/webapp/src/test/java/io/camunda/tasklist/webapp/api/rest/v1/controllers/FormControllerTest.java","83","26","83","98"
"idDeserial",,"warning","Deserialization method called: com.fasterxml.jackson.databind.ObjectMapper.readValue","/tasklist/webapp/src/test/java/io/camunda/tasklist/webapp/api/rest/v1/controllers/TaskControllerTest.java","134","11","135","81"
"idDeserial",,"warning","Deserialization method called: com.fasterxml.jackson.databind.ObjectMapper.readValue","/tasklist/webapp/src/main/java/io/camunda/tasklist/webapp/service/VariableService.java","133","17","133","59"
"idDeserial",,"warning","Deserialization method called: com.fasterxml.jackson.databind.ObjectMapper.readValue","/tasklist/webapp/src/test/java/io/camunda/tasklist/webapp/api/rest/v1/controllers/FormControllerTest.java","149","26","149","98"
"idDeserial",,"warning","Deserialization method called: com.fasterxml.jackson.databind.ObjectMapper.readValue","/tasklist/webapp/src/test/java/io/camunda/tasklist/webapp/api/rest/v1/controllers/FormControllerTest.java","192","26","192","98"
"idDeserial",,"warning","Deserialization method called: com.fasterxml.jackson.databind.ObjectMapper.readValue","/tasklist/webapp/src/test/java/io/camunda/tasklist/webapp/api/rest/v1/controllers/FormControllerTest.java","216","11","216","81"
"idDeserial",,"warning","Deserialization method called: com.fasterxml.jackson.databind.ObjectMapper.readValue","/tasklist/webapp/src/main/java/io/camunda/tasklist/webapp/service/TaskService.java","243","14","243","70"
"idDeserial",,"warning","Deserialization method called: com.fasterxml.jackson.databind.ObjectMapper.readValue","/tasklist/webapp/src/test/java/io/camunda/tasklist/webapp/api/rest/v1/controllers/TaskControllerTest.java","199","11","200","81"
"idDeserial",,"warning","Deserialization method called: com.fasterxml.jackson.databind.ObjectMapper.readValue","/tasklist/webapp/src/test/java/io/camunda/tasklist/webapp/api/rest/v1/controllers/VariablesControllerTest.java","67","9","67","85"
"idDeserial",,"warning","Deserialization method called: com.fasterxml.jackson.databind.ObjectMapper.readValue","/tasklist/webapp/src/test/java/io/camunda/tasklist/webapp/api/rest/v1/controllers/TaskControllerTest.java","276","11","277","81"
"idDeserial",,"warning","Deserialization method called: com.fasterxml.jackson.databind.ObjectMapper.readValue","/tasklist/webapp/src/test/java/io/camunda/tasklist/webapp/api/rest/v1/controllers/TaskControllerTest.java","350","11","351","81"
"idDeserial",,"warning","Deserialization method called: com.fasterxml.jackson.databind.ObjectMapper.readValue","/tasklist/webapp/src/test/java/io/camunda/tasklist/webapp/api/rest/v1/controllers/external/ProcessExternalControllerTest.java","121","24","121","96"
"idDeserial",,"warning","Deserialization method called: com.fasterxml.jackson.databind.ObjectMapper.readValue","/tasklist/webapp/src/test/java/io/camunda/tasklist/webapp/api/rest/v1/controllers/TaskControllerTest.java","412","11","413","85"
"idDeserial",,"warning","Deserialization method called: com.fasterxml.jackson.databind.ObjectMapper.readValue","/tasklist/webapp/src/test/java/io/camunda/tasklist/webapp/api/rest/v1/controllers/external/ProcessExternalControllerTest.java","175","24","175","96"
"idDeserial",,"warning","Deserialization method called: com.fasterxml.jackson.databind.ObjectMapper.readValue","/tasklist/webapp/src/test/java/io/camunda/tasklist/webapp/api/rest/v1/controllers/internal/ProcessInternalControllerTest.java","116","11","116","89"
"idDeserial",,"warning","Deserialization method called: com.fasterxml.jackson.databind.ObjectMapper.readValue","/tasklist/webapp/src/test/java/io/camunda/tasklist/webapp/api/rest/v1/controllers/external/ProcessExternalControllerTest.java","348","11","348","89"
"idDeserial",,"warning","Deserialization method called: com.fasterxml.jackson.databind.ObjectMapper.readValue","/tasklist/webapp/src/test/java/io/camunda/tasklist/webapp/api/rest/v1/controllers/external/ProcessExternalControllerTest.java","351","26","351","91"
"idDeserial",,"warning","Deserialization method called: com.fasterxml.jackson.databind.ObjectMapper.readValue","/tasklist/webapp/src/test/java/io/camunda/tasklist/webapp/api/rest/v1/controllers/TaskControllerTest.java","503","11","504","85"
"idDeserial",,"warning","Deserialization method called: com.fasterxml.jackson.databind.ObjectMapper.readValue","/tasklist/webapp/src/test/java/io/camunda/tasklist/webapp/api/rest/v1/controllers/external/ProcessExternalControllerTest.java","411","11","411","89"
"idDeserial",,"warning","Deserialization method called: com.fasterxml.jackson.databind.ObjectMapper.readValue","/tasklist/webapp/src/test/java/io/camunda/tasklist/webapp/api/rest/v1/controllers/external/ProcessExternalControllerTest.java","414","26","414","91"
"idDeserial",,"warning","Deserialization method called: com.fasterxml.jackson.databind.ObjectMapper.readValue","/tasklist/webapp/src/test/java/io/camunda/tasklist/webapp/api/rest/v1/controllers/TaskControllerTest.java","607","26","607","98"
"idDeserial",,"warning","Deserialization method called: com.fasterxml.jackson.databind.ObjectMapper.readValue","/tasklist/webapp/src/test/java/io/camunda/tasklist/webapp/api/rest/v1/controllers/TaskControllerTest.java","660","26","660","98"
"idDeserial",,"warning","Deserialization method called: com.fasterxml.jackson.databind.ObjectMapper.readValue","/tasklist/webapp/src/test/java/io/camunda/tasklist/webapp/api/rest/v1/controllers/internal/ProcessInternalControllerTest.java","249","26","249","96"
"idDeserial",,"warning","Deserialization method called: com.fasterxml.jackson.databind.ObjectMapper.readValue","/tasklist/webapp/src/test/java/io/camunda/tasklist/webapp/api/rest/v1/controllers/TaskControllerTest.java","727","26","727","98"
"idDeserial",,"warning","Deserialization method called: com.fasterxml.jackson.databind.ObjectMapper.readValue","/tasklist/webapp/src/test/java/io/camunda/tasklist/webapp/api/rest/v1/controllers/TaskControllerTest.java","932","26","932","98"
"idDeserial",,"warning","Deserialization method called: com.fasterxml.jackson.databind.ObjectMapper.readValue","/tasklist/webapp/src/test/java/io/camunda/tasklist/webapp/api/rest/v1/controllers/internal/UserInternalControllerTest.java","64","24","64","91"
"idDeserial",,"warning","Deserialization method called: com.fasterxml.jackson.databind.ObjectMapper.readValue","/tasklist/webapp/src/test/java/io/camunda/tasklist/webapp/api/rest/v1/controllers/TaskControllerTest.java","968","26","968","98"
"idDeserial",,"warning","Deserialization method called: com.fasterxml.jackson.databind.ObjectMapper.readValue","/tasklist/webapp/src/test/java/io/camunda/tasklist/webapp/api/rest/v1/controllers/internal/ProcessInternalControllerTest.java","302","11","303","78"
"idDeserial",,"warning","Deserialization method called: com.fasterxml.jackson.databind.ObjectMapper.readValue","/tasklist/webapp/src/test/java/io/camunda/tasklist/webapp/api/rest/v1/controllers/TaskControllerTest.java","1061","13","1062","83"
"idDeserial",,"warning","Deserialization method called: com.fasterxml.jackson.databind.ObjectMapper.readValue","/tasklist/webapp/src/test/java/io/camunda/tasklist/webapp/api/rest/v1/controllers/TaskControllerTest.java","1123","13","1124","83"
"idDeserial",,"warning","Deserialization method called: com.fasterxml.jackson.databind.ObjectMapper.readValue","/tasklist/webapp/src/test/java/io/camunda/tasklist/webapp/api/rest/v1/controllers/TaskControllerTest.java","1185","13","1186","83"
"idDeserial",,"warning","Deserialization method called: com.fasterxml.jackson.databind.ObjectMapper.readValue","/tasklist/webapp/src/test/java/io/camunda/tasklist/webapp/api/rest/v1/controllers/TaskControllerTest.java","1222","13","1223","83"
"idDeserial",,"warning","Deserialization method called: com.fasterxml.jackson.databind.ObjectMapper.readValue","/tasklist/webapp/src/test/java/io/camunda/tasklist/webapp/api/rest/v1/controllers/TaskControllerTest.java","1273","13","1273","85"
"idDeserial",,"warning","Deserialization method called: com.fasterxml.jackson.databind.ObjectMapper.readValue","/tasklist/webapp/src/test/java/io/camunda/tasklist/webapp/api/rest/v1/controllers/TaskControllerTest.java","1371","13","1371","85"
"idDeserial",,"warning","Deserialization method called: com.fasterxml.jackson.databind.ObjectMapper.readValue","/tasklist/webapp/src/test/java/io/camunda/tasklist/webapp/api/rest/v1/controllers/TaskControllerTest.java","1421","13","1421","85"
"idDeserial",,"warning","Deserialization method called: com.fasterxml.jackson.databind.ObjectMapper.readValue","/tasklist/webapp/src/test/java/io/camunda/tasklist/webapp/api/rest/v1/controllers/internal/ProcessInternalControllerTest.java","350","11","351","93"
"idDeserial",,"warning","Deserialization method called: com.fasterxml.jackson.databind.ObjectMapper.readValue","/tasklist/webapp/src/test/java/io/camunda/tasklist/webapp/api/rest/v1/controllers/TaskControllerTest.java","1673","11","1674","85"
"idDeserial",,"warning","Deserialization method called: com.fasterxml.jackson.databind.ObjectMapper.readValue","/tasklist/webapp/src/test/java/io/camunda/tasklist/webapp/api/rest/v1/controllers/TaskControllerTest.java","1766","11","1767","85"
"idDeserial",,"warning","Deserialization method called: com.fasterxml.jackson.databind.ObjectMapper.readValue","/tasklist/webapp/src/test/java/io/camunda/tasklist/webapp/api/rest/v1/controllers/internal/ProcessInternalControllerTest.java","398","11","399","87"
"idDeserial",,"warning","Deserialization method called: com.fasterxml.jackson.databind.ObjectMapper.readValue","/tasklist/webapp/src/test/java/io/camunda/tasklist/webapp/api/rest/v1/controllers/TaskControllerTest.java","1817","11","1818","85"
"idDeserial",,"warning","Deserialization method called: com.fasterxml.jackson.databind.ObjectMapper.readValue","/tasklist/webapp/src/test/java/io/camunda/tasklist/webapp/api/rest/v1/controllers/internal/ProcessInternalControllerTest.java","428","26","428","91"
"idDeserial",,"warning","Deserialization method called: com.fasterxml.jackson.databind.ObjectMapper.readValue","/tasklist/webapp/src/test/java/io/camunda/tasklist/webapp/api/rest/v1/controllers/internal/ProcessInternalControllerTest.java","476","11","477","85"
"idDeserial",,"warning","Deserialization method called: com.fasterxml.jackson.databind.ObjectMapper.readValue","/tasklist/webapp/src/test/java/io/camunda/tasklist/webapp/es/cache/ProcessStoreOpenSearchTest.java","302","10","302","65"
"idDeserial",,"warning","Deserialization method called: com.esotericsoftware.kryo.Kryo.readClassAndObject","/zeebe/atomix/utils/src/main/java/io/atomix/utils/serializer/Namespace.java","167","20","167","49"
"idDeserial",,"warning","Deserialization method called: com.esotericsoftware.kryo.Kryo.readClassAndObject","/zeebe/atomix/utils/src/main/java/io/atomix/utils/serializer/serializers/ArraysAsListSerializer.java","43","16","43","45"
"idDeserial",,"warning","Deserialization method called: com.esotericsoftware.kryo.Kryo.readClassAndObject","/zeebe/atomix/utils/src/main/java/io/atomix/utils/serializer/serializers/ImmutableListSerializer.java","50","33","50","62"
"idDeserial",,"warning","Deserialization method called: com.esotericsoftware.kryo.Kryo.readClassAndObject","/zeebe/atomix/utils/src/main/java/io/atomix/utils/serializer/serializers/ImmutableListSerializer.java","54","21","54","50"
"idDeserial",,"warning","Deserialization method called: com.esotericsoftware.kryo.Kryo.readClassAndObject","/zeebe/atomix/utils/src/main/java/io/atomix/utils/serializer/serializers/ImmutableSetSerializer.java","50","32","50","61"
"idDeserial",,"warning","Deserialization method called: com.esotericsoftware.kryo.Kryo.readClassAndObject","/zeebe/atomix/utils/src/main/java/io/atomix/utils/serializer/serializers/ImmutableSetSerializer.java","54","21","54","50"
"idDeserial",,"warning","Deserialization method called: com.esotericsoftware.kryo.Kryo.readClassAndObject","/zeebe/atomix/utils/src/main/java/io/atomix/utils/serializer/serializers/ImmutableMapSerializer.java","53","32","53","61"
"idDeserial",,"warning","Deserialization method called: com.esotericsoftware.kryo.Kryo.readClassAndObject","/zeebe/atomix/utils/src/main/java/io/atomix/utils/serializer/serializers/ImmutableMapSerializer.java","53","64","53","93"
"idDeserial",,"warning","Deserialization method called: com.esotericsoftware.kryo.Kryo.readClassAndObject","/zeebe/atomix/utils/src/main/java/io/atomix/utils/serializer/serializers/ImmutableMapSerializer.java","58","23","58","52"
"idDeserial",,"warning","Deserialization method called: com.esotericsoftware.kryo.Kryo.readClassAndObject","/zeebe/atomix/utils/src/main/java/io/atomix/utils/serializer/serializers/ImmutableMapSerializer.java","58","55","58","84"
"idDeserial",,"warning","Deserialization method called: com.fasterxml.jackson.databind.ObjectMapper.readValue","/zeebe/backup-stores/azure/src/main/java/io/camunda/zeebe/backup/azure/ManifestManager.java","206","14","206","68"
"idDeserial",,"warning","Deserialization method called: com.fasterxml.jackson.databind.ObjectMapper.readValue","/zeebe/backup-stores/gcs/src/main/java/io/camunda/zeebe/backup/gcs/ManifestManager.java","137","14","137","64"
"idDeserial",,"warning","Deserialization method called: com.fasterxml.jackson.databind.ObjectMapper.readValue","/zeebe/backup-stores/gcs/src/main/java/io/camunda/zeebe/backup/gcs/ManifestManager.java","151","38","151","88"
"idDeserial",,"warning","Deserialization method called: com.fasterxml.jackson.databind.ObjectMapper.readValue","/zeebe/backup-stores/gcs/src/main/java/io/camunda/zeebe/backup/gcs/ManifestManager.java","194","24","194","64"
"idDeserial",,"warning","Deserialization method called: com.fasterxml.jackson.databind.ObjectMapper.readValue","/zeebe/backup-stores/gcs/src/test/java/io/camunda/zeebe/backup/gcs/manifest/ManifestSerializationTest.java","48","26","48","63"
"idDeserial",,"warning","Deserialization method called: com.fasterxml.jackson.databind.ObjectMapper.readValue","/zeebe/backup-stores/gcs/src/test/java/io/camunda/zeebe/backup/gcs/ManifestManagerTest.java","95","32","95","98"
"idDeserial",,"warning","Deserialization method called: com.fasterxml.jackson.databind.ObjectMapper.readValue","/zeebe/backup-stores/gcs/src/test/java/io/camunda/zeebe/backup/gcs/manifest/ManifestSerializationTest.java","164","30","164","71"
"idDeserial",,"warning","Deserialization method called: com.fasterxml.jackson.databind.ObjectMapper.readValue","/zeebe/backup-stores/gcs/src/test/java/io/camunda/zeebe/backup/gcs/manifest/ManifestSerializationTest.java","186","26","186","63"
"idDeserial",,"warning","Deserialization method called: com.fasterxml.jackson.databind.ObjectMapper.readValue","/zeebe/backup-stores/gcs/src/test/java/io/camunda/zeebe/backup/gcs/manifest/ManifestSerializationTest.java","222","26","222","63"
"idDeserial",,"warning","Deserialization method called: com.fasterxml.jackson.databind.ObjectMapper.readValue","/zeebe/backup-stores/gcs/src/test/java/io/camunda/zeebe/backup/gcs/manifest/ManifestSerializationTest.java","255","26","255","67"
"idDeserial",,"warning","Deserialization method called: com.fasterxml.jackson.databind.ObjectMapper.readValue","/zeebe/backup-stores/gcs/src/test/java/io/camunda/zeebe/backup/gcs/manifest/ManifestSerializationTest.java","293","26","293","63"
"idDeserial",,"warning","Deserialization method called: com.fasterxml.jackson.databind.ObjectMapper.readValue","/zeebe/backup-stores/s3/src/main/java/io/camunda/zeebe/backup/s3/S3BackupStore.java","330","21","330","89"
"idDeserial",,"warning","Deserialization method called: com.fasterxml.jackson.databind.ObjectMapper.readValue","/zeebe/backup-stores/s3/src/test/java/io/camunda/zeebe/backup/s3/S3BackupStoreTests.java","65","9","65","99"
"idDeserial",,"warning","Deserialization method called: com.fasterxml.jackson.databind.ObjectMapper.readValue","/zeebe/broker/src/test/java/io/camunda/zeebe/broker/partitioning/topology/StaticConfigurationGeneratorTest.java","114","9","114","84"
"idDeserial",,"warning","Deserialization method called: com.fasterxml.jackson.databind.ObjectMapper.readValue","/zeebe/clients/java/src/main/java/io/camunda/zeebe/client/impl/ZeebeObjectMapper.java","53","14","53","52"
"idDeserial",,"warning","Deserialization method called: com.fasterxml.jackson.databind.ObjectMapper.readValue","/zeebe/clients/java/src/main/java/io/camunda/zeebe/client/impl/ZeebeObjectMapper.java","63","14","63","61"
"idDeserial",,"warning","Deserialization method called: com.fasterxml.jackson.databind.ObjectMapper.readValue","/zeebe/clients/java/src/main/java/io/camunda/zeebe/client/impl/ZeebeObjectMapper.java","73","14","73","68"
"idDeserial",,"warning","Deserialization method called: com.fasterxml.jackson.databind.ObjectMapper.readValue","/zeebe/clients/java/src/main/java/io/camunda/zeebe/client/impl/ZeebeClientImpl.java","256","14","257","76"
"idDeserial",,"warning","Deserialization method called: com.fasterxml.jackson.databind.ObjectMapper.readValue","/zeebe/clients/java/src/main/java/io/camunda/zeebe/client/impl/http/ApiEntityConsumer.java","97","27","97","77"
"idDeserial",,"warning","Deserialization method called: com.fasterxml.jackson.databind.ObjectMapper.readValue","/zeebe/clients/java/src/main/java/io/camunda/zeebe/client/impl/http/ApiEntityConsumer.java","100","25","100","90"
"idDeserial",,"warning","Deserialization method called: com.fasterxml.jackson.databind.ObjectMapper.readValue","/zeebe/clients/java/src/main/java/io/camunda/zeebe/client/impl/oauth/OAuthCredentialsCache.java","61","55","61","97"
"idDeserial",,"warning","Deserialization method called: com.fasterxml.jackson.databind.ObjectMapper.readValue","/zeebe/clients/java/src/test/java/io/camunda/zeebe/client/util/JsonUtil.java","52","14","52","60"
"idDeserial",,"warning","Deserialization method called: com.fasterxml.jackson.databind.ObjectMapper.readValue","/zeebe/engine/src/main/java/io/camunda/zeebe/engine/processing/deployment/transform/FormResourceTransformer.java","75","29","75","91"
"idDeserial",,"warning","Deserialization method called: com.fasterxml.jackson.databind.ObjectMapper.readValue","/zeebe/exporters/elasticsearch-exporter/src/main/java/io/camunda/zeebe/exporter/ElasticsearchExporter.java","221","14","221","98"
"idDeserial",,"warning","Deserialization method called: com.fasterxml.jackson.databind.ObjectMapper.readValue","/zeebe/exporters/elasticsearch-exporter/src/main/java/io/camunda/zeebe/exporter/ElasticsearchClient.java","254","12","254","55"
"idDeserial",,"warning","Deserialization method called: com.fasterxml.jackson.databind.ObjectMapper.readValue","/zeebe/exporters/elasticsearch-exporter/src/main/java/io/camunda/zeebe/exporter/TemplateReader.java","96","14","96","58"
"idDeserial",,"warning","Deserialization method called: com.fasterxml.jackson.databind.ObjectMapper.readValue","/zeebe/exporters/elasticsearch-exporter/src/test/java/io/camunda/zeebe/exporter/ElasticsearchClientTest.java","86","26","86","91"
"idDeserial",,"warning","Deserialization method called: com.fasterxml.jackson.databind.ObjectMapper.readValue","/zeebe/exporters/elasticsearch-exporter/src/test/java/io/camunda/zeebe/exporter/BulkIndexRequestTest.java","76","29","76","82"
"idDeserial",,"warning","Deserialization method called: com.fasterxml.jackson.databind.ObjectMapper.readValue","/zeebe/exporters/elasticsearch-exporter/src/test/java/io/camunda/zeebe/exporter/ElasticsearchClientTest.java","101","26","101","91"
"idDeserial",,"warning","Deserialization method called: com.fasterxml.jackson.databind.ObjectMapper.readValue","/zeebe/exporters/elasticsearch-exporter/src/test/java/io/camunda/zeebe/exporter/ElasticsearchClientTest.java","113","17","127","33"
"idDeserial",,"warning","Deserialization method called: com.fasterxml.jackson.databind.ObjectMapper.readValue","/zeebe/exporters/elasticsearch-exporter/src/test/java/io/camunda/zeebe/exporter/BulkIndexRequestTest.java","220","29","220","84"
"idDeserial",,"warning","Deserialization method called: com.fasterxml.jackson.databind.ObjectMapper.readValue","/zeebe/exporters/elasticsearch-exporter/src/test/java/io/camunda/zeebe/exporter/BulkIndexRequestTest.java","228","16","228","77"
"idDeserial",,"warning","Deserialization method called: com.fasterxml.jackson.databind.ObjectMapper.readValue","/zeebe/exporters/elasticsearch-exporter/src/test/java/io/camunda/zeebe/exporter/BulkIndexRequestTest.java","238","13","238","61"
"idDeserial",,"warning","Deserialization method called: com.fasterxml.jackson.databind.ObjectMapper.readValue","/zeebe/exporters/elasticsearch-exporter/src/test/java/io/camunda/zeebe/exporter/BulkIndexRequestTest.java","239","13","239","71"
"idDeserial",,"warning","Deserialization method called: com.fasterxml.jackson.databind.ObjectMapper.readValue","/zeebe/exporters/elasticsearch-exporter/src/test/java/io/camunda/zeebe/exporter/TestClient.java","75","11","75","86"
"idDeserial",,"warning","Deserialization method called: com.fasterxml.jackson.databind.ObjectMapper.readValue","/zeebe/exporters/elasticsearch-exporter/src/test/java/io/camunda/zeebe/exporter/TestClient.java","87","11","87","90"
"idDeserial",,"warning","Deserialization method called: com.fasterxml.jackson.databind.ObjectMapper.readValue","/zeebe/exporters/elasticsearch-exporter/src/test/java/io/camunda/zeebe/exporter/TestClient.java","100","11","100","79"
"idDeserial",,"warning","Deserialization method called: com.fasterxml.jackson.databind.ObjectMapper.readValue","/zeebe/exporters/opensearch-exporter/src/main/java/io/camunda/zeebe/exporter/opensearch/OpensearchExporter.java","186","14","186","95"
"idDeserial",,"warning","Deserialization method called: com.fasterxml.jackson.databind.ObjectMapper.readValue","/zeebe/exporters/opensearch-exporter/src/main/java/io/camunda/zeebe/exporter/opensearch/OpensearchClient.java","318","12","318","55"
"idDeserial",,"warning","Deserialization method called: com.fasterxml.jackson.databind.ObjectMapper.readValue","/zeebe/exporters/opensearch-exporter/src/main/java/io/camunda/zeebe/exporter/opensearch/TemplateReader.java","91","14","91","58"
"idDeserial",,"warning","Deserialization method called: com.fasterxml.jackson.databind.ObjectMapper.readValue","/zeebe/exporters/opensearch-exporter/src/test/java/io/camunda/zeebe/exporter/opensearch/BulkIndexRequestTest.java","76","29","76","82"
"idDeserial",,"warning","Deserialization method called: com.fasterxml.jackson.databind.ObjectMapper.readValue","/zeebe/exporters/opensearch-exporter/src/test/java/io/camunda/zeebe/exporter/opensearch/OpensearchClientTest.java","83","26","83","91"
"idDeserial",,"warning","Deserialization method called: com.fasterxml.jackson.databind.ObjectMapper.readValue","/zeebe/exporters/opensearch-exporter/src/test/java/io/camunda/zeebe/exporter/opensearch/OpensearchClientTest.java","98","26","98","91"
"idDeserial",,"warning","Deserialization method called: com.fasterxml.jackson.databind.ObjectMapper.readValue","/zeebe/exporters/opensearch-exporter/src/test/java/io/camunda/zeebe/exporter/opensearch/BulkIndexRequestTest.java","220","29","220","84"
"idDeserial",,"warning","Deserialization method called: com.fasterxml.jackson.databind.ObjectMapper.readValue","/zeebe/exporters/opensearch-exporter/src/test/java/io/camunda/zeebe/exporter/opensearch/BulkIndexRequestTest.java","228","16","228","77"
"idDeserial",,"warning","Deserialization method called: com.fasterxml.jackson.databind.ObjectMapper.readValue","/zeebe/exporters/opensearch-exporter/src/test/java/io/camunda/zeebe/exporter/opensearch/BulkIndexRequestTest.java","238","13","238","61"
"idDeserial",,"warning","Deserialization method called: com.fasterxml.jackson.databind.ObjectMapper.readValue","/zeebe/exporters/opensearch-exporter/src/test/java/io/camunda/zeebe/exporter/opensearch/BulkIndexRequestTest.java","239","13","239","71"
"idDeserial",,"warning","Deserialization method called: com.fasterxml.jackson.databind.ObjectMapper.readValue","/zeebe/exporters/opensearch-exporter/src/test/java/io/camunda/zeebe/exporter/opensearch/TestClient.java","88","11","88","86"
"idDeserial",,"warning","Deserialization method called: com.fasterxml.jackson.databind.ObjectMapper.readValue","/zeebe/exporters/opensearch-exporter/src/test/java/io/camunda/zeebe/exporter/opensearch/TestClient.java","100","11","100","90"
"idDeserial",,"warning","Deserialization method called: com.fasterxml.jackson.databind.ObjectMapper.readValue","/zeebe/exporters/opensearch-exporter/src/test/java/io/camunda/zeebe/exporter/opensearch/TestClient.java","112","14","113","89"
"idDeserial",,"warning","Deserialization method called: com.fasterxml.jackson.databind.ObjectMapper.readValue","/zeebe/exporters/opensearch-exporter/src/test/java/io/camunda/zeebe/exporter/opensearch/TestClient.java","176","11","176","79"
"idDeserial",,"warning","Deserialization method called: com.fasterxml.jackson.databind.ObjectMapper.readValue","/zeebe/gateway-protocol-impl/src/test/java/io/camunda/zeebe/gateway/protocol/ServiceConfigTest.java","59","9","59","69"
"idDeserial",,"warning","Deserialization method called: com.fasterxml.jackson.databind.ObjectMapper.readValue","/zeebe/protocol-impl/src/main/java/io/camunda/zeebe/protocol/impl/encoding/MsgPackConverter.java","174","14","174","73"
"idDeserial",,"warning","Deserialization method called: com.fasterxml.jackson.databind.ObjectMapper.readValue","/zeebe/protocol-jackson/src/test/java/io/camunda/zeebe/protocol/jackson/ZeebeProtocolModuleTest.java","45","31","45","72"
"idDeserial",,"warning","Deserialization method called: com.fasterxml.jackson.databind.ObjectMapper.readValue","/zeebe/protocol-test-util/src/main/java/io/camunda/zeebe/test/broker/protocol/MsgPackHelper.java","41","14","41","50"
"idDeserial",,"warning","Deserialization method called: com.fasterxml.jackson.databind.ObjectMapper.readValue","/zeebe/protocol-jackson/src/test/java/io/camunda/zeebe/protocol/jackson/ZeebeProtocolModuleTest.java","62","31","62","72"
"idDeserial",,"warning","Deserialization method called: com.fasterxml.jackson.databind.ObjectMapper.readValue","/zeebe/protocol-jackson/src/test/java/io/camunda/zeebe/protocol/jackson/ZeebeProtocolModuleTest.java","79","38","79","91"
"idDeserial",,"warning","Deserialization method called: com.fasterxml.jackson.databind.ObjectMapper.readValue","/zeebe/qa/integration-tests/src/test/java/io/camunda/zeebe/it/management/ControlledActorClockEndpointIT.java","128","14","128","52"
"idDeserial",,"warning","Deserialization method called: com.fasterxml.jackson.databind.ObjectMapper.readValue","/zeebe/qa/update-tests/src/test/java/io/camunda/zeebe/test/VersionCompatibilityMatrix.java","135","24","135","81"
"idDeserial",,"warning","Deserialization method called: com.fasterxml.jackson.databind.ObjectMapper.readValue","/zeebe/snapshot/src/main/java/io/camunda/zeebe/snapshots/impl/FileBasedSnapshotMetadata.java","28","12","28","89"
"idDeserial",,"warning","Deserialization method called: com.fasterxml.jackson.databind.ObjectMapper.readValue","/zeebe/test-util/src/main/java/io/camunda/zeebe/test/util/JsonUtil.java","48","14","48","60"
