"idDeserial",,"warning","Deserialization method called: com.google.gson.Gson.fromJson","/app/src/main/java/ceui/lisa/adapters/DownloadedAdapter.java","60","33","60","109"
"idDeserial",,"warning","Deserialization method called: com.google.gson.Gson.fromJson","/app/src/main/java/ceui/lisa/adapters/HistoryAdapter.java","58","35","58","113"
"idDeserial",,"warning","Deserialization method called: com.google.gson.Gson.fromJson","/app/src/main/java/ceui/lisa/adapters/MuteWorksAdapter.java","61","35","61","110"
"idDeserial",,"warning","Deserialization method called: java.io.ObjectInputStream.readObject","/app/src/main/java/ceui/lisa/cache/FileOperator.java","28","28","28","43"
"idDeserial",,"warning","Deserialization method called: com.google.gson.Gson.fromJson","/app/src/main/java/ceui/lisa/cache/SfOperator.java","15","16","15","50"
"idDeserial",,"warning","Deserialization method called: com.google.gson.Gson.fromJson","/app/src/main/java/ceui/lisa/core/Manager.java","63","49","63","110"
"idDeserial",,"warning","Deserialization method called: com.google.gson.Gson.fromJson","/app/src/main/java/ceui/lisa/database/UUIDEntity.java","57","16","57","93"
"idDeserial",,"warning","Deserialization method called: com.google.gson.Gson.fromJson","/app/src/main/java/ceui/lisa/database/UserEntity.java","52","16","52","55"
"idDeserial",,"warning","Deserialization method called: com.google.gson.Gson.fromJson","/app/src/main/java/ceui/lisa/download/FileCreator.java","57","38","58","75"
"idDeserial",,"warning","Deserialization method called: com.google.gson.Gson.fromJson","/app/src/main/java/ceui/lisa/download/FileCreator.java","76","38","77","75"
"idDeserial",,"warning","Deserialization method called: com.google.gson.Gson.fromJson","/app/src/main/java/ceui/lisa/fragments/FragmentDownloadFinish.java","90","39","91","84"
"idDeserial",,"warning","Deserialization method called: com.google.gson.Gson.fromJson","/app/src/main/java/ceui/lisa/fragments/FragmentDownloadFinish.java","100","39","101","84"
"idDeserial",,"warning","Deserialization method called: com.google.gson.Gson.fromJson","/app/src/main/java/ceui/lisa/fragments/FragmentDownloadFinish.java","121","21","121","83"
"idDeserial",,"warning","Deserialization method called: com.google.gson.Gson.fromJson","/app/src/main/java/ceui/lisa/fragments/FragmentFileName.java","53","18","53","79"
"idDeserial",,"warning","Deserialization method called: com.google.gson.Gson.fromJson","/app/src/main/java/ceui/lisa/fragments/FragmentFileName.java","96","76","98","32"
"idDeserial",,"warning","Deserialization method called: com.google.gson.Gson.fromJson","/app/src/main/java/ceui/lisa/fragments/FragmentHistory.java","131","43","132","88"
"idDeserial",,"warning","Deserialization method called: com.google.gson.Gson.fromJson","/app/src/main/java/ceui/lisa/fragments/FragmentHistory.java","143","43","144","88"
"idDeserial",,"warning","Deserialization method called: com.google.gson.Gson.fromJson","/app/src/main/java/ceui/lisa/fragments/FragmentLocalUsers.java","74","34","74","97"
"idDeserial",,"warning","Deserialization method called: com.google.gson.Gson.fromJson","/app/src/main/java/ceui/lisa/fragments/FragmentMutedUser.java","40","41","40","101"
"idDeserial",,"warning","Deserialization method called: com.google.gson.Gson.fromJson","/app/src/main/java/ceui/lisa/fragments/FragmentMutedUser.java","54","41","54","101"
"idDeserial",,"warning","Deserialization method called: com.google.gson.Gson.fromJson","/app/src/main/java/ceui/lisa/fragments/FragmentRecmdIllust.java","213","47","214","80"
"idDeserial",,"warning","Deserialization method called: com.google.gson.Gson.fromJson","/app/src/main/java/ceui/lisa/fragments/FragmentRecmdUserHorizontal.java","95","47","96","79"
"idDeserial",,"warning","Deserialization method called: com.google.gson.Gson.fromJson","/app/src/main/java/ceui/lisa/fragments/FragmentRight.java","170","47","171","79"
"idDeserial",,"warning","Deserialization method called: com.google.gson.Gson.fromJson","/app/src/main/java/ceui/lisa/fragments/FragmentSAF.java","44","43","44","104"
"idDeserial",,"warning","Deserialization method called: com.google.gson.Gson.fromJson","/app/src/main/java/ceui/lisa/fragments/FragmentStorage.java","31","39","32","72"
"idDeserial",,"warning","Deserialization method called: com.google.gson.Gson.fromJson","/app/src/main/java/ceui/lisa/helper/AppLevelViewModelHelper.java","41","47","41","109"
"idDeserial",,"warning","Deserialization method called: com.google.gson.Gson.fromJson","/app/src/main/java/ceui/lisa/helper/IllustNovelFilter.java","140","29","140","89"
"idDeserial",,"warning","Deserialization method called: com.google.gson.Gson.fromJson","/app/src/main/java/ceui/lisa/http/ErrorCtrl.java","37","52","37","106"
"idDeserial",,"warning","Deserialization method called: com.google.gson.Gson.fromJson","/app/src/main/java/ceui/lisa/http/ErrorCtrl.java","48","49","48","100"
"idDeserial",,"warning","Deserialization method called: com.google.gson.Gson.fromJson","/app/src/main/java/ceui/lisa/http/ErrorCtrl.java","58","51","58","108"
"idDeserial",,"warning","Deserialization method called: com.google.gson.Gson.fromJson","/app/src/main/java/ceui/lisa/http/ErrorCtrl.java","67","50","67","106"
"idDeserial",,"warning","Deserialization method called: com.google.gson.Gson.fromJson","/app/src/main/java/ceui/lisa/utils/BackupUtils.java","93","41","93","94"
"idDeserial",,"warning","Deserialization method called: com.google.gson.Gson.fromJson","/app/src/main/java/ceui/lisa/utils/Local.java","26","16","29","32"
"idDeserial",,"warning","Deserialization method called: com.google.gson.Gson.fromJson","/app/src/main/java/ceui/lisa/utils/Local.java","34","29","34","80"
