"idDeserial",,"warning","Deserialization method called: com.fasterxml.jackson.databind.ObjectMapper.readValue","/kafka-rest/src/main/java/io/confluent/kafkarest/tools/ConsumerPerformance.java","176","37","176","86"
"idDeserial",,"warning","Deserialization method called: com.fasterxml.jackson.databind.ObjectMapper.readValue","/kafka-rest/src/main/java/io/confluent/kafkarest/tools/ConsumerPerformance.java","185","20","185","59"
"idDeserial",,"warning","Deserialization method called: com.fasterxml.jackson.databind.ObjectMapper.readValue","/kafka-rest/src/main/java/io/confluent/kafkarest/tools/ProducerPerformance.java","116","37","116","86"
"idDeserial",,"warning","Deserialization method called: com.fasterxml.jackson.databind.ObjectMapper.readValue","/kafka-rest/src/main/java/io/confluent/kafkarest/v2/JsonKafkaConsumerState.java","69","14","69","55"
"idDeserial",,"warning","Deserialization method called: com.fasterxml.jackson.databind.ObjectMapper.readValue","/kafka-rest/src/test/java/io/confluent/kafkarest/entities/v3/ProduceRequestTest.java","55","25","55","71"
"idDeserial",,"warning","Deserialization method called: com.fasterxml.jackson.databind.ObjectMapper.readValue","/kafka-rest/src/test/java/io/confluent/kafkarest/entities/v3/ProduceRequestTest.java","64","25","64","77"
"idDeserial",,"warning","Deserialization method called: com.fasterxml.jackson.databind.ObjectMapper.readValue","/kafka-rest/src/test/java/io/confluent/kafkarest/entities/v3/ProduceRequestTest.java","80","29","80","79"
"idDeserial",,"warning","Deserialization method called: com.fasterxml.jackson.databind.ObjectMapper.readValue","/kafka-rest/src/test/java/io/confluent/kafkarest/entities/v3/ProduceRequestTest.java","81","25","81","71"
"idDeserial",,"warning","Deserialization method called: com.fasterxml.jackson.databind.ObjectMapper.readValue","/kafka-rest/src/test/java/io/confluent/kafkarest/integration/v3/ProduceActionRequestSizeLimitIntegrationTest.java","148","15","148","84"
"idDeserial",,"warning","Deserialization method called: com.fasterxml.jackson.databind.ObjectMapper.readValue","/kafka-rest/src/test/java/io/confluent/kafkarest/integration/v3/ProduceActionRequestSizeLimitIntegrationTest.java","211","15","211","84"
"idDeserial",,"warning","Deserialization method called: com.fasterxml.jackson.databind.ObjectMapper.readValue","/kafka-rest/src/test/java/io/confluent/kafkarest/integration/v3/ProduceActionRequestSizeLimitIntegrationTest.java","277","15","277","84"
"idDeserial",,"warning","Deserialization method called: com.fasterxml.jackson.databind.ObjectMapper.readValue","/kafka-rest/src/test/java/io/confluent/kafkarest/integration/v3/ProduceActionRequestSizeLimitIntegrationTest.java","344","15","344","84"
