"idDeserial",,"warning","Deserialization method called: java.io.ObjectInputStream.readObject","/cSploit/jni/bdb/lang/java/src/com/sleepycat/bind/serial/SerialBinding.java","140","24","140","39"
"idDeserial",,"warning","Deserialization method called: java.io.ObjectInputStream.readObject","/cSploit/jni/bdb/lang/java/src/com/sleepycat/bind/serial/StoredClassCatalog.java","197","51","197","66"
"idDeserial",,"warning","Deserialization method called: java.io.ObjectInputStream.readObject","/cSploit/jni/bdb/lang/java/src/com/sleepycat/bind/serial/StoredClassCatalog.java","259","59","259","74"
"idDeserial",,"warning","Deserialization method called: java.io.ObjectInputStream.readObject","/cSploit/jni/bdb/lang/java/src/com/sleepycat/persist/impl/PersistCatalog.java","1228","33","1228","48"
"idDeserial",,"warning","Deserialization method called: java.io.ObjectInputStream.readObject","/cSploit/jni/bdb/test/java/compat/src/com/sleepycat/bind/serial/test/TestClassCatalog.java","85","44","85","59"
"idDeserial",,"warning","Deserialization method called: java.io.ObjectInputStream.readObject","/cSploit/jni/bdb/test/java/compat/src/com/sleepycat/bind/test/BindingSpeedTest.java","230","9","230","24"
"idDeserial",,"warning","Deserialization method called: java.io.ObjectInputStream.readObject","/cSploit/jni/bdb/test/java/compat/src/com/sleepycat/bind/test/BindingSpeedTest.java","248","9","248","24"
"idDeserial",,"warning","Deserialization method called: java.io.ObjectInputStream.readObject","/cSploit/jni/bdb/test/java/compat/src/com/sleepycat/bind/test/BindingSpeedTest.java","261","9","261","24"
