"idDeserial",,"warning","Deserialization method called: com.fasterxml.jackson.databind.ObjectMapper.readValue","/dinky-cdc/dinky-cdc-plus/src/main/java/org/dinky/cdc/kafka/KafkaSinkJsonBuilder.java","88","78","88","117"
"idDeserial",,"warning","Deserialization method called: com.fasterxml.jackson.databind.ObjectMapper.readValue","/dinky-common/src/main/java/org/dinky/utils/JsonUtils.java","106","20","106","54"
"idDeserial",,"warning","Deserialization method called: com.fasterxml.jackson.databind.ObjectMapper.readValue","/dinky-common/src/main/java/org/dinky/utils/JsonUtils.java","127","20","127","57"
"idDeserial",,"warning","Deserialization method called: com.fasterxml.jackson.databind.ObjectMapper.readValue","/dinky-common/src/main/java/org/dinky/utils/JsonUtils.java","160","20","160","53"
"idDeserial",,"warning","Deserialization method called: com.fasterxml.jackson.databind.ObjectMapper.readValue","/dinky-core/src/main/java/org/dinky/executor/ExecutorConfig.java","210","30","210","74"
