"idDeserial",,"warning","Deserialization method called: com.google.gson.Gson.fromJson","/api/src/main/java/ai/djl/modality/nlp/TextPrompt.java","80","35","80","82"
"idDeserial",,"warning","Deserialization method called: com.google.gson.Gson.fromJson","/api/src/main/java/ai/djl/modality/nlp/TextPrompt.java","87","38","87","90"
"idDeserial",,"warning","Deserialization method called: com.google.gson.Gson.fromJson","/api/src/main/java/ai/djl/modality/nlp/translator/CrossEncoderServingTranslator.java","70","39","70","86"
"idDeserial",,"warning","Deserialization method called: com.google.gson.Gson.fromJson","/api/src/main/java/ai/djl/modality/nlp/translator/CrossEncoderServingTranslator.java","73","47","73","86"
"idDeserial",,"warning","Deserialization method called: com.google.gson.Gson.fromJson","/api/src/main/java/ai/djl/modality/nlp/translator/CrossEncoderServingTranslator.java","77","24","77","70"
"idDeserial",,"warning","Deserialization method called: com.google.gson.Gson.fromJson","/api/src/main/java/ai/djl/modality/nlp/translator/QaServingTranslator.java","72","39","72","86"
"idDeserial",,"warning","Deserialization method called: com.google.gson.Gson.fromJson","/api/src/main/java/ai/djl/modality/nlp/translator/QaServingTranslator.java","75","44","75","83"
"idDeserial",,"warning","Deserialization method called: com.google.gson.Gson.fromJson","/api/src/main/java/ai/djl/modality/nlp/translator/QaServingTranslator.java","79","22","79","65"
"idDeserial",,"warning","Deserialization method called: com.google.gson.Gson.fromJson","/api/src/main/java/ai/djl/ndarray/NDList.java","186","33","186","79"
"idDeserial",,"warning","Deserialization method called: com.google.gson.Gson.fromJson","/api/src/main/java/ai/djl/ndarray/NDList.java","193","32","193","93"
"idDeserial",,"warning","Deserialization method called: com.google.gson.Gson.fromJson","/api/src/main/java/ai/djl/repository/LocalRepository.java","73","33","73","86"
"idDeserial",,"warning","Deserialization method called: com.google.gson.Gson.fromJson","/api/src/main/java/ai/djl/repository/RemoteRepository.java","75","37","75","90"
"idDeserial",,"warning","Deserialization method called: com.google.gson.Gson.fromJson","/api/src/main/java/ai/djl/repository/RemoteRepository.java","89","33","89","84"
"idDeserial",,"warning","Deserialization method called: com.google.gson.Gson.fromJson","/api/src/main/java/ai/djl/repository/LocalRepository.java","103","53","103","99"
"idDeserial",,"warning","Deserialization method called: com.google.gson.Gson.fromJson","/api/src/main/java/ai/djl/repository/RepositoryFactoryImpl.java","206","37","206","83"
"idDeserial",,"warning","Deserialization method called: com.google.gson.Gson.fromJson","/api/src/main/java/ai/djl/repository/zoo/ModelZoo.java","270","32","270","68"
"idDeserial",,"warning","Deserialization method called: com.google.gson.Gson.fromJson","/api/src/main/java/ai/djl/repository/zoo/ModelZoo.java","283","24","283","58"
"idDeserial",,"warning","Deserialization method called: com.google.gson.Gson.fromJson","/api/src/main/java/ai/djl/repository/zoo/ModelZoo.java","288","32","288","68"
"idDeserial",,"warning","Deserialization method called: com.google.gson.Gson.fromJson","/api/src/main/java/ai/djl/repository/zoo/ModelZoo.java","299","28","299","62"
"idDeserial",,"warning","Deserialization method called: com.google.gson.Gson.fromJson","/api/src/main/java/ai/djl/util/Ec2Utils.java","180","31","180","79"
"idDeserial",,"warning","Deserialization method called: com.google.gson.Gson.fromJson","/basicdataset/src/main/java/ai/djl/basicdataset/cv/BananaDetection.java","130","49","130","88"
"idDeserial",,"warning","Deserialization method called: com.google.gson.Gson.fromJson","/basicdataset/src/main/java/ai/djl/basicdataset/cv/CocoUtils.java","57","28","57","78"
"idDeserial",,"warning","Deserialization method called: com.google.gson.Gson.fromJson","/basicdataset/src/main/java/ai/djl/basicdataset/cv/PikachuDetection.java","108","49","108","88"
"idDeserial",,"warning","Deserialization method called: com.google.gson.Gson.fromJson","/basicdataset/src/main/java/ai/djl/basicdataset/cv/classification/ImageNet.java","112","34","112","82"
"idDeserial",,"warning","Deserialization method called: com.google.gson.Gson.fromJson","/basicdataset/src/main/java/ai/djl/basicdataset/nlp/StanfordQuestionAnsweringDataset.java","118","21","119","86"
"idDeserial",,"warning","Deserialization method called: com.google.gson.Gson.fromJson","/basicdataset/src/main/java/ai/djl/basicdataset/nlp/StanfordQuestionAnsweringDataset.java","230","20","230","95"
"idDeserial",,"warning","Deserialization method called: com.google.gson.Gson.fromJson","/basicdataset/src/main/java/ai/djl/basicdataset/tabular/AmesRandomAccess.java","254","26","254","76"
"idDeserial",,"warning","Deserialization method called: com.google.gson.Gson.fromJson","/engines/llama/src/main/java/ai/djl/llama/engine/LlamaTranslator.java","67","25","67","72"
"idDeserial",,"warning","Deserialization method called: com.google.gson.Gson.fromJson","/engines/llama/src/test/java/ai/djl/llama/engine/LlamaInputTest.java","35","29","35","77"
"idDeserial",,"warning","Deserialization method called: com.google.gson.Gson.fromJson","/engines/llama/src/main/java/ai/djl/llama/zoo/LlamaModelZoo.java","123","32","123","68"
"idDeserial",,"warning","Deserialization method called: com.google.gson.Gson.fromJson","/engines/llama/src/main/java/ai/djl/llama/zoo/LlamaModelZoo.java","136","24","136","58"
"idDeserial",,"warning","Deserialization method called: com.google.gson.Gson.fromJson","/engines/llama/src/main/java/ai/djl/llama/zoo/LlamaModelZoo.java","141","32","141","68"
"idDeserial",,"warning","Deserialization method called: com.google.gson.Gson.fromJson","/engines/llama/src/main/java/ai/djl/llama/zoo/LlamaModelZoo.java","152","28","152","62"
"idDeserial",,"warning","Deserialization method called: com.google.gson.Gson.fromJson","/engines/ml/xgboost/src/main/java/ai/djl/ml/xgboost/XgbNDManager.java","114","27","114","72"
"idDeserial",,"warning","Deserialization method called: com.google.gson.Gson.fromJson","/engines/mxnet/mxnet-model-zoo/src/main/java/ai/djl/mxnet/zoo/nlp/qa/MxBertQATranslator.java","189","24","189","73"
"idDeserial",,"warning","Deserialization method called: com.google.gson.Gson.fromJson","/examples/src/main/java/ai/djl/examples/inference/NeuralMachineTranslation.java","69","23","69","60"
"idDeserial",,"warning","Deserialization method called: com.google.gson.Gson.fromJson","/examples/src/main/java/ai/djl/examples/inference/NeuralMachineTranslation.java","77","23","77","60"
"idDeserial",,"warning","Deserialization method called: com.google.gson.Gson.fromJson","/examples/src/main/java/ai/djl/examples/inference/cv/ObjectDetectionWithTensorflowSavedModel.java","130","29","130","72"
"idDeserial",,"warning","Deserialization method called: com.google.gson.Gson.fromJson","/examples/src/main/java/ai/djl/examples/inference/timeseries/AirPassengersDeepAR.java","101","21","104","66"
"idDeserial",,"warning","Deserialization method called: com.google.gson.Gson.fromJson","/examples/src/main/java/ai/djl/examples/training/util/Arguments.java","77","24","77","84"
"idDeserial",,"warning","Deserialization method called: com.google.gson.Gson.fromJson","/extensions/audio/src/main/java/ai/djl/audio/translator/WhisperTranslator.java","73","21","73","57"
"idDeserial",,"warning","Deserialization method called: com.google.gson.Gson.fromJson","/extensions/audio/src/main/java/ai/djl/audio/translator/WhisperTranslator.java","76","21","76","57"
"idDeserial",,"warning","Deserialization method called: com.google.gson.Gson.fromJson","/extensions/timeseries/src/main/java/ai/djl/timeseries/dataset/M5Forecast.java","265","26","265","74"
"idDeserial",,"warning","Deserialization method called: com.google.gson.Gson.fromJson","/extensions/tokenizers/src/main/java/ai/djl/huggingface/translator/TextClassificationTranslator.java","62","22","62","76"
"idDeserial",,"warning","Deserialization method called: com.google.gson.Gson.fromJson","/extensions/tokenizers/src/main/java/ai/djl/huggingface/translator/TokenClassificationTranslator.java","68","22","68","76"
"idDeserial",,"warning","Deserialization method called: com.google.gson.Gson.fromJson","/extensions/tokenizers/src/test/java/ai/djl/huggingface/tokenizers/TextEmbeddingTranslatorTest.java","206","27","206","84"
"idDeserial",,"warning","Deserialization method called: com.google.gson.Gson.fromJson","/integration/src/main/java/ai/djl/integration/tests/model_zoo/CustomTranslatorTest.java","205","43","205","80"
"idDeserial",,"warning","Deserialization method called: com.google.gson.Gson.fromJson","/integration/src/main/java/ai/djl/integration/tests/model_zoo/CustomTranslatorTest.java","233","43","233","80"
