"idDeserial",,"warning","Deserialization method called: com.google.gson.Gson.fromJson","/lib/src/gson/java/com/diffplug/spotless/glue/gson/GsonFormatterFunc.java","57","30","57","74"
"idDeserial",,"warning","Deserialization method called: com.fasterxml.jackson.databind.ObjectMapper.readValue","/lib/src/jackson/java/com/diffplug/spotless/glue/json/AJacksonFormatterFunc.java","51","24","51","70"
"idDeserial",,"warning","Deserialization method called: java.io.ObjectInputStream.readObject","/lib/src/main/java/com/diffplug/spotless/Formatter.java","72","19","72","33"
"idDeserial",,"warning","Deserialization method called: java.io.ObjectInputStream.readObject","/lib/src/main/java/com/diffplug/spotless/Formatter.java","73","43","73","57"
"idDeserial",,"warning","Deserialization method called: java.io.ObjectInputStream.readObject","/lib/src/main/java/com/diffplug/spotless/Formatter.java","74","39","74","53"
"idDeserial",,"warning","Deserialization method called: java.io.ObjectInputStream.readObject","/lib/src/main/java/com/diffplug/spotless/Formatter.java","75","32","75","46"
"idDeserial",,"warning","Deserialization method called: java.io.ObjectInputStream.readObject","/lib/src/main/java/com/diffplug/spotless/Formatter.java","76","33","76","47"
"idDeserial",,"warning","Deserialization method called: java.io.ObjectInputStream.readObject","/lib/src/main/java/com/diffplug/spotless/Formatter.java","77","45","77","59"
"idDeserial",,"warning","Deserialization method called: java.io.ObjectInputStream.readObject","/lib/src/main/java/com/diffplug/spotless/LazyForwardingEquality.java","74","38","74","52"
"idDeserial",,"warning","Deserialization method called: java.io.ObjectInputStream.readObject","/plugin-gradle/src/main/java/com/diffplug/gradle/spotless/SerializableMisc.java","61","19","61","42"
"idDeserial",,"warning","Deserialization method called: java.io.ObjectInputStream.readObject","/testlib/src/main/java/com/diffplug/spotless/SerializableEqualityTester.java","78","15","78","38"
"idDeserial",,"warning","Deserialization method called: java.io.ObjectInputStream.readObject","/testlib/src/main/java/com/diffplug/spotless/TestProvisioner.java","110","62","110","85"
