"idDeserial",,"warning","Deserialization method called: com.fasterxml.jackson.databind.ObjectMapper.readValue","/src/main/java/net/dv8tion/jda/api/utils/data/DataArray.java","123","34","123","65"
"idDeserial",,"warning","Deserialization method called: com.fasterxml.jackson.databind.ObjectMapper.readValue","/src/main/java/net/dv8tion/jda/api/utils/data/DataArray.java","147","34","147","65"
"idDeserial",,"warning","Deserialization method called: com.fasterxml.jackson.databind.ObjectMapper.readValue","/src/main/java/net/dv8tion/jda/api/utils/data/DataArray.java","171","34","171","65"
"idDeserial",,"warning","Deserialization method called: com.fasterxml.jackson.databind.ObjectMapper.readValue","/src/main/java/net/dv8tion/jda/api/utils/data/DataObject.java","110","39","110","69"
"idDeserial",,"warning","Deserialization method called: com.fasterxml.jackson.databind.ObjectMapper.readValue","/src/main/java/net/dv8tion/jda/api/utils/data/DataObject.java","135","39","135","69"
"idDeserial",,"warning","Deserialization method called: com.fasterxml.jackson.databind.ObjectMapper.readValue","/src/main/java/net/dv8tion/jda/api/utils/data/DataObject.java","160","39","160","71"
"idDeserial",,"warning","Deserialization method called: com.fasterxml.jackson.databind.ObjectMapper.readValue","/src/main/java/net/dv8tion/jda/api/utils/data/DataObject.java","185","39","185","71"
