"idDeserial",,"warning","Deserialization method called: com.fasterxml.jackson.databind.ObjectMapper.readValue","/docker-java/src/test/java/com/github/dockerjava/api/model/BindPropagationTest.java","20","33","20","107"
"idDeserial",,"warning","Deserialization method called: com.fasterxml.jackson.databind.ObjectMapper.readValue","/docker-java/src/test/java/com/github/dockerjava/api/model/BindsTest.java","26","23","26","110"
"idDeserial",,"warning","Deserialization method called: com.fasterxml.jackson.databind.ObjectMapper.readValue","/docker-java/src/test/java/com/github/dockerjava/api/model/CapabilityTest.java","19","33","19","97"
"idDeserial",,"warning","Deserialization method called: com.fasterxml.jackson.databind.ObjectMapper.readValue","/docker-java/src/test/java/com/github/dockerjava/api/model/CapabilityTest.java","25","9","25","78"
"idDeserial",,"warning","Deserialization method called: com.fasterxml.jackson.databind.ObjectMapper.readValue","/docker-java/src/test/java/com/github/dockerjava/api/model/ExposedPortsTest.java","37","29","37","86"
"idDeserial",,"warning","Deserialization method called: com.fasterxml.jackson.databind.ObjectMapper.readValue","/docker-java/src/test/java/com/github/dockerjava/api/model/ExposedPortsTest.java","43","30","43","136"
"idDeserial",,"warning","Deserialization method called: com.fasterxml.jackson.databind.ObjectMapper.readValue","/docker-java/src/test/java/com/github/dockerjava/api/model/LinksTest.java","26","23","26","102"
"idDeserial",,"warning","Deserialization method called: com.fasterxml.jackson.databind.ObjectMapper.readValue","/docker-java/src/test/java/com/github/dockerjava/api/model/PortsSerializingTest.java","20","23","20","104"
"idDeserial",,"warning","Deserialization method called: com.fasterxml.jackson.databind.ObjectMapper.readValue","/docker-java/src/test/java/com/github/dockerjava/api/model/PortsSerializingTest.java","46","23","46","102"
"idDeserial",,"warning","Deserialization method called: com.fasterxml.jackson.databind.ObjectMapper.readValue","/docker-java/src/test/java/com/github/dockerjava/api/model/UlimitsTest.java","27","28","27","244"
"idDeserial",,"warning","Deserialization method called: com.fasterxml.jackson.databind.ObjectMapper.readValue","/docker-java/src/test/java/com/github/dockerjava/api/model/VolumeBindsTest.java","29","35","29","92"
"idDeserial",,"warning","Deserialization method called: com.fasterxml.jackson.databind.ObjectMapper.readValue","/docker-java/src/test/java/com/github/dockerjava/api/model/VolumeBindsTest.java","39","9","39","66"
"idDeserial",,"warning","Deserialization method called: com.fasterxml.jackson.databind.ObjectMapper.readValue","/docker-java/src/test/java/com/github/dockerjava/api/model/VolumeFromSerializingTest.java","14","34","14","94"
"idDeserial",,"warning","Deserialization method called: com.fasterxml.jackson.databind.ObjectMapper.readValue","/docker-java/src/test/java/com/github/dockerjava/api/model/VolumesRWTest.java","26","29","26","115"
"idDeserial",,"warning","Deserialization method called: com.fasterxml.jackson.databind.ObjectMapper.readValue","/docker-java/src/test/java/com/github/dockerjava/api/model/VolumesTest.java","26","27","26","106"
"idDeserial",,"warning","Deserialization method called: org.apache.commons.lang3.SerializationUtils.deserialize","/docker-java/src/test/java/com/github/dockerjava/core/DefaultDockerClientConfigTest.java","220","84","220","125"
"idDeserial",,"warning","Deserialization method called: org.apache.commons.lang3.SerializationUtils.deserialize","/docker-java/src/test/java/com/github/dockerjava/core/RemoteApiVersionTest.java","19","60","19","101"
"idDeserial",,"warning","Deserialization method called: com.fasterxml.jackson.databind.ObjectMapper.readValue","/docker-java/src/test/java/com/github/dockerjava/test/serdes/JSONSamples.java","37","32","37","109"
"idDeserial",,"warning","Deserialization method called: com.fasterxml.jackson.databind.ObjectMapper.readValue","/docker-java/src/test/java/com/github/dockerjava/test/serdes/JSONSamples.java","50","32","50","86"
"idDeserial",,"warning","Deserialization method called: com.fasterxml.jackson.databind.ObjectMapper.readValue","/docker-java/src/test/java/com/github/dockerjava/test/serdes/JSONSamples.java","54","32","54","86"
"idDeserial",,"warning","Deserialization method called: com.fasterxml.jackson.databind.ObjectMapper.readValue","/docker-java/src/test/java/com/github/dockerjava/test/serdes/JSONTestHelper.java","80","16","80","44"
"idDeserial",,"warning","Deserialization method called: com.fasterxml.jackson.databind.ObjectMapper.readValue","/docker-java/src/test/java/com/github/dockerjava/test/serdes/JSONTestHelper.java","141","32","141","69"
"idDeserial",,"warning","Deserialization method called: com.fasterxml.jackson.databind.ObjectMapper.readValue","/docker-java/src/test/java/com/github/dockerjava/test/serdes/JSONTestHelper.java","144","32","144","69"
"idDeserial",,"warning","Deserialization method called: com.fasterxml.jackson.databind.ObjectMapper.readValue","/docker-java-core/src/main/java/com/github/dockerjava/core/DefaultInvocationBuilder.java","75","20","75","69"
"idDeserial",,"warning","Deserialization method called: com.fasterxml.jackson.databind.ObjectMapper.readValue","/docker-java-core/src/main/java/com/github/dockerjava/core/DefaultInvocationBuilder.java","125","24","125","80"
"idDeserial",,"warning","Deserialization method called: com.fasterxml.jackson.databind.ObjectMapper.readValue","/docker-java-core/src/main/java/com/github/dockerjava/core/DefaultInvocationBuilder.java","150","20","150","69"
"idDeserial",,"warning","Deserialization method called: com.fasterxml.jackson.databind.ObjectMapper.readValue","/docker-java-core/src/main/java/com/github/dockerjava/core/DockerConfigFile.java","183","20","183","80"
"idDeserial",,"warning","Deserialization method called: com.fasterxml.jackson.databind.ObjectMapper.readValue","/docker-java-core/src/main/java/com/github/dockerjava/core/DockerConfigFile.java","199","41","199","125"
"idDeserial",,"warning","Deserialization method called: com.fasterxml.jackson.databind.ObjectMapper.readValue","/docker-java-core/src/main/java/com/github/dockerjava/core/DockerContextMetaFile.java","66","20","66","93"
"idDeserial",,"warning","Deserialization method called: com.fasterxml.jackson.databind.ObjectMapper.readValue","/docker-java-transport-netty/src/main/java/com/github/dockerjava/netty/handler/JsonResponseCallbackHandler.java","49","22","49","66"
