"idDeserial",,"warning","Deserialization method called: com.fasterxml.jackson.databind.ObjectMapper.readValue","/bizcore/WEB-INF/caf_core_src/com/skynet/infrastructure/RedisCacheService.java","84","29","84","71"
"idDeserial",,"warning","Deserialization method called: com.fasterxml.jackson.databind.ObjectMapper.readValue","/bizcore/WEB-INF/caf_core_src/com/skynet/infrastructure/RedisCacheService.java","115","29","115","58"
"idDeserial",,"warning","Deserialization method called: com.fasterxml.jackson.databind.ObjectMapper.readValue","/bizcore/WEB-INF/caf_core_src/com/skynet/infrastructure/RedisCacheService.java","276","23","276","49"
"idDeserial",,"warning","Deserialization method called: com.fasterxml.jackson.databind.ObjectMapper.readValue","/bizcore/WEB-INF/caf_core_src/com/skynet/infrastructure/RedisCacheService.java","288","30","288","59"
"idDeserial",,"warning","Deserialization method called: com.fasterxml.jackson.databind.ObjectMapper.readValue","/bizcore/WEB-INF/caf_core_src/com/skynet/infrastructure/RedisCacheService.java","325","24","325","53"
"idDeserial",,"warning","Deserialization method called: com.fasterxml.jackson.databind.ObjectMapper.readValue","/bizcore/WEB-INF/caf_core_src/com/skynet/infrastructure/graphservice/GraphServiceImpl.java","72","15","72","45"
"idDeserial",,"warning","Deserialization method called: com.fasterxml.jackson.databind.ObjectMapper.readValue","/bizcore/WEB-INF/caf_core_src/com/skynet/infrastructure/graphservice/GraphServiceImpl.java","104","15","104","45"
"idDeserial",,"warning","Deserialization method called: com.fasterxml.jackson.databind.ObjectMapper.readValue","/bizcore/WEB-INF/caf_core_src/com/skynet/infrastructure/graphservice/GraphServiceImpl.java","130","15","130","45"
"idDeserial",,"warning","Deserialization method called: com.fasterxml.jackson.databind.ObjectMapper.readValue","/bizcore/WEB-INF/caf_core_src/com/skynet/infrastructure/graphservice/GraphServiceImpl.java","158","15","158","45"
"idDeserial",,"warning","Deserialization method called: com.fasterxml.jackson.databind.ObjectMapper.readValue","/bizcore/WEB-INF/caf_core_src/com/skynet/infrastructure/graphservice/GraphServiceImpl.java","192","15","192","45"
"idDeserial",,"warning","Deserialization method called: com.fasterxml.jackson.databind.ObjectMapper.readValue","/bizcore/WEB-INF/caf_core_src/com/skynet/infrastructure/graphservice/GraphServiceImpl.java","226","15","226","45"
"idDeserial",,"warning","Deserialization method called: com.fasterxml.jackson.databind.ObjectMapper.readValue","/bizcore/WEB-INF/caf_core_src/com/skynet/infrastructure/graphservice/GraphServiceImpl.java","293","33","293","64"
"idDeserial",,"warning","Deserialization method called: com.fasterxml.jackson.databind.ObjectMapper.readValue","/bizcore/WEB-INF/caf_core_src/com/terapico/caf/Images.java","21","14","21","61"
"idDeserial",,"warning","Deserialization method called: com.fasterxml.jackson.databind.ObjectMapper.readValue","/bizcore/WEB-INF/caf_core_src/com/terapico/caf/ReflectionTool.java","153","25","153","81"
"idDeserial",,"warning","Deserialization method called: com.fasterxml.jackson.databind.ObjectMapper.readValue","/bizcore/WEB-INF/caf_core_src/com/terapico/caf/viewcomponent/BaseViewComponent.java","365","11","365","43"
"idDeserial",,"warning","Deserialization method called: com.fasterxml.jackson.databind.ObjectMapper.readValue","/bizcore/WEB-INF/caf_core_src/com/terapico/utils/AliyunEnterpriseCodeQuery.java","45","16","45","89"
"idDeserial",,"warning","Deserialization method called: com.fasterxml.jackson.databind.ObjectMapper.readValue","/bizcore/WEB-INF/caf_core_src/com/terapico/utils/AliyunEnterpriseCodeQuery.java","50","40","50","113"
"idDeserial",,"warning","Deserialization method called: com.fasterxml.jackson.databind.ObjectMapper.readValue","/bizcore/WEB-INF/caf_core_src/com/terapico/utils/DataTypeUtil.java","89","18","89","82"
"idDeserial",,"warning","Deserialization method called: com.fasterxml.jackson.databind.ObjectMapper.readValue","/bizcore/WEB-INF/caf_core_src/com/terapico/utils/DataTypeUtil.java","300","12","300","80"
"idDeserial",,"warning","Deserialization method called: com.fasterxml.jackson.databind.ObjectMapper.readValue","/bizcore/WEB-INF/caf_core_src/com/terapico/utils/DebugUtil.java","71","30","71","65"
"idDeserial",,"warning","Deserialization method called: com.fasterxml.jackson.databind.ObjectMapper.readValue","/bizcore/WEB-INF/caf_core_src/com/terapico/utils/DebugUtil.java","75","13","75","48"
"idDeserial",,"warning","Deserialization method called: com.fasterxml.jackson.databind.ObjectMapper.readValue","/bizcore/WEB-INF/caf_core_src/com/terapico/utils/DebugUtil.java","322","10","322","48"
"idDeserial",,"warning","Deserialization method called: com.fasterxml.jackson.databind.ObjectMapper.readValue","/bizcore/WEB-INF/caf_core_src/com/terapico/utils/DebugUtil.java","328","10","328","48"
"idDeserial",,"warning","Deserialization method called: com.fasterxml.jackson.databind.ObjectMapper.readValue","/bizcore/WEB-INF/caf_core_src/com/terapico/utils/RestUtil.java","67","24","67","50"
"idDeserial",,"warning","Deserialization method called: com.fasterxml.jackson.databind.ObjectMapper.readValue","/bizcore/WEB-INF/caf_core_src/com/terapico/utils/RestUtil.java","102","37","102","72"
"idDeserial",,"warning","Deserialization method called: com.fasterxml.jackson.databind.ObjectMapper.readValue","/bizcore/WEB-INF/caf_core_src/com/terapico/utils/RestUtil.java","207","37","207","72"
"idDeserial",,"warning","Deserialization method called: com.fasterxml.jackson.databind.ObjectMapper.readValue","/bizcore/WEB-INF/caf_custom_src/com/terapico/changerequest/BaseChangeRequestHelper.java","79","16","79","76"
"idDeserial",,"warning","Deserialization method called: com.fasterxml.jackson.databind.ObjectMapper.readValue","/bizcore/WEB-INF/caf_custom_src/com/terapico/changerequest/BaseChangeRequestHelper.java","588","30","588","96"
"idDeserial",,"warning","Deserialization method called: com.fasterxml.jackson.databind.ObjectMapper.readValue","/bizcore/WEB-INF/caf_custom_src/com/terapico/changerequest/BaseChangeRequestHelper.java","706","16","708","18"
"idDeserial",,"warning","Deserialization method called: com.fasterxml.jackson.databind.ObjectMapper.readValue","/bizcore/WEB-INF/caf_custom_src/com/terapico/changerequest/BaseChangeRequestHelper.java","1221","21","1223","30"
"idDeserial",,"warning","Deserialization method called: com.fasterxml.jackson.databind.ObjectMapper.readValue","/bizcore/WEB-INF/retailscm_core_src/com/doublechaintech/retailscm/BaseFormProcessor.java","130","12","130","63"
"idDeserial",,"warning","Deserialization method called: com.fasterxml.jackson.databind.ObjectMapper.readValue","/bizcore/WEB-INF/retailscm_core_src/com/doublechaintech/retailscm/BaseFormProcessor.java","317","21","317","85"
"idDeserial",,"warning","Deserialization method called: com.google.gson.Gson.fromJson","/bizcore/WEB-INF/retailscm_core_src/com/doublechaintech/retailscm/RetailscmBaseUtils.java","598","12","598","55"
"idDeserial",,"warning","Deserialization method called: com.google.gson.Gson.fromJson","/bizcore/WEB-INF/retailscm_core_src/com/doublechaintech/retailscm/RetailscmBaseUtils.java","605","15","605","56"
"idDeserial",,"warning","Deserialization method called: com.fasterxml.jackson.databind.ObjectMapper.readValue","/bizcore/WEB-INF/retailscm_core_src/com/doublechaintech/retailscm/RetailscmUserContextImpl.java","363","12","363","93"
"idDeserial",,"warning","Deserialization method called: com.google.gson.Gson.fromJson","/bizcore/WEB-INF/retailscm_core_src/com/doublechaintech/retailscm/UserContext.java","138","13","138","95"
"idDeserial",,"warning","Deserialization method called: com.fasterxml.jackson.databind.ObjectMapper.readValue","/bizcore/WEB-INF/retailscm_custom_src/com/doublechaintech/retailscm/RetailscmBizUserContextImpl.java","361","23","361","80"
