"idDeserial",,"warning","Deserialization method called: com.fasterxml.jackson.databind.ObjectMapper.readValue","/moco-core/src/main/java/com/github/dreamhead/moco/util/Jsons.java","56","20","56","57"
"idDeserial",,"warning","Deserialization method called: com.fasterxml.jackson.databind.ObjectMapper.readValue","/moco-core/src/main/java/com/github/dreamhead/moco/util/Jsons.java","64","20","64","57"
"idDeserial",,"warning","Deserialization method called: com.fasterxml.jackson.databind.ObjectMapper.readValue","/moco-core/src/main/java/com/github/dreamhead/moco/util/Jsons.java","72","20","72","57"
"idDeserial",,"warning","Deserialization method called: com.fasterxml.jackson.databind.ObjectMapper.readValue","/moco-core/src/main/java/com/github/dreamhead/moco/util/Jsons.java","98","24","98","68"
"idDeserial",,"warning","Deserialization method called: com.fasterxml.jackson.databind.ObjectMapper.readValue","/moco-core/src/main/java/com/github/dreamhead/moco/util/Xmls.java","19","20","19","56"
