"idDeserial",,"warning","Deserialization method called: com.google.gson.Gson.fromJson","/chunjun-connectors/chunjun-connector-arctic/src/main/java/com/dtstack/chunjun/connector/arctic/sink/ArcticSinkFactory.java","50","17","52","49"
"idDeserial",,"warning","Deserialization method called: com.fasterxml.jackson.databind.ObjectMapper.readValue","/chunjun-connectors/chunjun-connector-doris/src/main/java/com/dtstack/chunjun/connector/doris/rest/DorisStreamLoad.java","183","39","183","95"
"idDeserial",,"warning","Deserialization method called: com.fasterxml.jackson.databind.ObjectMapper.readValue","/chunjun-connectors/chunjun-connector-doris/src/main/java/com/dtstack/chunjun/connector/doris/rest/FeRestService.java","155","27","155","63"
"idDeserial",,"warning","Deserialization method called: com.fasterxml.jackson.databind.ObjectMapper.readValue","/chunjun-connectors/chunjun-connector-doris/src/main/java/com/dtstack/chunjun/connector/doris/rest/FeRestService.java","311","23","311","63"
"idDeserial",,"warning","Deserialization method called: com.fasterxml.jackson.databind.ObjectMapper.readValue","/chunjun-connectors/chunjun-connector-doris/src/main/java/com/dtstack/chunjun/connector/doris/rest/FeRestService.java","383","22","383","61"
"idDeserial",,"warning","Deserialization method called: com.fasterxml.jackson.databind.ObjectMapper.readValue","/chunjun-connectors/chunjun-connector-doris/src/main/java/com/dtstack/chunjun/connector/doris/rest/FeRestService.java","468","25","468","67"
"idDeserial",,"warning","Deserialization method called: com.google.gson.Gson.fromJson","/chunjun-connectors/chunjun-connector-doris/src/main/java/com/dtstack/chunjun/connector/doris/sink/DorisSinkFactory.java","92","17","93","94"
"idDeserial",,"warning","Deserialization method called: com.google.gson.Gson.fromJson","/chunjun-connectors/chunjun-connector-elasticsearch-base/src/main/java/com/dtstack/chunjun/connector/elasticsearch/ElasticsearchSqlConverter.java","364","31","364","79"
"idDeserial",,"warning","Deserialization method called: com.google.gson.Gson.fromJson","/chunjun-connectors/chunjun-connector-elasticsearch-base/src/main/java/com/dtstack/chunjun/connector/elasticsearch/ElasticsearchSyncConverter.java","269","33","269","72"
"idDeserial",,"warning","Deserialization method called: com.google.gson.Gson.fromJson","/chunjun-connectors/chunjun-connector-elasticsearch-base/src/main/java/com/dtstack/chunjun/connector/elasticsearch/ElasticsearchSyncConverter.java","274","37","274","77"
"idDeserial",,"warning","Deserialization method called: com.google.gson.Gson.fromJson","/chunjun-connectors/chunjun-connector-elasticsearch7/src/main/java/com/dtstack/chunjun/connector/elasticsearch7/sink/Elasticsearch7SinkFactory.java","168","21","168","78"
"idDeserial",,"warning","Deserialization method called: com.google.gson.Gson.fromJson","/chunjun-connectors/chunjun-connector-hbase-base/src/main/java/com/dtstack/chunjun/connector/hbase/sink/HBaseSinkFactoryBase.java","53","17","54","99"
"idDeserial",,"warning","Deserialization method called: com.google.gson.Gson.fromJson","/chunjun-connectors/chunjun-connector-hbase-base/src/main/java/com/dtstack/chunjun/connector/hbase/source/HBaseSourceFactoryBase.java","65","17","66","87"
"idDeserial",,"warning","Deserialization method called: com.google.gson.Gson.fromJson","/chunjun-connectors/chunjun-connector-hdfs/src/main/java/com/dtstack/chunjun/connector/hdfs/sink/HdfsSinkFactory.java","40","17","41","98"
"idDeserial",,"warning","Deserialization method called: com.google.gson.Gson.fromJson","/chunjun-connectors/chunjun-connector-hdfs/src/main/java/com/dtstack/chunjun/connector/hdfs/source/HdfsSourceFactory.java","39","17","40","98"
"idDeserial",,"warning","Deserialization method called: com.google.gson.Gson.fromJson","/chunjun-connectors/chunjun-connector-hive/src/main/java/com/dtstack/chunjun/connector/hive/sink/HiveOutputFormat.java","306","21","306","94"
"idDeserial",,"warning","Deserialization method called: com.google.gson.Gson.fromJson","/chunjun-connectors/chunjun-connector-hive/src/main/java/com/dtstack/chunjun/connector/hive/sink/HiveSinkFactory.java","41","17","42","98"
"idDeserial",,"warning","Deserialization method called: com.google.gson.Gson.fromJson","/chunjun-connectors/chunjun-connector-hive/src/main/java/com/dtstack/chunjun/connector/hive/util/HiveUtil.java","256","21","258","88"
"idDeserial",,"warning","Deserialization method called: com.google.gson.Gson.fromJson","/chunjun-connectors/chunjun-connector-hive/src/main/java/com/dtstack/chunjun/connector/hive/util/HiveUtil.java","275","21","278","95"
"idDeserial",,"warning","Deserialization method called: com.google.gson.Gson.fromJson","/chunjun-connectors/chunjun-connector-hive3/src/main/java/com/dtstack/chunjun/connector/hive3/sink/Hive3SinkFactory.java","47","17","49","41"
"idDeserial",,"warning","Deserialization method called: com.google.gson.Gson.fromJson","/chunjun-connectors/chunjun-connector-hive3/src/main/java/com/dtstack/chunjun/connector/hive3/source/Hive3SourceFactory.java","41","17","43","41"
"idDeserial",,"warning","Deserialization method called: com.google.gson.Gson.fromJson","/chunjun-connectors/chunjun-connector-http/src/main/java/com/dtstack/chunjun/connector/http/client/HttpClient.java","156","33","156","95"
"idDeserial",,"warning","Deserialization method called: com.google.gson.Gson.fromJson","/chunjun-connectors/chunjun-connector-http/src/main/java/com/dtstack/chunjun/connector/http/client/HttpClient.java","243","39","244","85"
"idDeserial",,"warning","Deserialization method called: com.google.gson.Gson.fromJson","/chunjun-connectors/chunjun-connector-http/src/main/java/com/dtstack/chunjun/connector/http/client/JsonResponseParse.java","105","35","105","89"
"idDeserial",,"warning","Deserialization method called: com.google.gson.Gson.fromJson","/chunjun-connectors/chunjun-connector-http/src/main/java/com/dtstack/chunjun/connector/http/table/HttpDynamicTableFactory.java","118","17","120","74"
"idDeserial",,"warning","Deserialization method called: com.google.gson.Gson.fromJson","/chunjun-connectors/chunjun-connector-http/src/main/java/com/dtstack/chunjun/connector/http/table/HttpDynamicTableFactory.java","122","17","124","72"
"idDeserial",,"warning","Deserialization method called: com.google.gson.Gson.fromJson","/chunjun-connectors/chunjun-connector-http/src/main/java/com/dtstack/chunjun/connector/http/table/HttpDynamicTableFactory.java","145","17","147","70"
"idDeserial",,"warning","Deserialization method called: com.google.gson.Gson.fromJson","/chunjun-connectors/chunjun-connector-http/src/main/java/com/dtstack/chunjun/connector/http/table/HttpDynamicTableFactory.java","149","17","151","70"
"idDeserial",,"warning","Deserialization method called: com.google.gson.Gson.fromJson","/chunjun-connectors/chunjun-connector-http/src/main/java/com/dtstack/chunjun/connector/http/table/HttpDynamicTableFactory.java","153","17","155","70"
"idDeserial",,"warning","Deserialization method called: com.google.gson.Gson.fromJson","/chunjun-connectors/chunjun-connector-http/src/main/java/com/dtstack/chunjun/connector/http/table/HttpDynamicTableFactory.java","157","17","159","72"
"idDeserial",,"warning","Deserialization method called: com.google.gson.Gson.fromJson","/chunjun-connectors/chunjun-connector-iceberg/src/main/java/com/dtstack/chunjun/connector/iceberg/sink/IcebergSinkFactory.java","51","17","53","44"
"idDeserial",,"warning","Deserialization method called: com.google.gson.Gson.fromJson","/chunjun-connectors/chunjun-connector-influxdb/src/main/java/com/dtstack/chunjun/connector/influxdb/sink/InfluxdbSinkFactory.java","47","31","47","93"
"idDeserial",,"warning","Deserialization method called: com.google.gson.Gson.fromJson","/chunjun-connectors/chunjun-connector-influxdb/src/main/java/com/dtstack/chunjun/connector/influxdb/source/InfluxdbSourceFactory.java","65","23","65","87"
"idDeserial",,"warning","Deserialization method called: com.google.gson.Gson.fromJson","/chunjun-connectors/chunjun-connector-jdbc-base/src/main/java/com/dtstack/chunjun/connector/jdbc/converter/JdbcSqlConverter.java","243","44","243","96"
"idDeserial",,"warning","Deserialization method called: com.google.gson.Gson.fromJson","/chunjun-connectors/chunjun-connector-jdbc-base/src/main/java/com/dtstack/chunjun/connector/jdbc/converter/JdbcSqlConverter.java","260","31","260","79"
"idDeserial",,"warning","Deserialization method called: com.google.gson.Gson.fromJson","/chunjun-connectors/chunjun-connector-jdbc-base/src/main/java/com/dtstack/chunjun/connector/jdbc/sink/JdbcSinkFactory.java","73","17","73","97"
"idDeserial",,"warning","Deserialization method called: com.google.gson.Gson.fromJson","/chunjun-connectors/chunjun-connector-jdbc-base/src/main/java/com/dtstack/chunjun/connector/jdbc/source/JdbcSourceFactory.java","88","17","88","97"
"idDeserial",,"warning","Deserialization method called: com.google.gson.Gson.fromJson","/chunjun-connectors/chunjun-connector-jdbc-base/src/test/java/com/dtstack/chunjun/connector/jdbc/converter/JdbcSyncConverterTest.java","67","17","67","99"
"idDeserial",,"warning","Deserialization method called: com.google.gson.Gson.fromJson","/chunjun-connectors/chunjun-connector-jdbc-base/src/test/java/com/dtstack/chunjun/connector/jdbc/source/distribute/DistributeJdbcInputFormatTest.java","120","17","120","99"
"idDeserial",,"warning","Deserialization method called: com.fasterxml.jackson.databind.ObjectMapper.readValue","/chunjun-connectors/chunjun-connector-kafka/src/main/java/com/dtstack/chunjun/connector/kafka/deserializer/DtKafkaDeserializer.java","74","24","75","92"
"idDeserial",,"warning","Deserialization method called: com.google.gson.Gson.fromJson","/chunjun-connectors/chunjun-connector-kafka/src/main/java/com/dtstack/chunjun/connector/kafka/sink/KafkaSinkFactory.java","61","17","61","96"
"idDeserial",,"warning","Deserialization method called: com.google.gson.Gson.fromJson","/chunjun-connectors/chunjun-connector-kafka/src/main/java/com/dtstack/chunjun/connector/kafka/source/KafkaSourceFactory.java","71","17","71","96"
"idDeserial",,"warning","Deserialization method called: com.google.gson.Gson.fromJson","/chunjun-connectors/chunjun-connector-mongodb/src/main/java/com/dtstack/chunjun/connector/mongodb/sink/MongodbSinkFactory.java","46","17","48","52"
"idDeserial",,"warning","Deserialization method called: com.google.gson.Gson.fromJson","/chunjun-connectors/chunjun-connector-mongodb/src/main/java/com/dtstack/chunjun/connector/mongodb/source/MongodbSourceFactory.java","46","17","48","52"
"idDeserial",,"warning","Deserialization method called: com.google.gson.Gson.fromJson","/chunjun-connectors/chunjun-connector-mysqlcdc/src/main/java/com/dtstack/chunjun/connector/mysqlcdc/source/MysqlcdcSourceFactory.java","66","18","66","98"
"idDeserial",,"warning","Deserialization method called: com.google.gson.Gson.fromJson","/chunjun-connectors/chunjun-connector-redis/src/main/java/com/dtstack/chunjun/connector/redis/sink/RedisSinkFactory.java","52","17","53","94"
"idDeserial",,"warning","Deserialization method called: com.google.gson.Gson.fromJson","/chunjun-connectors/chunjun-connector-redis/src/main/java/com/dtstack/chunjun/connector/redis/source/RedisSourceFactory.java","52","17","53","94"
"idDeserial",,"warning","Deserialization method called: com.google.gson.Gson.fromJson","/chunjun-connectors/chunjun-connector-s3/src/main/java/com/dtstack/chunjun/connector/s3/sink/S3SinkFactory.java","46","17","48","39"
"idDeserial",,"warning","Deserialization method called: com.google.gson.Gson.fromJson","/chunjun-connectors/chunjun-connector-s3/src/main/java/com/dtstack/chunjun/connector/s3/source/S3SourceFactory.java","48","17","49","96"
"idDeserial",,"warning","Deserialization method called: com.google.gson.Gson.fromJson","/chunjun-connectors/chunjun-connector-s3/src/main/java/com/dtstack/chunjun/connector/s3/table/S3DynamicTableFactory.java","57","17","57","87"
"idDeserial",,"warning","Deserialization method called: com.fasterxml.jackson.databind.ObjectMapper.readValue","/chunjun-connectors/chunjun-connector-selectdb-cloud/src/main/java/com/dtstack/chunjun/connector/selectdbcloud/rest/SelectDBCloudStageLoad.java","138","17","139","87"
"idDeserial",,"warning","Deserialization method called: com.google.gson.Gson.fromJson","/chunjun-connectors/chunjun-connector-socket/src/main/java/com/dtstack/chunjun/connector/socket/converter/SocketSqlConverter.java","195","44","195","96"
"idDeserial",,"warning","Deserialization method called: com.google.gson.Gson.fromJson","/chunjun-connectors/chunjun-connector-socket/src/main/java/com/dtstack/chunjun/connector/socket/converter/SocketSqlConverter.java","212","31","212","79"
"idDeserial",,"warning","Deserialization method called: com.google.gson.Gson.fromJson","/chunjun-connectors/chunjun-connector-solr/src/main/java/com/dtstack/chunjun/connector/solr/client/CloudSolrClientKerberosWrapper.java","170","17","170","87"
"idDeserial",,"warning","Deserialization method called: com.google.gson.Gson.fromJson","/chunjun-connectors/chunjun-connector-solr/src/main/java/com/dtstack/chunjun/connector/solr/sink/SolrSinkFactory.java","46","17","46","99"
"idDeserial",,"warning","Deserialization method called: com.google.gson.Gson.fromJson","/chunjun-connectors/chunjun-connector-solr/src/main/java/com/dtstack/chunjun/connector/solr/source/SolrSourceFactory.java","46","17","46","99"
"idDeserial",,"warning","Deserialization method called: com.google.gson.Gson.fromJson","/chunjun-connectors/chunjun-connector-stream/src/main/java/com/dtstack/chunjun/connector/stream/sink/StreamSinkFactory.java","44","17","46","43"
"idDeserial",,"warning","Deserialization method called: com.google.gson.Gson.fromJson","/chunjun-connectors/chunjun-connector-stream/src/main/java/com/dtstack/chunjun/connector/stream/source/StreamSourceFactory.java","43","17","45","43"
"idDeserial",,"warning","Deserialization method called: com.google.gson.Gson.fromJson","/chunjun-core/src/main/java/com/dtstack/chunjun/config/SyncConfig.java","59","29","59","77"
"idDeserial",,"warning","Deserialization method called: com.google.gson.Gson.fromJson","/chunjun-core/src/main/java/com/dtstack/chunjun/security/KerberosUtil.java","284","29","285","89"
"idDeserial",,"warning","Deserialization method called: com.google.gson.Gson.fromJson","/chunjun-core/src/main/java/com/dtstack/chunjun/util/PropertiesUtil.java","50","16","50","64"
"idDeserial",,"warning","Deserialization method called: com.google.gson.Gson.fromJson","/chunjun-core/src/main/java/com/dtstack/chunjun/util/PropertiesUtil.java","63","16","64","79"
"idDeserial",,"warning","Deserialization method called: com.google.gson.Gson.fromJson","/chunjun-core/src/main/java/com/dtstack/chunjun/util/StringUtil.java","137","23","137","60"
"idDeserial",,"warning","Deserialization method called: com.google.gson.Gson.fromJson","/chunjun-e2e/src/test/java/com/dtstack/chunjun/connector/test/utils/ChunjunFlinkStandaloneTestEnvironment.java","282","16","282","95"
"idDeserial",,"warning","Deserialization method called: com.google.gson.Gson.fromJson","/chunjun-restore/chunjun-restore-mysql/src/main/java/com/dtstack/chunjun/restore/mysql/transformer/DDLRowDataTransformer.java","38","20","38","72"
"idDeserial",,"warning","Deserialization method called: com.google.gson.Gson.fromJson","/chunjun-restore/chunjun-restore-mysql/src/main/java/com/dtstack/chunjun/restore/mysql/transformer/DDLRowDataTransformer.java","40","20","40","63"
