"idDeserial",,"warning","Deserialization method called: java.io.ObjectInputStream.readObject","/codes/javacore-basics/src/main/java/io/github/dunwu/javacore/serial/SerializeDemo.java","54","26","54","40"
"idDeserial",,"warning","Deserialization method called: java.io.ObjectInputStream.readObject","/codes/javacore-basics/src/main/java/io/github/dunwu/javacore/serialize/ExternalizeDemo01.java","42","22","42","37"
"idDeserial",,"warning","Deserialization method called: java.io.ObjectInputStream.readObject","/codes/javacore-basics/src/main/java/io/github/dunwu/javacore/serialize/ExternalizeDemo02.java","42","22","42","37"
"idDeserial",,"warning","Deserialization method called: java.io.ObjectInputStream.readObject","/codes/javacore-basics/src/main/java/io/github/dunwu/javacore/serialize/SerializeDemo01.java","39","22","39","37"
"idDeserial",,"warning","Deserialization method called: java.io.ObjectInputStream.readObject","/codes/javacore-basics/src/main/java/io/github/dunwu/javacore/serialize/SerializeDemo02.java","42","22","42","37"
"idDeserial",,"warning","Deserialization method called: java.io.ObjectInputStream.readObject","/codes/javacore-basics/src/main/java/io/github/dunwu/javacore/serialize/SerializeDemo03.java","42","22","42","37"
"idDeserial",,"warning","Deserialization method called: java.io.ObjectInputStream.readObject","/codes/javacore-basics/src/main/java/io/github/dunwu/javacore/serialize/SerializeDemo04.java","42","22","42","37"
"idDeserial",,"warning","Deserialization method called: java.io.ObjectInputStream.readObject","/codes/javacore-basics/src/main/java/io/github/dunwu/javacore/serialize/SerializeDemo05.java","42","22","42","37"
"idDeserial",,"warning","Deserialization method called: java.io.ObjectInputStream.readObject","/codes/javacore-basics/src/main/java/io/github/dunwu/javacore/serialize/UnSerializeDemo.java","40","22","40","37"
"idDeserial",,"warning","Deserialization method called: java.io.ObjectInputStream.readObject","/codes/javacore-effective/src/main/java/io/github/dunwu/javacore/effective/chapter11/item75/StringList.java","39","26","39","39"
"idDeserial",,"warning","Deserialization method called: java.io.ObjectInputStream.readObject","/codes/javacore-effective/src/main/java/io/github/dunwu/javacore/effective/chapter11/item76/BogusPeriod.java","30","20","30","35"
"idDeserial",,"warning","Deserialization method called: java.io.ObjectInputStream.readObject","/codes/javacore-effective/src/main/java/io/github/dunwu/javacore/effective/chapter11/item76/MutablePeriod.java","40","31","40","45"
"idDeserial",,"warning","Deserialization method called: java.io.ObjectInputStream.readObject","/codes/javacore-effective/src/main/java/io/github/dunwu/javacore/effective/chapter11/item76/MutablePeriod.java","41","28","41","42"
"idDeserial",,"warning","Deserialization method called: java.io.ObjectInputStream.readObject","/codes/javacore-effective/src/main/java/io/github/dunwu/javacore/effective/chapter11/item76/MutablePeriod.java","42","26","42","40"
"idDeserial",,"warning","Deserialization method called: java.io.ObjectInputStream.readObject","/codes/javacore-effective/src/main/java/io/github/dunwu/javacore/effective/chapter11/item77/ElvisImpersonator.java","35","20","35","35"
"idDeserial",,"warning","Deserialization method called: java.io.ObjectInputStream.readObject","/codes/javacore-effective/src/main/java/io/github/dunwu/javacore/effective/chapter11/item78/BogusPeriod.java","30","20","30","35"
"idDeserial",,"warning","Deserialization method called: java.io.ObjectInputStream.readObject","/codes/javacore-effective/src/main/java/io/github/dunwu/javacore/effective/chapter11/item78/MutablePeriod.java","40","31","40","45"
"idDeserial",,"warning","Deserialization method called: java.io.ObjectInputStream.readObject","/codes/javacore-effective/src/main/java/io/github/dunwu/javacore/effective/chapter11/item78/MutablePeriod.java","41","28","41","42"
"idDeserial",,"warning","Deserialization method called: java.io.ObjectInputStream.readObject","/codes/javacore-effective/src/main/java/io/github/dunwu/javacore/effective/chapter11/item78/MutablePeriod.java","42","26","42","40"
"idDeserial",,"warning","Deserialization method called: java.io.ObjectInputStream.readObject","/codes/javacore-io/src/main/java/io/github/dunwu/javacore/bio/bytes/ObjectStreamDemo.java","47","39","47","54"
