"idDeserial",,"warning","Deserialization method called: com.fasterxml.jackson.databind.ObjectMapper.readValue","/codes/javadb/elasticsearch/elasticsearch6/src/main/java/io/github/dunwu/javadb/elasticsearch/util/JsonUtil.java","41","20","41","51"
"idDeserial",,"warning","Deserialization method called: com.fasterxml.jackson.databind.ObjectMapper.readValue","/codes/javadb/elasticsearch/elasticsearch6/src/main/java/io/github/dunwu/javadb/elasticsearch/util/JsonUtil.java","53","20","53","77"
"idDeserial",,"warning","Deserialization method called: com.fasterxml.jackson.databind.ObjectMapper.readValue","/codes/javadb/elasticsearch/elasticsearch6/src/main/java/io/github/dunwu/javadb/elasticsearch/util/JsonUtil.java","65","20","65","48"
"idDeserial",,"warning","Deserialization method called: com.fasterxml.jackson.databind.ObjectMapper.readValue","/codes/javadb/elasticsearch/elasticsearch6/src/main/java/io/github/dunwu/javadb/elasticsearch/util/JsonUtil.java","77","24","77","60"
"idDeserial",,"warning","Deserialization method called: com.fasterxml.jackson.databind.ObjectMapper.readValue","/codes/javadb/hbase/src/main/java/io/github/dunwu/javadb/hbase/util/JsonUtil.java","50","20","50","55"
"idDeserial",,"warning","Deserialization method called: com.fasterxml.jackson.databind.ObjectMapper.readValue","/codes/javadb/hbase/src/main/java/io/github/dunwu/javadb/hbase/util/JsonUtil.java","65","24","65","67"
"idDeserial",,"warning","Deserialization method called: com.fasterxml.jackson.databind.ObjectMapper.readValue","/codes/javadb/hbase/src/main/java/io/github/dunwu/javadb/hbase/util/JsonUtil.java","96","20","96","84"
"idDeserial",,"warning","Deserialization method called: com.fasterxml.jackson.databind.ObjectMapper.readValue","/codes/javadb/hbase/src/main/java/io/github/dunwu/javadb/hbase/util/JsonUtil.java","110","20","110","93"
"idDeserial",,"warning","Deserialization method called: com.fasterxml.jackson.databind.ObjectMapper.readValue","/codes/javadb/hbase/src/main/java/io/github/dunwu/javadb/hbase/util/JsonUtil.java","123","20","123","58"
"idDeserial",,"warning","Deserialization method called: com.fasterxml.jackson.databind.ObjectMapper.readValue","/codes/javadb/hbase/src/main/java/io/github/dunwu/javadb/hbase/util/JsonUtil.java","137","20","137","58"
"idDeserial",,"warning","Deserialization method called: com.google.gson.Gson.fromJson","/codes/redis/redis-in-action/src/main/java/io/github/dunwu/db/redis/Chapter05.java","417","26","418","77"
"idDeserial",,"warning","Deserialization method called: com.google.gson.Gson.fromJson","/codes/redis/redis-in-action/src/main/java/io/github/dunwu/db/redis/Chapter05.java","567","16","567","85"
"idDeserial",,"warning","Deserialization method called: com.google.gson.Gson.fromJson","/codes/redis/redis-in-action/src/main/java/io/github/dunwu/db/redis/Chapter06.java","621","69","623","32"
"idDeserial",,"warning","Deserialization method called: com.google.gson.Gson.fromJson","/codes/redis/redis-in-action/src/main/java/io/github/dunwu/db/redis/Chapter06.java","823","35","823","69"
