"idDeserial",,"warning","Deserialization method called: java.io.ObjectInputStream.readObject","/debugtools/DDR_VM/src/com/ibm/j9ddr/corereaders/tdump/zebedee/dumpreader/AddressSpace.java","692","34","692","48"
"idDeserial",,"warning","Deserialization method called: java.io.ObjectInputStream.readObject","/debugtools/DDR_VM/src/com/ibm/j9ddr/libraries/CoreFileResolver.java","153","23","153","40"
"idDeserial",,"warning","Deserialization method called: java.io.ObjectInputStream.readObject","/jcl/src/java.base/share/classes/java/lang/StringBuilder.java","1813","31","1813","49"
"idDeserial",,"warning","Deserialization method called: java.io.ObjectInputStream.readObject","/jcl/src/java.base/share/classes/java/lang/invoke/MethodType.java","922","43","922","57"
"idDeserial",,"warning","Deserialization method called: java.io.ObjectInputStream.readObject","/jcl/src/java.base/share/classes/java/lang/invoke/MethodType.java","923","46","923","60"
"idDeserial",,"warning","Deserialization method called: java.io.ObjectInputStream.readObject","/jcl/src/openj9.dtfj/share/classes/com/ibm/dtfj/corereaders/zos/dumpreader/AddressSpace.java","654","34","654","48"
"idDeserial",,"warning","Deserialization method called: java.io.ObjectInputStream.readObject","/jcl/src/openj9.dtfj/share/classes/com/ibm/dtfj/corereaders/zos/dumpreader/Dump.java","404","28","404","43"
"idDeserial",,"warning","Deserialization method called: java.io.ObjectInputStream.readObject","/jcl/src/openj9.dtfj/share/classes/com/ibm/dtfj/corereaders/zos/dumpreader/Dump.java","412","38","412","53"
"idDeserial",,"warning","Deserialization method called: java.io.ObjectInputStream.readObject","/jcl/src/openj9.dtfj/share/classes/com/ibm/dtfj/corereaders/zos/dumpreader/Dump.java","413","19","413","34"
"idDeserial",,"warning","Deserialization method called: java.io.ObjectInputStream.readObject","/jcl/src/openj9.dtfj/share/classes/com/ibm/dtfj/corereaders/zos/dumpreader/Dump.java","414","24","414","39"
"idDeserial",,"warning","Deserialization method called: java.io.ObjectInputStream.readObject","/jcl/src/openj9.dtfj/share/classes/com/ibm/dtfj/corereaders/zos/dumpreader/Dump.java","415","31","415","46"
"idDeserial",,"warning","Deserialization method called: java.io.ObjectInputStream.readObject","/jcl/src/openj9.dtfj/share/classes/com/ibm/dtfj/corereaders/zos/dumpreader/Dump.java","416","34","416","49"
"idDeserial",,"warning","Deserialization method called: java.io.ObjectInputStream.readObject","/jcl/src/openj9.dtfj/share/classes/com/ibm/dtfj/corereaders/zos/dumpreader/Dump.java","417","34","417","49"
"idDeserial",,"warning","Deserialization method called: java.io.ObjectInputStream.readObject","/jcl/src/openj9.dtfj/share/classes/com/ibm/dtfj/corereaders/zos/dumpreader/Dump.java","418","39","418","54"
"idDeserial",,"warning","Deserialization method called: java.io.ObjectInputStream.readObject","/test/functional/JIT_Test/src/jit/test/tr/BigDecimal/BDSerializationTest.java","43","36","43","51"
"idDeserial",,"warning","Deserialization method called: java.io.ObjectInputStream.readObject","/test/functional/JLM_Tests/src/org/openj9/test/util/process/ContainerProcess.java","59","40","59","55"
"idDeserial",,"warning","Deserialization method called: java.io.ObjectInputStream.readObject","/test/functional/JLM_Tests/src/org/openj9/test/util/process/ContainerProcess.java","66","27","66","42"
"idDeserial",,"warning","Deserialization method called: java.io.ObjectInputStream.readObject","/test/functional/JLM_Tests/src/org/openj9/test/util/process/ContainerProcess.java","84","44","84","59"
"idDeserial",,"warning","Deserialization method called: java.io.ObjectInputStream.readObject","/test/functional/JLM_Tests/src/org/openj9/test/util/process/ContainerProcess.java","97","40","97","55"
"idDeserial",,"warning","Deserialization method called: java.io.ObjectInputStream.readObject","/test/functional/JLM_Tests/src/org/openj9/test/util/process/ProcessRunner.java","173","36","173","51"
"idDeserial",,"warning","Deserialization method called: java.io.ObjectInputStream.readObject","/test/functional/JLM_Tests/src/org/openj9/test/util/process/ProcessRunner.java","185","29","185","44"
"idDeserial",,"warning","Deserialization method called: java.io.ObjectInputStream.readObject","/test/functional/JLM_Tests/src/org/openj9/test/util/process/ProcessRunner.java","191","29","191","44"
"idDeserial",,"warning","Deserialization method called: java.io.ObjectInputStream.readObject","/test/functional/Java14andUp/src/org/openj9/test/jep358/NPEMessageTests.java","1056","31","1056","47"
"idDeserial",,"warning","Deserialization method called: java.io.ObjectInputStream.readObject","/test/functional/Java14andUp/src/org/openj9/test/jep358/NPEMessageTests.java","1066","31","1066","47"
"idDeserial",,"warning","Deserialization method called: java.io.ObjectInputStream.readObject","/test/functional/Java14andUp/src/org/openj9/test/jep358/NPEMessageTests.java","1086","31","1086","47"
"idDeserial",,"warning","Deserialization method called: java.io.ObjectInputStream.readObject","/test/functional/Java8andUp/src/org/openj9/test/java/lang/Test_Throwable.java","579","33","579","48"
"idDeserial",,"warning","Deserialization method called: java.io.ObjectInputStream.readObject","/test/functional/Java8andUp/src/org/openj9/test/java/lang/Test_Throwable.java","589","36","589","52"
"idDeserial",,"warning","Deserialization method called: java.io.ObjectInputStream.readObject","/test/functional/Java8andUp/src/org/openj9/test/java/lang/Test_Throwable.java","648","33","648","48"
"idDeserial",,"warning","Deserialization method called: java.io.ObjectInputStream.readObject","/test/functional/Java8andUp/src/org/openj9/test/java/lang/Test_Throwable.java","658","36","658","52"
"idDeserial",,"warning","Deserialization method called: java.io.ObjectInputStream.readObject","/test/functional/Java8andUp/src/org/openj9/test/java/lang/Test_Throwable.java","708","33","708","48"
"idDeserial",,"warning","Deserialization method called: java.io.ObjectInputStream.readObject","/test/functional/Java8andUp/src/org/openj9/test/java/lang/Test_Throwable.java","718","36","718","52"
"idDeserial",,"warning","Deserialization method called: java.io.ObjectInputStream.readObject","/test/functional/Java8andUp/src/org/openj9/test/java/lang/Test_Throwable.java","767","33","767","48"
"idDeserial",,"warning","Deserialization method called: java.io.ObjectInputStream.readObject","/test/functional/Java8andUp/src/org/openj9/test/java/lang/Test_Throwable.java","777","36","777","52"
"idDeserial",,"warning","Deserialization method called: java.io.ObjectInputStream.readObject","/test/functional/Jsr292/src/com/ibm/j9/jsr292/MethodTypeTests_SM.java","50","36","50","51"
"idDeserial",,"warning","Deserialization method called: java.io.ObjectInputStream.readObject","/test/functional/Jsr335/src/org/openj9/test/jsr335/TestSerializable.java","286","11","286","26"
