"idDeserial",,"warning","Deserialization method called: com.google.gson.Gson.fromJson","/build-logic/src/main/kotlin/japicmp/accept/apichanges.kt","11","9","11","79"
"idDeserial",,"warning","Deserialization method called: com.google.gson.Gson.fromJson","/worldedit-cli/src/main/java/com/sk89q/worldedit/cli/data/FileRegistries.java","66","29","66","86"
"idDeserial",,"warning","Deserialization method called: org.yaml.snakeyaml.Yaml.load","/worldedit-core/src/main/java/com/sk89q/util/yaml/YAMLProcessor.java","128","18","128","53"
"idDeserial",,"warning","Deserialization method called: com.google.gson.Gson.fromJson","/worldedit-core/src/main/java/com/sk89q/worldedit/internal/anvil/ChunkDeleter.java","68","16","68","71"
"idDeserial",,"warning","Deserialization method called: com.google.gson.Gson.fromJson","/worldedit-core/src/main/java/com/sk89q/worldedit/session/storage/JsonFileSessionStore.java","98","36","98","76"
"idDeserial",,"warning","Deserialization method called: com.google.gson.Gson.fromJson","/worldedit-core/src/main/java/com/sk89q/worldedit/util/paste/EngineHubPaste.java","67","44","71","87"
"idDeserial",,"warning","Deserialization method called: com.google.gson.Gson.fromJson","/worldedit-core/src/main/java/com/sk89q/worldedit/util/translation/TranslationManager.java","265","39","265","76"
"idDeserial",,"warning","Deserialization method called: com.google.gson.Gson.fromJson","/worldedit-core/src/main/java/com/sk89q/worldedit/world/registry/BundledBlockData.java","80","36","80","102"
"idDeserial",,"warning","Deserialization method called: com.google.gson.Gson.fromJson","/worldedit-core/src/main/java/com/sk89q/worldedit/world/registry/BundledItemData.java","80","35","80","100"
"idDeserial",,"warning","Deserialization method called: com.google.gson.Gson.fromJson","/worldedit-core/src/main/java/com/sk89q/worldedit/world/registry/LegacyMapper.java","90","35","90","99"
"idDeserial",,"warning","Deserialization method called: com.google.gson.Gson.fromJson","/worldedit-neoforge/build/tmp/.cache/expanded/zip_40d365a6f055699c307937eaba52d0e6/com/mojang/realmsclient/dto/GuardedSerializer.java","23","16","23","51"
"idDeserial",,"warning","Deserialization method called: com.google.gson.Gson.fromJson","/worldedit-neoforge/build/tmp/.cache/expanded/zip_40d365a6f055699c307937eaba52d0e6/net/minecraft/client/gui/font/FontManager.java","233","43","233","82"
"idDeserial",,"warning","Deserialization method called: com.google.gson.Gson.fromJson","/worldedit-neoforge/build/tmp/.cache/expanded/zip_40d365a6f055699c307937eaba52d0e6/net/minecraft/client/renderer/block/model/BlockModelDefinition.java","40","16","40","72"
"idDeserial",,"warning","Deserialization method called: com.google.gson.Gson.fromJson","/worldedit-neoforge/build/tmp/.cache/expanded/zip_40d365a6f055699c307937eaba52d0e6/net/minecraft/locale/Language.java","88","33","88","119"
"idDeserial",,"warning","Deserialization method called: com.google.gson.Gson.fromJson","/worldedit-neoforge/build/tmp/.cache/expanded/zip_40d365a6f055699c307937eaba52d0e6/net/minecraft/server/players/GameProfileCache.java","212","39","212","81"
"idDeserial",,"warning","Deserialization method called: com.google.gson.Gson.fromJson","/worldedit-neoforge/build/tmp/.cache/expanded/zip_40d365a6f055699c307937eaba52d0e6/net/minecraft/server/players/StoredUserList.java","127","39","127","84"
"idDeserial",,"warning","Deserialization method called: com.google.gson.Gson.fromJson","/worldedit-neoforge/build/tmp/.cache/expanded/zip_40d365a6f055699c307937eaba52d0e6/net/neoforged/neoforge/common/CreativeModeTabRegistry.java","101","28","101","71"
"idDeserial",,"warning","Deserialization method called: com.google.gson.Gson.fromJson","/worldedit-neoforge/build/tmp/.cache/expanded/zip_40d365a6f055699c307937eaba52d0e6/net/neoforged/neoforge/common/UsernameCache.java","139","19","139","45"
