"idDeserial",,"warning","Deserialization method called: com.google.gson.Gson.fromJson","/erupt-cloud/erupt-cloud-node/src/main/java/xyz/erupt/cloud/node/config/EruptNodeInterceptor.java","47","38","47","112"
"idDeserial",,"warning","Deserialization method called: com.google.gson.Gson.fromJson","/erupt-cloud/erupt-cloud-node/src/main/java/xyz/erupt/cloud/node/invoke/NodePowerInvoke.java","35","41","37","108"
"idDeserial",,"warning","Deserialization method called: com.google.gson.Gson.fromJson","/erupt-cloud/erupt-cloud-node/src/main/java/xyz/erupt/cloud/node/service/ServerRemoteService.java","39","16","39","75"
"idDeserial",,"warning","Deserialization method called: com.google.gson.Gson.fromJson","/erupt-cloud/erupt-cloud-server/src/main/java/xyz/erupt/cloud/server/interceptor/EruptCloudServerInterceptor.java","169","55","169","113"
"idDeserial",,"warning","Deserialization method called: com.google.gson.Gson.fromJson","/erupt-core/src/main/java/xyz/erupt/core/controller/EruptDataController.java","128","21","128","91"
"idDeserial",,"warning","Deserialization method called: com.google.gson.Gson.fromJson","/erupt-core/src/main/java/xyz/erupt/core/controller/EruptTabController.java","39","22","39","74"
"idDeserial",,"warning","Deserialization method called: com.google.gson.Gson.fromJson","/erupt-core/src/main/java/xyz/erupt/core/controller/EruptTabController.java","53","22","53","74"
"idDeserial",,"warning","Deserialization method called: com.google.gson.Gson.fromJson","/erupt-core/src/main/java/xyz/erupt/core/controller/EruptTabController.java","68","22","68","74"
"idDeserial",,"warning","Deserialization method called: com.google.gson.Gson.fromJson","/erupt-core/src/main/java/xyz/erupt/core/controller/EruptModifyController.java","151","20","151","89"
"idDeserial",,"warning","Deserialization method called: com.google.gson.Gson.fromJson","/erupt-core/src/main/java/xyz/erupt/core/util/EruptUtil.java","391","20","391","72"
"idDeserial",,"warning","Deserialization method called: com.google.gson.Gson.fromJson","/erupt-core/src/main/java/xyz/erupt/core/util/EruptUtil.java","398","32","398","92"
"idDeserial",,"warning","Deserialization method called: com.google.gson.Gson.fromJson","/erupt-toolkit/src/main/java/xyz/erupt/toolkit/service/EruptCacheRedis.java","28","16","29","20"
"idDeserial",,"warning","Deserialization method called: com.google.gson.Gson.fromJson","/erupt-upms/src/main/java/xyz/erupt/upms/model/log/EruptOperateLog.java","127","88","127","135"
"idDeserial",,"warning","Deserialization method called: com.google.gson.Gson.fromJson","/erupt-upms/src/main/java/xyz/erupt/upms/service/EruptSessionService.java","78","24","78","68"
"idDeserial",,"warning","Deserialization method called: com.google.gson.Gson.fromJson","/erupt-upms/src/main/java/xyz/erupt/upms/service/EruptSessionService.java","81","20","81","89"
"idDeserial",,"warning","Deserialization method called: com.google.gson.Gson.fromJson","/erupt-upms/src/main/java/xyz/erupt/upms/service/EruptUserService.java","256","38","256","87"
"idDeserial",,"warning","Deserialization method called: com.google.gson.Gson.fromJson","/erupt-upms/src/main/java/xyz/erupt/upms/service/EruptUserService.java","261","38","261","87"
"idDeserial",,"warning","Deserialization method called: com.google.gson.Gson.fromJson","/erupt-upms/src/main/java/xyz/erupt/upms/service/EruptSessionService.java","124","20","124","54"
