"idDeserial",,"warning","Deserialization method called: com.fasterxml.jackson.databind.ObjectMapper.readValue","/extensions/istio/model-v1alpha3/src/test/java/io/fabric8/istio/api/extensons/v1alpha1/WasmPluginTest.java","62","35","62","82"
"idDeserial",,"warning","Deserialization method called: com.fasterxml.jackson.databind.ObjectMapper.readValue","/extensions/istio/model-v1alpha3/src/test/java/io/fabric8/istio/api/telemetry/v1alpha1/TelemetryTest.java","60","33","60","79"
"idDeserial",,"warning","Deserialization method called: com.fasterxml.jackson.databind.ObjectMapper.readValue","/extensions/istio/model-v1beta1/src/test/java/io/fabric8/istio/api/networking/v1beta1/ProxyConfigTest.java","59","37","59","85"
"idDeserial",,"warning","Deserialization method called: com.fasterxml.jackson.databind.ObjectMapper.readValue","/extensions/istio/tests/src/test/java/io/fabric8/istio/test/v1alpha3/DestinationRuleTest.java","39","45","39","116"
"idDeserial",,"warning","Deserialization method called: com.fasterxml.jackson.databind.ObjectMapper.readValue","/extensions/istio/tests/src/test/java/io/fabric8/istio/test/v1alpha3/EnvoyFilterTest.java","38","32","38","99"
"idDeserial",,"warning","Deserialization method called: com.fasterxml.jackson.databind.ObjectMapper.readValue","/extensions/istio/tests/src/test/java/io/fabric8/istio/test/v1alpha3/VirtualServiceTest.java","52","28","52","90"
"idDeserial",,"warning","Deserialization method called: com.fasterxml.jackson.databind.ObjectMapper.readValue","/extensions/istio/tests/src/test/java/io/fabric8/istio/test/v1alpha3/VirtualServiceTest.java","60","43","60","113"
"idDeserial",,"warning","Deserialization method called: com.fasterxml.jackson.databind.ObjectMapper.readValue","/extensions/istio/tests/src/test/java/io/fabric8/istio/test/v1alpha3/VirtualServiceTest.java","81","43","81","113"
"idDeserial",,"warning","Deserialization method called: com.fasterxml.jackson.databind.ObjectMapper.readValue","/extensions/istio/tests/src/test/java/io/fabric8/istio/test/v1beta1/CorsPolicyTest.java","45","27","45","88"
"idDeserial",,"warning","Deserialization method called: com.fasterxml.jackson.databind.ObjectMapper.readValue","/extensions/istio/tests/src/test/java/io/fabric8/istio/test/v1beta1/VirtualServiceTest.java","423","43","423","113"
"idDeserial",,"warning","Deserialization method called: com.fasterxml.jackson.databind.ObjectMapper.readValue","/extensions/istio/tests/src/test/java/io/fabric8/istio/test/v1beta1/VirtualServiceTest.java","442","43","442","113"
"idDeserial",,"warning","Deserialization method called: com.fasterxml.jackson.databind.ObjectMapper.readValue","/extensions/istio/tests/src/test/java/io/fabric8/istio/test/v1beta1/VirtualServiceTest.java","470","43","470","113"
"idDeserial",,"warning","Deserialization method called: com.fasterxml.jackson.databind.ObjectMapper.readValue","/extensions/open-cluster-management/model-agent/src/test/java/io/fabric8/openclustermanagement/api/model/agent/v1/KlusterletAddonConfigTest.java","39","39","39","97"
"idDeserial",,"warning","Deserialization method called: com.fasterxml.jackson.databind.ObjectMapper.readValue","/extensions/open-cluster-management/model-agent/src/test/java/io/fabric8/openclustermanagement/api/model/agent/v1/KlusterletAddonConfigTest.java","41","57","41","117"
"idDeserial",,"warning","Deserialization method called: com.fasterxml.jackson.databind.ObjectMapper.readValue","/extensions/open-cluster-management/model-apps/src/test/java/io/fabric8/openclustermanagement/api/model/apps/ApplicationTest.java","41","37","41","85"
"idDeserial",,"warning","Deserialization method called: com.fasterxml.jackson.databind.ObjectMapper.readValue","/extensions/open-cluster-management/model-apps/src/test/java/io/fabric8/openclustermanagement/api/model/apps/ApplicationTest.java","43","55","43","105"
"idDeserial",,"warning","Deserialization method called: com.fasterxml.jackson.databind.ObjectMapper.readValue","/extensions/open-cluster-management/model-apps/src/test/java/io/fabric8/openclustermanagement/api/model/apps/ChannelTest.java","40","29","40","73"
"idDeserial",,"warning","Deserialization method called: com.fasterxml.jackson.databind.ObjectMapper.readValue","/extensions/open-cluster-management/model-apps/src/test/java/io/fabric8/openclustermanagement/api/model/apps/ChannelTest.java","42","55","42","101"
"idDeserial",,"warning","Deserialization method called: com.fasterxml.jackson.databind.ObjectMapper.readValue","/extensions/open-cluster-management/model-apps/src/test/java/io/fabric8/openclustermanagement/api/model/apps/HelmReleaseTest.java","41","37","41","85"
"idDeserial",,"warning","Deserialization method called: com.fasterxml.jackson.databind.ObjectMapper.readValue","/extensions/open-cluster-management/model-apps/src/test/java/io/fabric8/openclustermanagement/api/model/apps/HelmReleaseTest.java","43","55","43","105"
"idDeserial",,"warning","Deserialization method called: com.fasterxml.jackson.databind.ObjectMapper.readValue","/extensions/open-cluster-management/model-apps/src/test/java/io/fabric8/openclustermanagement/api/model/apps/SubscriptionTest.java","40","39","40","88"
"idDeserial",,"warning","Deserialization method called: com.fasterxml.jackson.databind.ObjectMapper.readValue","/extensions/open-cluster-management/model-apps/src/test/java/io/fabric8/openclustermanagement/api/model/apps/SubscriptionTest.java","42","57","42","108"
"idDeserial",,"warning","Deserialization method called: com.fasterxml.jackson.databind.ObjectMapper.readValue","/extensions/open-cluster-management/model-cluster/src/test/java/io/fabric8/openclustermanagement/api/model/cluster/ManagedClusterSetBindingTest.java","40","63","40","124"
"idDeserial",,"warning","Deserialization method called: com.fasterxml.jackson.databind.ObjectMapper.readValue","/extensions/open-cluster-management/model-cluster/src/test/java/io/fabric8/openclustermanagement/api/model/cluster/ManagedClusterSetBindingTest.java","42","74","43","39"
"idDeserial",,"warning","Deserialization method called: com.fasterxml.jackson.databind.ObjectMapper.readValue","/extensions/open-cluster-management/model-cluster/src/test/java/io/fabric8/openclustermanagement/api/model/cluster/ManagedClusterSetTest.java","40","49","40","103"
"idDeserial",,"warning","Deserialization method called: com.fasterxml.jackson.databind.ObjectMapper.readValue","/extensions/open-cluster-management/model-cluster/src/test/java/io/fabric8/openclustermanagement/api/model/cluster/ManagedClusterSetTest.java","42","67","42","123"
"idDeserial",,"warning","Deserialization method called: com.fasterxml.jackson.databind.ObjectMapper.readValue","/extensions/open-cluster-management/model-cluster/src/test/java/io/fabric8/openclustermanagement/api/model/cluster/ManagedClusterTest.java","41","43","41","94"
"idDeserial",,"warning","Deserialization method called: com.fasterxml.jackson.databind.ObjectMapper.readValue","/extensions/open-cluster-management/model-cluster/src/test/java/io/fabric8/openclustermanagement/api/model/cluster/ManagedClusterTest.java","43","61","43","114"
"idDeserial",,"warning","Deserialization method called: com.fasterxml.jackson.databind.ObjectMapper.readValue","/extensions/open-cluster-management/model-cluster/src/test/java/io/fabric8/openclustermanagement/api/model/cluster/PlacementDecisionTest.java","40","49","40","103"
"idDeserial",,"warning","Deserialization method called: com.fasterxml.jackson.databind.ObjectMapper.readValue","/extensions/open-cluster-management/model-cluster/src/test/java/io/fabric8/openclustermanagement/api/model/cluster/PlacementDecisionTest.java","42","67","42","123"
"idDeserial",,"warning","Deserialization method called: com.fasterxml.jackson.databind.ObjectMapper.readValue","/extensions/open-cluster-management/model-cluster/src/test/java/io/fabric8/openclustermanagement/api/model/cluster/PlacementTest.java","40","33","40","79"
"idDeserial",,"warning","Deserialization method called: com.fasterxml.jackson.databind.ObjectMapper.readValue","/extensions/open-cluster-management/model-cluster/src/test/java/io/fabric8/openclustermanagement/api/model/cluster/PlacementTest.java","42","51","42","99"
"idDeserial",,"warning","Deserialization method called: com.fasterxml.jackson.databind.ObjectMapper.readValue","/extensions/open-cluster-management/model-discovery/src/test/java/io/fabric8/openclustermanagement/api/model/discovery/DiscoveredClusterTest.java","40","49","40","103"
"idDeserial",,"warning","Deserialization method called: com.fasterxml.jackson.databind.ObjectMapper.readValue","/extensions/open-cluster-management/model-discovery/src/test/java/io/fabric8/openclustermanagement/api/model/discovery/DiscoveredClusterTest.java","42","67","42","123"
"idDeserial",,"warning","Deserialization method called: com.fasterxml.jackson.databind.ObjectMapper.readValue","/extensions/open-cluster-management/model-discovery/src/test/java/io/fabric8/openclustermanagement/api/model/discovery/DiscoveryConfigTest.java","40","45","40","97"
"idDeserial",,"warning","Deserialization method called: com.fasterxml.jackson.databind.ObjectMapper.readValue","/extensions/open-cluster-management/model-discovery/src/test/java/io/fabric8/openclustermanagement/api/model/discovery/DiscoveryConfigTest.java","42","63","42","117"
"idDeserial",,"warning","Deserialization method called: com.fasterxml.jackson.databind.ObjectMapper.readValue","/extensions/open-cluster-management/model-observability/src/test/java/io/fabric8/openclustermanagement/api/model/multiclusterobservabilityoperator/apps/MultiClusterObservabilityTest.java","41","65","41","127"
"idDeserial",,"warning","Deserialization method called: com.fasterxml.jackson.databind.ObjectMapper.readValue","/extensions/open-cluster-management/model-observability/src/test/java/io/fabric8/openclustermanagement/api/model/multiclusterobservabilityoperator/apps/MultiClusterObservabilityTest.java","43","61","43","125"
"idDeserial",,"warning","Deserialization method called: com.fasterxml.jackson.databind.ObjectMapper.readValue","/extensions/open-cluster-management/model-observability/src/test/java/io/fabric8/openclustermanagement/api/model/multiclusterobservabilityoperator/apps/ObservabilityAddonTest.java","41","51","41","106"
"idDeserial",,"warning","Deserialization method called: com.fasterxml.jackson.databind.ObjectMapper.readValue","/extensions/open-cluster-management/model-observability/src/test/java/io/fabric8/openclustermanagement/api/model/multiclusterobservabilityoperator/apps/ObservabilityAddonTest.java","43","53","43","110"
"idDeserial",,"warning","Deserialization method called: com.fasterxml.jackson.databind.ObjectMapper.readValue","/extensions/open-cluster-management/model-operator/src/test/java/io/fabric8/openclustermanagement/api/model/operator/ClusterManagerTest.java","40","43","40","94"
"idDeserial",,"warning","Deserialization method called: com.fasterxml.jackson.databind.ObjectMapper.readValue","/extensions/open-cluster-management/model-operator/src/test/java/io/fabric8/openclustermanagement/api/model/operator/ClusterManagerTest.java","42","61","42","114"
"idDeserial",,"warning","Deserialization method called: com.fasterxml.jackson.databind.ObjectMapper.readValue","/extensions/open-cluster-management/model-operator/src/test/java/io/fabric8/openclustermanagement/api/model/operator/KlusterletTest.java","40","35","40","82"
"idDeserial",,"warning","Deserialization method called: com.fasterxml.jackson.databind.ObjectMapper.readValue","/extensions/open-cluster-management/model-operator/src/test/java/io/fabric8/openclustermanagement/api/model/operator/KlusterletTest.java","42","53","42","102"
"idDeserial",,"warning","Deserialization method called: com.fasterxml.jackson.databind.ObjectMapper.readValue","/extensions/open-cluster-management/model-operator/src/test/java/io/fabric8/openclustermanagement/api/model/operator/MultiClusterHubTest.java","41","45","41","97"
"idDeserial",,"warning","Deserialization method called: com.fasterxml.jackson.databind.ObjectMapper.readValue","/extensions/open-cluster-management/model-operator/src/test/java/io/fabric8/openclustermanagement/api/model/operator/MultiClusterHubTest.java","43","51","43","105"
"idDeserial",,"warning","Deserialization method called: com.fasterxml.jackson.databind.ObjectMapper.readValue","/extensions/open-cluster-management/model-placementruleapps/src/test/java/io/fabric8/openclustermanagement/api/model/multicloudoperatorsplacementrule/apps/GitOpsClusterTest.java","40","41","40","91"
"idDeserial",,"warning","Deserialization method called: com.fasterxml.jackson.databind.ObjectMapper.readValue","/extensions/open-cluster-management/model-placementruleapps/src/test/java/io/fabric8/openclustermanagement/api/model/multicloudoperatorsplacementrule/apps/GitOpsClusterTest.java","42","49","42","101"
"idDeserial",,"warning","Deserialization method called: com.fasterxml.jackson.databind.ObjectMapper.readValue","/extensions/open-cluster-management/model-placementruleapps/src/test/java/io/fabric8/openclustermanagement/api/model/multicloudoperatorsplacementrule/apps/PlacementRuleTest.java","40","41","40","91"
"idDeserial",,"warning","Deserialization method called: com.fasterxml.jackson.databind.ObjectMapper.readValue","/extensions/open-cluster-management/model-placementruleapps/src/test/java/io/fabric8/openclustermanagement/api/model/multicloudoperatorsplacementrule/apps/PlacementRuleTest.java","42","48","42","100"
"idDeserial",,"warning","Deserialization method called: com.fasterxml.jackson.databind.ObjectMapper.readValue","/extensions/open-cluster-management/model-policy/src/test/java/io/fabric8/openclustermanagement/api/model/governancepolicypropagator/policy/PlacementBindingTest.java","40","47","40","100"
"idDeserial",,"warning","Deserialization method called: com.fasterxml.jackson.databind.ObjectMapper.readValue","/extensions/open-cluster-management/model-policy/src/test/java/io/fabric8/openclustermanagement/api/model/governancepolicypropagator/policy/PlacementBindingTest.java","42","65","42","120"
"idDeserial",,"warning","Deserialization method called: com.fasterxml.jackson.databind.ObjectMapper.readValue","/extensions/open-cluster-management/model-policy/src/test/java/io/fabric8/openclustermanagement/api/model/governancepolicypropagator/policy/PolicyAutomationTest.java","41","47","41","100"
"idDeserial",,"warning","Deserialization method called: com.fasterxml.jackson.databind.ObjectMapper.readValue","/extensions/open-cluster-management/model-policy/src/test/java/io/fabric8/openclustermanagement/api/model/governancepolicypropagator/policy/PolicyAutomationTest.java","43","51","43","106"
"idDeserial",,"warning","Deserialization method called: com.fasterxml.jackson.databind.ObjectMapper.readValue","/extensions/open-cluster-management/model-policy/src/test/java/io/fabric8/openclustermanagement/api/model/governancepolicypropagator/policy/PolicyTest.java","42","27","42","70"
"idDeserial",,"warning","Deserialization method called: com.fasterxml.jackson.databind.ObjectMapper.readValue","/extensions/open-cluster-management/model-policy/src/test/java/io/fabric8/openclustermanagement/api/model/governancepolicypropagator/policy/PolicyTest.java","44","45","44","90"
"idDeserial",,"warning","Deserialization method called: com.fasterxml.jackson.databind.ObjectMapper.readValue","/extensions/open-cluster-management/model-search/src/test/java/io/fabric8/openclustermanagement/api/model/searchoperator/SearchCustomizationTest.java","41","53","41","109"
"idDeserial",,"warning","Deserialization method called: com.fasterxml.jackson.databind.ObjectMapper.readValue","/extensions/open-cluster-management/model-search/src/test/java/io/fabric8/openclustermanagement/api/model/searchoperator/SearchCustomizationTest.java","43","54","43","112"
"idDeserial",,"warning","Deserialization method called: com.fasterxml.jackson.databind.ObjectMapper.readValue","/extensions/open-cluster-management/model-search/src/test/java/io/fabric8/openclustermanagement/api/model/searchoperator/SearchOperatorTest.java","40","43","40","94"
"idDeserial",,"warning","Deserialization method called: com.fasterxml.jackson.databind.ObjectMapper.readValue","/extensions/open-cluster-management/model-search/src/test/java/io/fabric8/openclustermanagement/api/model/searchoperator/SearchOperatorTest.java","42","61","42","114"
"idDeserial",,"warning","Deserialization method called: com.fasterxml.jackson.databind.ObjectMapper.readValue","/extensions/open-virtual-networking/model-v1/src/test/java/io/fabric8/kubernetes/api/model/ovn/v1/AdminPolicyBasedExternalRouteTest.java","59","73","60","44"
"idDeserial",,"warning","Deserialization method called: com.fasterxml.jackson.databind.ObjectMapper.readValue","/extensions/open-virtual-networking/model-v1/src/test/java/io/fabric8/kubernetes/api/model/ovn/v1/EgressFirewallTest.java","59","43","59","94"
"idDeserial",,"warning","Deserialization method called: com.fasterxml.jackson.databind.ObjectMapper.readValue","/extensions/open-virtual-networking/model-v1/src/test/java/io/fabric8/kubernetes/api/model/ovn/v1/EgressIPTest.java","61","31","61","76"
"idDeserial",,"warning","Deserialization method called: com.fasterxml.jackson.databind.ObjectMapper.readValue","/extensions/open-virtual-networking/model-v1/src/test/java/io/fabric8/kubernetes/api/model/ovn/v1/EgressQoSTest.java","60","33","60","79"
"idDeserial",,"warning","Deserialization method called: com.fasterxml.jackson.databind.ObjectMapper.readValue","/extensions/open-virtual-networking/model-v1/src/test/java/io/fabric8/kubernetes/api/model/ovn/v1/EgressServiceTest.java","59","41","59","91"
"idDeserial",,"warning","Deserialization method called: com.fasterxml.jackson.databind.ObjectMapper.readValue","/extensions/tekton/tests/src/test/java/io/fabric8/tekton/pipeline/v1/ParamValueTest.java","33","22","33","61"
"idDeserial",,"warning","Deserialization method called: com.fasterxml.jackson.databind.ObjectMapper.readValue","/extensions/tekton/tests/src/test/java/io/fabric8/tekton/pipeline/v1/ParamValueTest.java","38","11","38","50"
"idDeserial",,"warning","Deserialization method called: com.fasterxml.jackson.databind.ObjectMapper.readValue","/extensions/tekton/tests/src/test/java/io/fabric8/tekton/pipeline/v1/TaskTest.java","33","17","33","48"
"idDeserial",,"warning","Deserialization method called: com.fasterxml.jackson.databind.ObjectMapper.readValue","/extensions/tekton/tests/src/test/java/io/fabric8/tekton/pipeline/v1beta1/ParamValueTest.java","33","22","33","61"
"idDeserial",,"warning","Deserialization method called: com.fasterxml.jackson.databind.ObjectMapper.readValue","/extensions/tekton/tests/src/test/java/io/fabric8/tekton/pipeline/v1beta1/ParamValueTest.java","38","11","38","50"
"idDeserial",,"warning","Deserialization method called: com.fasterxml.jackson.databind.ObjectMapper.readValue","/extensions/tekton/tests/src/test/java/io/fabric8/tekton/pipeline/v1beta1/TaskTest.java","33","17","33","48"
"idDeserial",,"warning","Deserialization method called: com.fasterxml.jackson.databind.ObjectMapper.readValue","/junit/kube-api-test/core/src/main/java/io/fabric8/kubeapitest/binary/repo/BinaryRepo.java","87","33","87","76"
"idDeserial",,"warning","Deserialization method called: com.fasterxml.jackson.databind.ObjectMapper.readValue","/kubernetes-client-api/src/main/java/io/fabric8/kubernetes/client/utils/KubernetesSerialization.java","362","18","363","67"
"idDeserial",,"warning","Deserialization method called: com.fasterxml.jackson.databind.ObjectMapper.readValue","/kubernetes-model-generator/kubernetes-model-admissionregistration/src/test/java/io/fabric8/kubernetes/api/model/admissionregistration/v1/ValidatingAdmissionPolicyBindingTest.java","50","79","51","47"
"idDeserial",,"warning","Deserialization method called: com.fasterxml.jackson.databind.ObjectMapper.readValue","/kubernetes-model-generator/kubernetes-model-admissionregistration/src/test/java/io/fabric8/kubernetes/api/model/admissionregistration/v1/ValidatingAdmissionPolicyTest.java","51","65","51","127"
"idDeserial",,"warning","Deserialization method called: com.fasterxml.jackson.databind.ObjectMapper.readValue","/kubernetes-model-generator/kubernetes-model-admissionregistration/src/test/java/io/fabric8/kubernetes/api/model/admissionregistration/v1alpha1/ValidatingAdmissionPolicyBindingTest.java","39","79","40","47"
"idDeserial",,"warning","Deserialization method called: com.fasterxml.jackson.databind.ObjectMapper.readValue","/kubernetes-model-generator/kubernetes-model-admissionregistration/src/test/java/io/fabric8/kubernetes/api/model/admissionregistration/v1alpha1/ValidatingAdmissionPolicyTest.java","38","65","38","127"
"idDeserial",,"warning","Deserialization method called: com.fasterxml.jackson.databind.ObjectMapper.readValue","/kubernetes-model-generator/kubernetes-model-admissionregistration/src/test/java/io/fabric8/kubernetes/api/model/admissionregistration/v1beta1/ValidatingAdmissionPolicyBindingTest.java","39","79","40","47"
"idDeserial",,"warning","Deserialization method called: com.fasterxml.jackson.databind.ObjectMapper.readValue","/kubernetes-model-generator/kubernetes-model-admissionregistration/src/test/java/io/fabric8/kubernetes/api/model/admissionregistration/v1beta1/ValidatingAdmissionPolicyTest.java","38","65","38","127"
"idDeserial",,"warning","Deserialization method called: com.fasterxml.jackson.databind.ObjectMapper.readValue","/kubernetes-model-generator/kubernetes-model-admissionregistration/src/test/java/io/fabric8/kubernetes/api/model/authentication/SelfSubjectReviewTest.java","44","49","44","103"
"idDeserial",,"warning","Deserialization method called: com.fasterxml.jackson.databind.ObjectMapper.readValue","/kubernetes-model-generator/kubernetes-model-admissionregistration/src/test/java/io/fabric8/kubernetes/api/model/authentication/TokenRequestTest.java","38","39","38","88"
"idDeserial",,"warning","Deserialization method called: com.fasterxml.jackson.databind.ObjectMapper.readValue","/kubernetes-model-generator/kubernetes-model-admissionregistration/src/test/java/io/fabric8/kubernetes/api/model/authentication/v1beta1/SelfSubjectReviewTest.java","44","49","44","103"
"idDeserial",,"warning","Deserialization method called: com.fasterxml.jackson.databind.ObjectMapper.readValue","/kubernetes-model-generator/kubernetes-model-apiextensions/src/test/java/io/fabric8/kubernetes/api/model/apiextensions/v1/ConversionReviewTest.java","37","47","37","106"
"idDeserial",,"warning","Deserialization method called: com.fasterxml.jackson.databind.ObjectMapper.readValue","/kubernetes-model-generator/kubernetes-model-apiextensions/src/test/java/io/fabric8/kubernetes/api/model/apiextensions/v1/CustomResourceDefinitionTest.java","74","63","75","39"
"idDeserial",,"warning","Deserialization method called: com.fasterxml.jackson.databind.ObjectMapper.readValue","/kubernetes-model-generator/kubernetes-model-apiextensions/src/test/java/io/fabric8/kubernetes/api/model/apiextensions/v1/CustomResourceDefinitionTest.java","89","39","89","104"
"idDeserial",,"warning","Deserialization method called: com.fasterxml.jackson.databind.ObjectMapper.readValue","/kubernetes-model-generator/kubernetes-model-apiextensions/src/test/java/io/fabric8/kubernetes/api/model/apiextensions/v1/CustomResourceDefinitionTest.java","106","39","106","104"
"idDeserial",,"warning","Deserialization method called: com.fasterxml.jackson.databind.ObjectMapper.readValue","/kubernetes-model-generator/kubernetes-model-apiextensions/src/test/java/io/fabric8/kubernetes/api/model/apiextensions/v1/CustomResourceDefinitionTest.java","123","39","123","104"
"idDeserial",,"warning","Deserialization method called: com.fasterxml.jackson.databind.ObjectMapper.readValue","/kubernetes-model-generator/kubernetes-model-apiextensions/src/test/java/io/fabric8/kubernetes/api/model/apiextensions/v1/JSONSchemaPropsOrArrayTest.java","34","29","34","97"
"idDeserial",,"warning","Deserialization method called: com.fasterxml.jackson.databind.ObjectMapper.readValue","/kubernetes-model-generator/kubernetes-model-apiextensions/src/test/java/io/fabric8/kubernetes/api/model/apiextensions/v1/JSONSchemaPropsOrArrayTest.java","68","29","68","97"
"idDeserial",,"warning","Deserialization method called: com.fasterxml.jackson.databind.ObjectMapper.readValue","/kubernetes-model-generator/kubernetes-model-apiextensions/src/test/java/io/fabric8/kubernetes/api/model/apiextensions/v1/JSONSchemaPropsOrBoolTest.java","35","29","35","97"
"idDeserial",,"warning","Deserialization method called: com.fasterxml.jackson.databind.ObjectMapper.readValue","/kubernetes-model-generator/kubernetes-model-apiextensions/src/test/java/io/fabric8/kubernetes/api/model/apiextensions/v1/JSONSchemaPropsOrBoolTest.java","65","29","65","97"
"idDeserial",,"warning","Deserialization method called: com.fasterxml.jackson.databind.ObjectMapper.readValue","/kubernetes-model-generator/kubernetes-model-apiextensions/src/test/java/io/fabric8/kubernetes/api/model/apiextensions/v1/JSONSchemaPropsOrStringArrayTest.java","34","29","34","97"
"idDeserial",,"warning","Deserialization method called: com.fasterxml.jackson.databind.ObjectMapper.readValue","/kubernetes-model-generator/kubernetes-model-apiextensions/src/test/java/io/fabric8/kubernetes/api/model/apiextensions/v1/JSONSchemaPropsOrStringArrayTest.java","68","29","68","97"
"idDeserial",,"warning","Deserialization method called: com.fasterxml.jackson.databind.ObjectMapper.readValue","/kubernetes-model-generator/kubernetes-model-apiextensions/src/test/java/io/fabric8/kubernetes/api/model/apiextensions/v1beta1/CustomResourceDefinitionTest.java","73","63","74","39"
"idDeserial",,"warning","Deserialization method called: com.fasterxml.jackson.databind.ObjectMapper.readValue","/kubernetes-model-generator/kubernetes-model-apiextensions/src/test/java/io/fabric8/kubernetes/api/model/apiextensions/v1beta1/CustomResourceDefinitionTest.java","88","39","88","104"
"idDeserial",,"warning","Deserialization method called: com.fasterxml.jackson.databind.ObjectMapper.readValue","/kubernetes-model-generator/kubernetes-model-apiextensions/src/test/java/io/fabric8/kubernetes/api/model/apiextensions/v1beta1/CustomResourceDefinitionTest.java","105","39","105","104"
"idDeserial",,"warning","Deserialization method called: com.fasterxml.jackson.databind.ObjectMapper.readValue","/kubernetes-model-generator/kubernetes-model-apiextensions/src/test/java/io/fabric8/kubernetes/api/model/apiextensions/v1beta1/JSONSchemaPropsOrArrayTest.java","34","29","34","97"
"idDeserial",,"warning","Deserialization method called: com.fasterxml.jackson.databind.ObjectMapper.readValue","/kubernetes-model-generator/kubernetes-model-apiextensions/src/test/java/io/fabric8/kubernetes/api/model/apiextensions/v1beta1/JSONSchemaPropsOrArrayTest.java","68","29","68","97"
"idDeserial",,"warning","Deserialization method called: com.fasterxml.jackson.databind.ObjectMapper.readValue","/kubernetes-model-generator/kubernetes-model-apiextensions/src/test/java/io/fabric8/kubernetes/api/model/apiextensions/v1beta1/JSONSchemaPropsOrBoolTest.java","35","29","35","97"
"idDeserial",,"warning","Deserialization method called: com.fasterxml.jackson.databind.ObjectMapper.readValue","/kubernetes-model-generator/kubernetes-model-apiextensions/src/test/java/io/fabric8/kubernetes/api/model/apiextensions/v1beta1/JSONSchemaPropsOrBoolTest.java","65","29","65","97"
"idDeserial",,"warning","Deserialization method called: com.fasterxml.jackson.databind.ObjectMapper.readValue","/kubernetes-model-generator/kubernetes-model-apiextensions/src/test/java/io/fabric8/kubernetes/api/model/apiextensions/v1beta1/JSONSchemaPropsOrStringArrayTest.java","34","29","34","97"
"idDeserial",,"warning","Deserialization method called: com.fasterxml.jackson.databind.ObjectMapper.readValue","/kubernetes-model-generator/kubernetes-model-apiextensions/src/test/java/io/fabric8/kubernetes/api/model/apiextensions/v1beta1/JSONSchemaPropsOrStringArrayTest.java","68","29","68","97"
"idDeserial",,"warning","Deserialization method called: com.fasterxml.jackson.databind.ObjectMapper.readValue","/kubernetes-model-generator/kubernetes-model-apps/src/test/java/io/fabric8/kubernetes/api/model/apps/DeploymentTest.java","49","35","49","82"
"idDeserial",,"warning","Deserialization method called: com.fasterxml.jackson.databind.ObjectMapper.readValue","/kubernetes-model-generator/kubernetes-model-certificates/src/test/java/io/fabric8/kubernetes/api/model/certificates/v1alpha1/ClusterTrustBundleTest.java","43","51","43","106"
"idDeserial",,"warning","Deserialization method called: com.fasterxml.jackson.databind.ObjectMapper.readValue","/kubernetes-model-generator/kubernetes-model-common/src/test/java/io/fabric8/kubernetes/model/jackson/JsonUnwrappedDeserializerTest.java","51","32","55","31"
"idDeserial",,"warning","Deserialization method called: com.fasterxml.jackson.databind.ObjectMapper.readValue","/kubernetes-model-generator/kubernetes-model-common/src/test/java/io/fabric8/kubernetes/model/jackson/JsonUnwrappedDeserializerTest.java","74","32","76","31"
"idDeserial",,"warning","Deserialization method called: com.fasterxml.jackson.databind.ObjectMapper.readValue","/kubernetes-model-generator/kubernetes-model-common/src/test/java/io/fabric8/kubernetes/model/jackson/JsonUnwrappedDeserializerTest.java","88","44","92","43"
"idDeserial",,"warning","Deserialization method called: com.fasterxml.jackson.databind.ObjectMapper.readValue","/kubernetes-model-generator/kubernetes-model-common/src/test/java/io/fabric8/kubernetes/model/jackson/JsonUnwrappedDeserializerTest.java","102","48","106","47"
"idDeserial",,"warning","Deserialization method called: com.fasterxml.jackson.databind.ObjectMapper.readValue","/kubernetes-model-generator/kubernetes-model-common/src/test/java/io/fabric8/kubernetes/model/jackson/JsonUnwrappedDeserializerTest.java","116","61","120","60"
"idDeserial",,"warning","Deserialization method called: com.fasterxml.jackson.databind.ObjectMapper.readValue","/kubernetes-model-generator/kubernetes-model-common/src/test/java/io/fabric8/kubernetes/model/jackson/UnmatchedFieldTypeModuleTest.java","65","41","65","96"
"idDeserial",,"warning","Deserialization method called: com.fasterxml.jackson.databind.ObjectMapper.readValue","/kubernetes-model-generator/kubernetes-model-common/src/test/java/io/fabric8/kubernetes/model/jackson/UnmatchedFieldTypeModuleTest.java","84","41","84","96"
"idDeserial",,"warning","Deserialization method called: com.fasterxml.jackson.databind.ObjectMapper.readValue","/kubernetes-model-generator/kubernetes-model-common/src/test/java/io/fabric8/kubernetes/model/jackson/UnmatchedFieldTypeModuleTest.java","105","41","105","96"
"idDeserial",,"warning","Deserialization method called: com.fasterxml.jackson.databind.ObjectMapper.readValue","/kubernetes-model-generator/kubernetes-model-common/src/test/java/io/fabric8/kubernetes/model/jackson/UnmatchedFieldTypeModuleTest.java","123","15","123","57"
"idDeserial",,"warning","Deserialization method called: com.fasterxml.jackson.databind.ObjectMapper.readValue","/kubernetes-model-generator/kubernetes-model-common/src/test/java/io/fabric8/kubernetes/model/jackson/UnmatchedFieldTypeModuleTest.java","140","15","140","70"
"idDeserial",,"warning","Deserialization method called: com.fasterxml.jackson.databind.ObjectMapper.readValue","/kubernetes-model-generator/kubernetes-model-core/src/test/java/io/fabric8/kubernetes/api/model/ConfigMapTest.java","40","33","40","79"
"idDeserial",,"warning","Deserialization method called: com.fasterxml.jackson.databind.ObjectMapper.readValue","/kubernetes-model-generator/kubernetes-model-core/src/test/java/io/fabric8/kubernetes/api/model/EventTest.java","37","25","37","67"
"idDeserial",,"warning","Deserialization method called: com.fasterxml.jackson.databind.ObjectMapper.readValue","/kubernetes-model-generator/kubernetes-model-core/src/test/java/io/fabric8/kubernetes/api/model/GenericKubernetesResourceListTest.java","66","50","66","114"
"idDeserial",,"warning","Deserialization method called: com.fasterxml.jackson.databind.ObjectMapper.readValue","/kubernetes-model-generator/kubernetes-model-core/src/test/java/io/fabric8/kubernetes/api/model/GenericKubernetesResourceTest.java","45","46","46","71"
"idDeserial",,"warning","Deserialization method called: com.fasterxml.jackson.databind.ObjectMapper.readValue","/kubernetes-model-generator/kubernetes-model-core/src/test/java/io/fabric8/kubernetes/api/model/GenericKubernetesResourceTest.java","55","33","55","96"
"idDeserial",,"warning","Deserialization method called: com.fasterxml.jackson.databind.ObjectMapper.readValue","/kubernetes-model-generator/kubernetes-model-core/src/test/java/io/fabric8/kubernetes/api/model/GenericKubernetesResourceTest.java","57","46","58","76"
"idDeserial",,"warning","Deserialization method called: com.fasterxml.jackson.databind.ObjectMapper.readValue","/kubernetes-model-generator/kubernetes-model-core/src/test/java/io/fabric8/kubernetes/api/model/GenericKubernetesResourceTest.java","70","46","71","81"
"idDeserial",,"warning","Deserialization method called: com.fasterxml.jackson.databind.ObjectMapper.readValue","/kubernetes-model-generator/kubernetes-model-core/src/test/java/io/fabric8/kubernetes/api/model/GenericKubernetesResourceTest.java","343","46","344","92"
"idDeserial",,"warning","Deserialization method called: com.fasterxml.jackson.databind.ObjectMapper.readValue","/kubernetes-model-generator/kubernetes-model-core/src/test/java/io/fabric8/kubernetes/api/model/GenericKubernetesResourceTest.java","362","46","363","92"
"idDeserial",,"warning","Deserialization method called: com.fasterxml.jackson.databind.ObjectMapper.readValue","/kubernetes-model-generator/kubernetes-model-core/src/test/java/io/fabric8/kubernetes/api/model/IntOrStringTest.java","34","23","34","63"
"idDeserial",,"warning","Deserialization method called: com.fasterxml.jackson.databind.ObjectMapper.readValue","/kubernetes-model-generator/kubernetes-model-core/src/test/java/io/fabric8/kubernetes/api/model/IntOrStringTest.java","39","11","39","51"
"idDeserial",,"warning","Deserialization method called: com.fasterxml.jackson.databind.ObjectMapper.readValue","/kubernetes-model-generator/kubernetes-model-core/src/test/java/io/fabric8/kubernetes/api/model/MicroTimeTest.java","59","39","59","84"
"idDeserial",,"warning","Deserialization method called: com.fasterxml.jackson.databind.ObjectMapper.readValue","/kubernetes-model-generator/kubernetes-model-core/src/test/java/io/fabric8/kubernetes/api/model/QuantityTest.java","42","32","42","101"
"idDeserial",,"warning","Deserialization method called: com.fasterxml.jackson.databind.ObjectMapper.readValue","/kubernetes-model-generator/kubernetes-model-core/src/test/java/io/fabric8/kubernetes/api/model/QuantityTest.java","72","23","72","70"
"idDeserial",,"warning","Deserialization method called: com.fasterxml.jackson.databind.ObjectMapper.readValue","/kubernetes-model-generator/kubernetes-model-core/src/test/java/io/fabric8/kubernetes/api/model/SecretTest.java","40","27","40","70"
"idDeserial",,"warning","Deserialization method called: com.fasterxml.jackson.databind.ObjectMapper.readValue","/kubernetes-model-generator/kubernetes-model-core/src/test/java/io/fabric8/kubernetes/api/model/ServiceTest.java","38","29","38","73"
"idDeserial",,"warning","Deserialization method called: com.fasterxml.jackson.databind.ObjectMapper.readValue","/kubernetes-model-generator/kubernetes-model-discovery/src/test/java/io/fabric8/kubernetes/api/model/discovery/v1beta1/EndpointSliceTest.java","37","41","37","91"
"idDeserial",,"warning","Deserialization method called: com.fasterxml.jackson.databind.ObjectMapper.readValue","/kubernetes-model-generator/kubernetes-model-flowcontrol/src/test/java/io/fabric8/kubernetes/api/model/flowcontrol/v1/FlowSchemaTest.java","45","35","45","82"
"idDeserial",,"warning","Deserialization method called: com.fasterxml.jackson.databind.ObjectMapper.readValue","/kubernetes-model-generator/kubernetes-model-flowcontrol/src/test/java/io/fabric8/kubernetes/api/model/flowcontrol/v1/PriorityLevelConfigurationTest.java","43","67","44","41"
"idDeserial",,"warning","Deserialization method called: com.fasterxml.jackson.databind.ObjectMapper.readValue","/kubernetes-model-generator/kubernetes-model-flowcontrol/src/test/java/io/fabric8/kubernetes/api/model/internal/apiserver/v1alpha1/StorageVersionTest.java","45","43","45","94"
"idDeserial",,"warning","Deserialization method called: com.fasterxml.jackson.databind.ObjectMapper.readValue","/kubernetes-model-generator/kubernetes-model-gatewayapi/src/test/java/io/fabric8/kubernetes/api/model/gatewayapi/v1/GatewayClassTest.java","43","39","43","88"
"idDeserial",,"warning","Deserialization method called: com.fasterxml.jackson.databind.ObjectMapper.readValue","/kubernetes-model-generator/kubernetes-model-gatewayapi/src/test/java/io/fabric8/kubernetes/api/model/gatewayapi/v1/GatewayTest.java","44","29","44","73"
"idDeserial",,"warning","Deserialization method called: com.fasterxml.jackson.databind.ObjectMapper.readValue","/kubernetes-model-generator/kubernetes-model-gatewayapi/src/test/java/io/fabric8/kubernetes/api/model/gatewayapi/v1/HttpRouteTest.java","38","33","38","79"
"idDeserial",,"warning","Deserialization method called: com.fasterxml.jackson.databind.ObjectMapper.readValue","/kubernetes-model-generator/kubernetes-model-gatewayapi/src/test/java/io/fabric8/kubernetes/api/model/gatewayapi/v1beta1/GatewayTest.java","40","29","40","73"
"idDeserial",,"warning","Deserialization method called: com.fasterxml.jackson.databind.ObjectMapper.readValue","/kubernetes-model-generator/kubernetes-model-gatewayapi/src/test/java/io/fabric8/kubernetes/api/model/gatewayapi/v1beta1/HTTPRouteTest.java","40","33","40","79"
"idDeserial",,"warning","Deserialization method called: com.fasterxml.jackson.databind.ObjectMapper.readValue","/kubernetes-model-generator/kubernetes-model-kustomize/src/test/java/io/fabric8/kubernetes/api/model/kustomize/v1beta1/TestDeserialization.java","30","41","31","28"
"idDeserial",,"warning","Deserialization method called: com.fasterxml.jackson.databind.ObjectMapper.readValue","/kubernetes-model-generator/kubernetes-model-metrics/src/test/java/io/fabric8/kubernetes/api/model/metrics/v1beta1/NodeMetricsTest.java","47","37","47","85"
"idDeserial",,"warning","Deserialization method called: com.fasterxml.jackson.databind.ObjectMapper.readValue","/kubernetes-model-generator/kubernetes-model-metrics/src/test/java/io/fabric8/kubernetes/api/model/metrics/v1beta1/NodeMetricsTest.java","49","55","49","105"
"idDeserial",,"warning","Deserialization method called: com.fasterxml.jackson.databind.ObjectMapper.readValue","/kubernetes-model-generator/kubernetes-model-networking/src/test/java/io/fabric8/kubernetes/api/model/networking/v1alpha1/IPAddressTest.java","43","33","43","79"
"idDeserial",,"warning","Deserialization method called: com.fasterxml.jackson.databind.ObjectMapper.readValue","/kubernetes-model-generator/kubernetes-model-networking/src/test/java/io/fabric8/kubernetes/api/model/networking/v1alpha1/ServiceCIDRTest.java","44","37","44","85"
"idDeserial",,"warning","Deserialization method called: com.fasterxml.jackson.databind.ObjectMapper.readValue","/kubernetes-model-generator/kubernetes-model-policy/src/test/java/io/fabric8/kubernetes/api/model/policy/v1beta1/PodSecurityPolicyTest.java","46","49","46","103"
"idDeserial",,"warning","Deserialization method called: com.fasterxml.jackson.databind.ObjectMapper.readValue","/kubernetes-model-generator/kubernetes-model-rbac/src/test/java/io/fabric8/kubernetes/api/model/rbac/RoleBindingTest.java","37","47","37","95"
"idDeserial",,"warning","Deserialization method called: com.fasterxml.jackson.databind.ObjectMapper.readValue","/kubernetes-model-generator/kubernetes-model-rbac/src/test/java/io/fabric8/kubernetes/api/model/rbac/RoleTest.java","37","33","37","74"
"idDeserial",,"warning","Deserialization method called: com.fasterxml.jackson.databind.ObjectMapper.readValue","/kubernetes-model-generator/kubernetes-model-resource/src/test/java/io/fabric8/kubernetes/api/model/resource/v1alpha2/PodSchedulingContextTest.java","38","55","38","112"
"idDeserial",,"warning","Deserialization method called: com.fasterxml.jackson.databind.ObjectMapper.readValue","/kubernetes-model-generator/kubernetes-model-resource/src/test/java/io/fabric8/kubernetes/api/model/resource/v1alpha2/ResourceClaimParametersTest.java","50","61","50","121"
"idDeserial",,"warning","Deserialization method called: com.fasterxml.jackson.databind.ObjectMapper.readValue","/kubernetes-model-generator/kubernetes-model-resource/src/test/java/io/fabric8/kubernetes/api/model/resource/v1alpha2/ResourceClaimTemplateTest.java","37","57","37","115"
"idDeserial",,"warning","Deserialization method called: com.fasterxml.jackson.databind.ObjectMapper.readValue","/kubernetes-model-generator/kubernetes-model-resource/src/test/java/io/fabric8/kubernetes/api/model/resource/v1alpha2/ResourceClaimTest.java","37","41","37","91"
"idDeserial",,"warning","Deserialization method called: com.fasterxml.jackson.databind.ObjectMapper.readValue","/kubernetes-model-generator/kubernetes-model-resource/src/test/java/io/fabric8/kubernetes/api/model/resource/v1alpha2/ResourceClassParametersTest.java","50","61","50","121"
"idDeserial",,"warning","Deserialization method called: com.fasterxml.jackson.databind.ObjectMapper.readValue","/kubernetes-model-generator/kubernetes-model-resource/src/test/java/io/fabric8/kubernetes/api/model/resource/v1alpha2/ResourceClassTest.java","41","41","41","91"
"idDeserial",,"warning","Deserialization method called: com.fasterxml.jackson.databind.ObjectMapper.readValue","/kubernetes-model-generator/kubernetes-model-resource/src/test/java/io/fabric8/kubernetes/api/model/resource/v1alpha2/ResourceSliceTest.java","50","41","50","91"
"idDeserial",,"warning","Deserialization method called: com.fasterxml.jackson.databind.ObjectMapper.readValue","/kubernetes-model-generator/kubernetes-model-storageclass/src/test/java/io/fabric8/kubernetes/api/model/storage/v1alpha1/VolumeAttributesClassTest.java","43","57","43","115"
"idDeserial",,"warning","Deserialization method called: com.fasterxml.jackson.databind.ObjectMapper.readValue","/kubernetes-model-generator/kubernetes-model-storageclass/src/test/java/io/fabric8/kubernetes/api/model/storagemigration/v1alpha1/StorageVersionMigrationTest.java","48","59","48","119"
"idDeserial",,"warning","Deserialization method called: com.fasterxml.jackson.databind.ObjectMapper.readValue","/kubernetes-model-generator/openshift-model/src/test/java/io/fabric8/kubernetes/api/model/BuildConfigTest.java","56","37","56","85"
"idDeserial",,"warning","Deserialization method called: com.fasterxml.jackson.databind.ObjectMapper.readValue","/kubernetes-model-generator/openshift-model/src/test/java/io/fabric8/kubernetes/api/model/ImageStreamImportTest.java","40","49","40","103"
"idDeserial",,"warning","Deserialization method called: com.fasterxml.jackson.databind.ObjectMapper.readValue","/kubernetes-model-generator/openshift-model/src/test/java/io/fabric8/kubernetes/api/model/ImageStreamTagTest.java","45","32","45","83"
"idDeserial",,"warning","Deserialization method called: com.fasterxml.jackson.databind.ObjectMapper.readValue","/kubernetes-model-generator/openshift-model/src/test/java/io/fabric8/kubernetes/api/model/RouteTest.java","41","25","41","67"
"idDeserial",,"warning","Deserialization method called: com.fasterxml.jackson.databind.ObjectMapper.readValue","/kubernetes-model-generator/openshift-model/src/test/java/io/fabric8/openshift/api/model/DeploymentConfigRollbackTest.java","41","63","42","39"
"idDeserial",,"warning","Deserialization method called: com.fasterxml.jackson.databind.ObjectMapper.readValue","/kubernetes-model-generator/openshift-model/src/test/java/io/fabric8/openshift/api/model/DeploymentConfigRollbackTest.java","54","47","56","39"
"idDeserial",,"warning","Deserialization method called: com.fasterxml.jackson.databind.ObjectMapper.readValue","/kubernetes-model-generator/openshift-model/src/test/java/io/fabric8/openshift/api/model/ProjectHelmChartRepositoryTest.java","43","67","44","41"
"idDeserial",,"warning","Deserialization method called: com.fasterxml.jackson.databind.ObjectMapper.readValue","/kubernetes-model-generator/openshift-model-config/src/test/java/io/fabric8/openshift/api/model/config/v1/ImageDigestMirrorSetTest.java","45","55","45","112"
"idDeserial",,"warning","Deserialization method called: com.fasterxml.jackson.databind.ObjectMapper.readValue","/kubernetes-model-generator/openshift-model-config/src/test/java/io/fabric8/openshift/api/model/config/v1/ImageTagMirrorSetTest.java","45","49","45","103"
"idDeserial",,"warning","Deserialization method called: com.fasterxml.jackson.databind.ObjectMapper.readValue","/kubernetes-model-generator/openshift-model-hive/src/test/java/io/fabric8/openshift/api/model/hive/v1/ClusterClaimTest.java","39","39","39","88"
"idDeserial",,"warning","Deserialization method called: com.fasterxml.jackson.databind.ObjectMapper.readValue","/kubernetes-model-generator/openshift-model-hive/src/test/java/io/fabric8/openshift/api/model/hive/v1/ClusterClaimTest.java","41","57","41","108"
"idDeserial",,"warning","Deserialization method called: com.fasterxml.jackson.databind.ObjectMapper.readValue","/kubernetes-model-generator/openshift-model-hive/src/test/java/io/fabric8/openshift/api/model/hive/v1/ClusterDeploymentTest.java","38","49","38","103"
"idDeserial",,"warning","Deserialization method called: com.fasterxml.jackson.databind.ObjectMapper.readValue","/kubernetes-model-generator/openshift-model-hive/src/test/java/io/fabric8/openshift/api/model/hive/v1/ClusterDeploymentTest.java","40","67","40","123"
"idDeserial",,"warning","Deserialization method called: com.fasterxml.jackson.databind.ObjectMapper.readValue","/kubernetes-model-generator/openshift-model-hive/src/test/java/io/fabric8/openshift/api/model/hive/v1/ClusterDeprovisionTest.java","37","51","37","106"
"idDeserial",,"warning","Deserialization method called: com.fasterxml.jackson.databind.ObjectMapper.readValue","/kubernetes-model-generator/openshift-model-hive/src/test/java/io/fabric8/openshift/api/model/hive/v1/ClusterDeprovisionTest.java","39","69","39","126"
"idDeserial",,"warning","Deserialization method called: com.fasterxml.jackson.databind.ObjectMapper.readValue","/kubernetes-model-generator/openshift-model-hive/src/test/java/io/fabric8/openshift/api/model/hive/v1/ClusterImageSetTest.java","37","45","37","97"
"idDeserial",,"warning","Deserialization method called: com.fasterxml.jackson.databind.ObjectMapper.readValue","/kubernetes-model-generator/openshift-model-hive/src/test/java/io/fabric8/openshift/api/model/hive/v1/ClusterImageSetTest.java","39","63","39","117"
"idDeserial",,"warning","Deserialization method called: com.fasterxml.jackson.databind.ObjectMapper.readValue","/kubernetes-model-generator/openshift-model-hive/src/test/java/io/fabric8/openshift/api/model/hive/v1/ClusterPoolTest.java","37","37","37","85"
"idDeserial",,"warning","Deserialization method called: com.fasterxml.jackson.databind.ObjectMapper.readValue","/kubernetes-model-generator/openshift-model-hive/src/test/java/io/fabric8/openshift/api/model/hive/v1/ClusterPoolTest.java","39","55","39","105"
"idDeserial",,"warning","Deserialization method called: com.fasterxml.jackson.databind.ObjectMapper.readValue","/kubernetes-model-generator/openshift-model-hive/src/test/java/io/fabric8/openshift/api/model/hive/v1/ClusterRelocateTest.java","38","45","38","97"
"idDeserial",,"warning","Deserialization method called: com.fasterxml.jackson.databind.ObjectMapper.readValue","/kubernetes-model-generator/openshift-model-hive/src/test/java/io/fabric8/openshift/api/model/hive/v1/ClusterRelocateTest.java","40","63","40","117"
"idDeserial",,"warning","Deserialization method called: com.fasterxml.jackson.databind.ObjectMapper.readValue","/kubernetes-model-generator/openshift-model-hive/src/test/java/io/fabric8/openshift/api/model/hive/v1/DNSZoneTest.java","38","29","38","73"
"idDeserial",,"warning","Deserialization method called: com.fasterxml.jackson.databind.ObjectMapper.readValue","/kubernetes-model-generator/openshift-model-hive/src/test/java/io/fabric8/openshift/api/model/hive/v1/DNSZoneTest.java","40","47","40","93"
"idDeserial",,"warning","Deserialization method called: com.fasterxml.jackson.databind.ObjectMapper.readValue","/kubernetes-model-generator/openshift-model-hive/src/test/java/io/fabric8/openshift/api/model/hive/v1/HiveConfigTest.java","38","35","38","82"
"idDeserial",,"warning","Deserialization method called: com.fasterxml.jackson.databind.ObjectMapper.readValue","/kubernetes-model-generator/openshift-model-hive/src/test/java/io/fabric8/openshift/api/model/hive/v1/HiveConfigTest.java","40","53","40","102"
"idDeserial",,"warning","Deserialization method called: com.fasterxml.jackson.databind.ObjectMapper.readValue","/kubernetes-model-generator/openshift-model-hive/src/test/java/io/fabric8/openshift/api/model/hive/v1/MachinePoolTest.java","37","37","37","85"
"idDeserial",,"warning","Deserialization method called: com.fasterxml.jackson.databind.ObjectMapper.readValue","/kubernetes-model-generator/openshift-model-hive/src/test/java/io/fabric8/openshift/api/model/hive/v1/MachinePoolTest.java","39","55","39","105"
"idDeserial",,"warning","Deserialization method called: com.fasterxml.jackson.databind.ObjectMapper.readValue","/kubernetes-model-generator/openshift-model-hive/src/test/java/io/fabric8/openshift/api/model/hive/v1/SelectorSyncIdentityProviderTest.java","39","71","40","43"
"idDeserial",,"warning","Deserialization method called: com.fasterxml.jackson.databind.ObjectMapper.readValue","/kubernetes-model-generator/openshift-model-hive/src/test/java/io/fabric8/openshift/api/model/hive/v1/SelectorSyncIdentityProviderTest.java","42","89","43","43"
"idDeserial",,"warning","Deserialization method called: com.fasterxml.jackson.databind.ObjectMapper.readValue","/kubernetes-model-generator/openshift-model-hive/src/test/java/io/fabric8/openshift/api/model/hive/v1/SelectorSyncSetTest.java","41","45","41","97"
"idDeserial",,"warning","Deserialization method called: com.fasterxml.jackson.databind.ObjectMapper.readValue","/kubernetes-model-generator/openshift-model-hive/src/test/java/io/fabric8/openshift/api/model/hive/v1/SelectorSyncSetTest.java","43","63","43","117"
"idDeserial",,"warning","Deserialization method called: com.fasterxml.jackson.databind.ObjectMapper.readValue","/kubernetes-model-generator/openshift-model-hive/src/test/java/io/fabric8/openshift/api/model/hive/v1/SyncIdentityProviderTest.java","39","55","39","112"
"idDeserial",,"warning","Deserialization method called: com.fasterxml.jackson.databind.ObjectMapper.readValue","/kubernetes-model-generator/openshift-model-hive/src/test/java/io/fabric8/openshift/api/model/hive/v1/SyncIdentityProviderTest.java","41","73","42","35"
"idDeserial",,"warning","Deserialization method called: com.fasterxml.jackson.databind.ObjectMapper.readValue","/kubernetes-model-generator/openshift-model-hive/src/test/java/io/fabric8/openshift/api/model/hive/v1/SyncSetTest.java","37","29","37","73"
"idDeserial",,"warning","Deserialization method called: com.fasterxml.jackson.databind.ObjectMapper.readValue","/kubernetes-model-generator/openshift-model-hive/src/test/java/io/fabric8/openshift/api/model/hive/v1/SyncSetTest.java","39","47","39","93"
"idDeserial",,"warning","Deserialization method called: com.fasterxml.jackson.databind.ObjectMapper.readValue","/kubernetes-model-generator/openshift-model-installer/src/test/java/io/fabric8/openshift/api/model/installer/v1/InstallConfigTest.java","37","41","37","91"
"idDeserial",,"warning","Deserialization method called: com.fasterxml.jackson.databind.ObjectMapper.readValue","/kubernetes-model-generator/openshift-model-installer/src/test/java/io/fabric8/openshift/api/model/installer/v1/InstallConfigTest.java","39","59","39","111"
"idDeserial",,"warning","Deserialization method called: com.fasterxml.jackson.databind.ObjectMapper.readValue","/kubernetes-model-generator/openshift-model-machine/src/test/java/io/fabric8/openshift/api/model/machine/v1/ControlPlaneMachineSetTest.java","48","59","48","118"
"idDeserial",,"warning","Deserialization method called: com.fasterxml.jackson.databind.ObjectMapper.readValue","/kubernetes-model-generator/openshift-model-miscellaneous/src/test/java/io/fabric8/openshift/api/model/miscellaneous/apiserver/v1/APIRequestCountTest.java","38","45","38","97"
"idDeserial",,"warning","Deserialization method called: com.fasterxml.jackson.databind.ObjectMapper.readValue","/kubernetes-model-generator/openshift-model-miscellaneous/src/test/java/io/fabric8/openshift/api/model/miscellaneous/apiserver/v1/APIRequestCountTest.java","40","63","40","117"
"idDeserial",,"warning","Deserialization method called: com.fasterxml.jackson.databind.ObjectMapper.readValue","/kubernetes-model-generator/openshift-model-miscellaneous/src/test/java/io/fabric8/openshift/api/model/miscellaneous/metal3/v1beta1/Metal3RemediationTemplateTest.java","45","65","45","127"
"idDeserial",,"warning","Deserialization method called: com.fasterxml.jackson.databind.ObjectMapper.readValue","/kubernetes-model-generator/openshift-model-miscellaneous/src/test/java/io/fabric8/openshift/api/model/miscellaneous/metal3/v1beta1/Metal3RemediationTest.java","45","49","45","103"
"idDeserial",,"warning","Deserialization method called: com.fasterxml.jackson.databind.ObjectMapper.readValue","/kubernetes-model-generator/openshift-model-miscellaneous/src/test/java/io/fabric8/openshift/api/model/miscellaneous/network/operator/v1/EgressRouterTest.java","42","39","42","88"
"idDeserial",,"warning","Deserialization method called: com.fasterxml.jackson.databind.ObjectMapper.readValue","/kubernetes-model-generator/openshift-model-operatorhub/src/test/java/io/fabric8/openshift/api/model/operatorhub/v1/OLMConfigTest.java","43","33","43","79"
"idDeserial",,"warning","Deserialization method called: com.fasterxml.jackson.databind.ObjectMapper.readValue","/kubernetes-tests/src/test/java/io/fabric8/kubernetes/client/mock/CustomResourceDefinitionTest.java","136","45","136","93"
"idDeserial",,"warning","Deserialization method called: com.fasterxml.jackson.databind.ObjectMapper.readValue","/kubernetes-tests/src/test/java/io/fabric8/kubernetes/client/mock/V1CustomResourceDefinitionTest.java","134","12","134","60"
"idDeserial",,"warning","Deserialization method called: com.fasterxml.jackson.databind.ObjectMapper.readValue","/kubernetes-tests/src/test/java/io/fabric8/openshift/client/server/mock/MachineTest.java","87","47","88","95"
"idDeserial",,"warning","Deserialization method called: com.fasterxml.jackson.databind.ObjectMapper.readValue","/log4j/src/test/java/io/fabric8/kubernetes/log4j/lookup/KubernetesLookupTest.java","60","21","60","111"
"idDeserial",,"warning","Deserialization method called: com.fasterxml.jackson.databind.ObjectMapper.readValue","/log4j/src/test/java/io/fabric8/kubernetes/log4j/lookup/KubernetesLookupTest.java","87","21","87","113"
