"idDeserial",,"warning","Deserialization method called: com.fasterxml.jackson.databind.ObjectMapper.readValue","/findsecbugs-samples-java/src/test/java/testcode/serial/JacksonSerialisationFalsePositive.java","17","22","17","84"
"idDeserial",,"warning","Deserialization method called: com.fasterxml.jackson.databind.ObjectMapper.readValue","/findsecbugs-samples-java/src/test/java/testcode/serial/JacksonSerialisationFalsePositive.java","22","22","22","55"
"idDeserial",,"warning","Deserialization method called: java.io.ObjectInputStream.readObject","/findsecbugs-samples-java/src/test/java/testcode/serial/ObjectDeserialization.java","14","33","14","47"
"idDeserial",,"warning","Deserialization method called: java.io.ObjectInputStream.readObject","/findsecbugs-samples-java/src/test/java/testcode/serial/ObjectDeserialization.java","24","33","24","47"
"idDeserial",,"warning","Deserialization method called: java.io.ObjectInputStream.readObject","/findsecbugs-samples-java/src/test/java/testcode/serial/ObjectDeserializationFalsePositive1.java","19","18","19","41"
"idDeserial",,"warning","Deserialization method called: java.io.ObjectInputStream.readObject","/findsecbugs-samples-java/src/test/java/testcode/serial/ObjectInputSig.java","27","28","27","45"
"idDeserial",,"warning","Deserialization method called: com.fasterxml.jackson.databind.ObjectMapper.readValue","/findsecbugs-samples-java/src/test/java/testcode/serial/UnsafeJacksonObjectDeserialization.java","26","22","26","56"
"idDeserial",,"warning","Deserialization method called: com.fasterxml.jackson.databind.ObjectMapper.readValue","/findsecbugs-samples-java/src/test/java/testcode/serial/UnsafeJacksonObjectDeserialization.java","32","22","32","56"
"idDeserial",,"warning","Deserialization method called: com.fasterxml.jackson.databind.ObjectMapper.readValue","/findsecbugs-samples-java/src/test/java/testcode/serial/UnsafeJacksonObjectDeserialization.java","37","22","37","62"
"idDeserial",,"warning","Deserialization method called: com.fasterxml.jackson.databind.ObjectMapper.readValue","/findsecbugs-samples-java/src/test/java/testcode/serial/UnsafeJacksonObjectDeserialization.java","42","22","42","65"
"idDeserial",,"warning","Deserialization method called: java.io.ObjectInputStream.readObject","/findsecbugs-samples-kotlin/src/test/kotlin/com/h3xstream/findsecbugs/deserialisation/ObjectDeserialization.kt","13","20","13","36"
"idDeserial",,"warning","Deserialization method called: java.io.ObjectInputStream.readObject","/findsecbugs-samples-kotlin/src/test/kotlin/com/h3xstream/findsecbugs/deserialisation/SerialisationFalsePositive.kt","14","18","14","41"
"idDeserial",,"warning","Deserialization method called: java.io.ObjectInputStream.readObject","/findsecbugs-samples-kotlin/src/test/kotlin/com/h3xstream/findsecbugs/deserialisation/ObjectDeserialization.kt","23","20","23","36"
"idDeserial",,"warning","Deserialization method called: com.fasterxml.jackson.databind.ObjectMapper.readValue","/findsecbugs-samples-kotlin/src/test/kotlin/com/h3xstream/findsecbugs/jackson/JacksonFalsePositive.kt","17","19","17","87"
"idDeserial",,"warning","Deserialization method called: com.fasterxml.jackson.databind.ObjectMapper.readValue","/findsecbugs-samples-kotlin/src/test/kotlin/com/h3xstream/findsecbugs/jackson/JacksonFalsePositive.kt","23","19","23","58"
"idDeserial",,"warning","Deserialization method called: com.fasterxml.jackson.databind.ObjectMapper.readValue","/findsecbugs-samples-kotlin/src/test/kotlin/com/h3xstream/findsecbugs/jackson/UnsafeJacksonObjectDeserialization.kt","27","19","27","59"
"idDeserial",,"warning","Deserialization method called: com.fasterxml.jackson.databind.ObjectMapper.readValue","/findsecbugs-samples-kotlin/src/test/kotlin/com/h3xstream/findsecbugs/jackson/UnsafeJacksonObjectDeserialization.kt","34","19","34","59"
"idDeserial",,"warning","Deserialization method called: com.fasterxml.jackson.databind.ObjectMapper.readValue","/findsecbugs-samples-kotlin/src/test/kotlin/com/h3xstream/findsecbugs/jackson/UnsafeJacksonObjectDeserialization.kt","40","19","40","65"
"idDeserial",,"warning","Deserialization method called: com.fasterxml.jackson.databind.ObjectMapper.readValue","/findsecbugs-samples-kotlin/src/test/kotlin/com/h3xstream/findsecbugs/jackson/UnsafeJacksonObjectDeserialization.kt","46","19","46","68"
