"idDeserial",,"warning","Deserialization method called: com.fasterxml.jackson.databind.ObjectMapper.readValue","/firebase-database/src/androidTest/java/com/google/firebase/database/IntegrationTestHelpers.java","80","14","80","80"
"idDeserial",,"warning","Deserialization method called: com.fasterxml.jackson.databind.ObjectMapper.readValue","/firebase-database/src/androidTest/java/com/google/firebase/database/IntegrationTestHelpers.java","89","14","89","67"
"idDeserial",,"warning","Deserialization method called: com.fasterxml.jackson.databind.ObjectMapper.readValue","/firebase-database/src/androidTest/java/com/google/firebase/database/IntegrationTestHelpers.java","315","36","315","76"
"idDeserial",,"warning","Deserialization method called: com.fasterxml.jackson.databind.ObjectMapper.readValue","/firebase-database/src/androidTest/java/com/google/firebase/database/IntegrationTestHelpers.java","392","14","392","80"
"idDeserial",,"warning","Deserialization method called: com.fasterxml.jackson.databind.ObjectMapper.readValue","/firebase-database/src/test/java/com/google/firebase/database/UnitTestHelpers.java","218","14","218","80"
"idDeserial",,"warning","Deserialization method called: com.fasterxml.jackson.databind.ObjectMapper.readValue","/firebase-database/src/test/java/com/google/firebase/database/core/SyncPointTest.java","538","14","538","49"
