"idDeserial",,"warning","Deserialization method called: com.google.gson.Gson.fromJson","/app/src/leanback/java/com/fongmi/android/tv/ui/adapter/RecordAdapter.java","38","16","38","100"
"idDeserial",,"warning","Deserialization method called: com.google.gson.Gson.fromJson","/app/src/main/java/com/fongmi/android/tv/bean/Channel.java","59","16","59","58"
"idDeserial",,"warning","Deserialization method called: com.google.gson.Gson.fromJson","/app/src/main/java/com/fongmi/android/tv/bean/Class.java","53","16","53","53"
"idDeserial",,"warning","Deserialization method called: com.google.gson.Gson.fromJson","/app/src/main/java/com/fongmi/android/tv/bean/ClearKey.java","20","25","20","64"
"idDeserial",,"warning","Deserialization method called: com.google.gson.Gson.fromJson","/app/src/main/java/com/fongmi/android/tv/bean/Config.java","45","30","45","63"
"idDeserial",,"warning","Deserialization method called: com.google.gson.Gson.fromJson","/app/src/main/java/com/fongmi/android/tv/bean/Depot.java","23","29","23","62"
"idDeserial",,"warning","Deserialization method called: com.google.gson.Gson.fromJson","/app/src/main/java/com/fongmi/android/tv/bean/Device.java","45","16","45","53"
"idDeserial",,"warning","Deserialization method called: com.google.gson.Gson.fromJson","/app/src/main/java/com/fongmi/android/tv/bean/Epg.java","36","24","36","58"
"idDeserial",,"warning","Deserialization method called: com.google.gson.Gson.fromJson","/app/src/main/java/com/fongmi/android/tv/bean/Episode.java","34","16","34","54"
"idDeserial",,"warning","Deserialization method called: com.google.gson.Gson.fromJson","/app/src/main/java/com/fongmi/android/tv/bean/Filter.java","32","16","32","57"
"idDeserial",,"warning","Deserialization method called: com.google.gson.Gson.fromJson","/app/src/main/java/com/fongmi/android/tv/bean/Filter.java","37","30","37","66"
"idDeserial",,"warning","Deserialization method called: com.google.gson.Gson.fromJson","/app/src/main/java/com/fongmi/android/tv/bean/Group.java","32","29","32","62"
"idDeserial",,"warning","Deserialization method called: com.google.gson.Gson.fromJson","/app/src/main/java/com/fongmi/android/tv/bean/History.java","63","16","63","54"
"idDeserial",,"warning","Deserialization method called: com.google.gson.Gson.fromJson","/app/src/main/java/com/fongmi/android/tv/bean/History.java","68","31","68","64"
"idDeserial",,"warning","Deserialization method called: com.google.gson.Gson.fromJson","/app/src/main/java/com/fongmi/android/tv/bean/Hot.java","16","16","16","50"
"idDeserial",,"warning","Deserialization method called: com.google.gson.Gson.fromJson","/app/src/main/java/com/fongmi/android/tv/bean/Keep.java","40","28","40","61"
"idDeserial",,"warning","Deserialization method called: com.google.gson.Gson.fromJson","/app/src/main/java/com/fongmi/android/tv/bean/Live.java","110","16","110","55"
"idDeserial",,"warning","Deserialization method called: com.google.gson.Gson.fromJson","/app/src/main/java/com/fongmi/android/tv/bean/Live.java","115","28","115","61"
"idDeserial",,"warning","Deserialization method called: com.google.gson.Gson.fromJson","/app/src/main/java/com/fongmi/android/tv/bean/Parse.java","36","16","36","56"
"idDeserial",,"warning","Deserialization method called: com.google.gson.Gson.fromJson","/app/src/main/java/com/fongmi/android/tv/bean/Part.java","18","16","18","51"
"idDeserial",,"warning","Deserialization method called: com.google.gson.Gson.fromJson","/app/src/main/java/com/fongmi/android/tv/bean/Result.java","86","20","86","57"
"idDeserial",,"warning","Deserialization method called: com.google.gson.Gson.fromJson","/app/src/main/java/com/fongmi/android/tv/bean/Rule.java","43","28","43","65"
"idDeserial",,"warning","Deserialization method called: com.google.gson.Gson.fromJson","/app/src/main/java/com/fongmi/android/tv/bean/Site.java","99","20","99","59"
"idDeserial",,"warning","Deserialization method called: com.google.gson.Gson.fromJson","/app/src/main/java/com/fongmi/android/tv/bean/Suggest.java","16","16","16","54"
"idDeserial",,"warning","Deserialization method called: com.google.gson.Gson.fromJson","/app/src/main/java/com/fongmi/android/tv/bean/SuggestTwo.java","16","16","16","57"
"idDeserial",,"warning","Deserialization method called: com.google.gson.Gson.fromJson","/app/src/main/java/com/fongmi/android/tv/bean/Url.java","21","20","21","58"
"idDeserial",,"warning","Deserialization method called: com.google.gson.Gson.fromJson","/app/src/main/java/com/fongmi/android/tv/bean/Vod.java","99","27","99","60"
"idDeserial",,"warning","Deserialization method called: com.google.gson.Gson.fromJson","/app/src/main/java/com/fongmi/android/tv/player/extractor/TVBus.java","79","27","79","71"
"idDeserial",,"warning","Deserialization method called: com.google.gson.Gson.fromJson","/app/src/main/java/com/fongmi/android/tv/player/extractor/TVBus.java","87","27","87","71"
"idDeserial",,"warning","Deserialization method called: com.google.gson.Gson.fromJson","/catvod/src/main/java/com/github/catvod/bean/Doh.java","38","20","38","54"
"idDeserial",,"warning","Deserialization method called: com.google.gson.Gson.fromJson","/catvod/src/main/java/com/github/catvod/bean/Doh.java","44","27","44","64"
"idDeserial",,"warning","Deserialization method called: com.google.gson.Gson.fromJson","/catvod/src/main/java/com/github/catvod/utils/Prefers.java","99","39","99","119"
"idDeserial",,"warning","Deserialization method called: com.google.gson.Gson.fromJson","/quickjs/src/main/java/com/fongmi/quickjs/bean/Req.java","35","16","35","51"
"idDeserial",,"warning","Deserialization method called: com.google.gson.Gson.fromJson","/quickjs/src/main/java/com/fongmi/quickjs/bean/Res.java","29","16","29","51"
