"idDeserial",,"warning","Deserialization method called: java.io.ObjectInputStream.readObject","/fnlp-core/src/main/java/org/fnlp/ml/classifier/bayes/BayesClassifier.java","119","27","119","41"
"idDeserial",,"warning","Deserialization method called: java.io.ObjectInputStream.readObject","/fnlp-core/src/main/java/org/fnlp/ml/classifier/hier/Linear.java","133","18","133","32"
"idDeserial",,"warning","Deserialization method called: java.io.ObjectInputStream.readObject","/fnlp-core/src/main/java/org/fnlp/ml/classifier/knn/KNN.java","169","15","169","29"
"idDeserial",,"warning","Deserialization method called: java.io.ObjectInputStream.readObject","/fnlp-core/src/main/java/org/fnlp/ml/classifier/knn/KNNClassifier.java","128","25","128","39"
"idDeserial",,"warning","Deserialization method called: java.io.ObjectInputStream.readObject","/fnlp-core/src/main/java/org/fnlp/ml/classifier/linear/Linear.java","113","18","113","32"
"idDeserial",,"warning","Deserialization method called: java.io.ObjectInputStream.readObject","/fnlp-core/src/main/java/org/fnlp/nlp/cn/ner/TimeNormalizer.java","234","25","234","39"
"idDeserial",,"warning","Deserialization method called: java.io.ObjectInputStream.readObject","/fnlp-core/src/main/java/org/fnlp/nlp/cn/tag/AbstractTagger.java","204","30","204","44"
"idDeserial",,"warning","Deserialization method called: java.io.ObjectInputStream.readObject","/fnlp-core/src/main/java/org/fnlp/nlp/cn/tag/AbstractTagger.java","205","27","205","41"
"idDeserial",,"warning","Deserialization method called: java.io.ObjectInputStream.readObject","/fnlp-core/src/main/java/org/fnlp/nlp/langmodel/NGramModel.java","218","17","218","31"
"idDeserial",,"warning","Deserialization method called: java.io.ObjectInputStream.readObject","/fnlp-core/src/main/java/org/fnlp/nlp/parser/dep/YamadaParser.java","209","31","209","51"
"idDeserial",,"warning","Deserialization method called: java.io.ObjectInputStream.readObject","/fnlp-core/src/main/java/org/fnlp/nlp/parser/dep/YamadaParser.java","210","23","210","43"
"idDeserial",,"warning","Deserialization method called: java.io.ObjectInputStream.readObject","/fnlp-core/src/main/java/org/fnlp/nlp/similarity/train/KMeansWordCluster.java","539","22","539","36"
"idDeserial",,"warning","Deserialization method called: java.io.ObjectInputStream.readObject","/fnlp-core/src/main/java/org/fnlp/nlp/similarity/train/WordCluster.java","622","34","622","48"
"idDeserial",,"warning","Deserialization method called: java.io.ObjectInputStream.readObject","/fnlp-core/src/main/java/org/fnlp/nlp/similarity/train/WordSimilarity.java","245","22","245","36"
"idDeserial",,"warning","Deserialization method called: java.io.ObjectInputStream.readObject","/fnlp-core/src/main/java/org/fnlp/nlp/tag/AbstractTagger.java","194","29","194","43"
"idDeserial",,"warning","Deserialization method called: java.io.ObjectInputStream.readObject","/fnlp-core/src/main/java/org/fnlp/nlp/tag/AbstractTagger.java","195","17","195","31"
"idDeserial",,"warning","Deserialization method called: java.io.ObjectInputStream.readObject","/fnlp-core/src/main/java/org/fnlp/nlp/tag/ModelIO.java","62","29","62","43"
"idDeserial",,"warning","Deserialization method called: java.io.ObjectInputStream.readObject","/fnlp-core/src/main/java/org/fnlp/nlp/tag/ModelIO.java","63","17","63","31"
"idDeserial",,"warning","Deserialization method called: java.io.ObjectInputStream.readObject","/fnlp-core/src/main/java/org/fnlp/util/MyFiles.java","127","8","127","28"
"idDeserial",,"warning","Deserialization method called: java.io.ObjectInputStream.readObject","/fnlp-core/src/main/java/org/fnlp/util/MyFiles.java","139","22","139","36"
"idDeserial",,"warning","Deserialization method called: java.io.ObjectInputStream.readObject","/fnlp-train/src/main/java/org/fnlp/train/tag/TemplateSelection.java","332","65","333","17"
"idDeserial",,"warning","Deserialization method called: java.io.ObjectInputStream.readObject","/fnlp-train/src/main/java/org/fnlp/train/tag/addedTagger.java","340","29","340","43"
"idDeserial",,"warning","Deserialization method called: java.io.ObjectInputStream.readObject","/fnlp-train/src/main/java/org/fnlp/train/tag/addedTagger.java","341","17","341","31"
