"idDeserial",,"warning","Deserialization method called: com.thoughtworks.xstream.XStream.fromXML","/src/community/backup-restore/core/src/main/java/org/geoserver/backuprestore/reader/CatalogFileReader.java","288","16","288","79"
"idDeserial",,"warning","Deserialization method called: com.thoughtworks.xstream.XStream.fromXML","/src/community/backup-restore/core/src/main/java/org/geoserver/backuprestore/tasklet/AbstractCatalogBackupRestoreTasklet.java","436","32","436","50"
"idDeserial",,"warning","Deserialization method called: com.thoughtworks.xstream.XStream.fromXML","/src/community/backup-restore/core/src/test/java/org/geoserver/backuprestore/ResourceWriterTest.java","181","33","181","92"
"idDeserial",,"warning","Deserialization method called: com.thoughtworks.xstream.XStream.fromXML","/src/community/backup-restore/core/src/test/java/org/geoserver/backuprestore/ResourceWriterTest.java","186","32","186","93"
"idDeserial",,"warning","Deserialization method called: com.thoughtworks.xstream.XStream.fromXML","/src/community/backup-restore/core/src/test/java/org/geoserver/backuprestore/ResourceWriterTest.java","191","31","191","91"
"idDeserial",,"warning","Deserialization method called: com.thoughtworks.xstream.XStream.fromXML","/src/community/backup-restore/core/src/test/java/org/geoserver/backuprestore/ResourceWriterTest.java","213","25","216","55"
"idDeserial",,"warning","Deserialization method called: com.thoughtworks.xstream.XStream.fromXML","/src/community/datadir-catalog-loader/src/test/java/org/geoserver/catalog/datadir/DataDirectoryGeoServerLoaderTest.java","163","57","163","88"
"idDeserial",,"warning","Deserialization method called: com.fasterxml.jackson.databind.ObjectMapper.readValue","/src/community/elasticsearch/src/test/java/org/geoserver/elasticsearch/RestElasticClient.java","92","25","92","98"
"idDeserial",,"warning","Deserialization method called: com.fasterxml.jackson.databind.ObjectMapper.readValue","/src/community/elasticsearch/src/test/java/org/geoserver/elasticsearch/RestElasticClient.java","154","25","155","98"
"idDeserial",,"warning","Deserialization method called: com.fasterxml.jackson.databind.ObjectMapper.readValue","/src/community/elasticsearch/src/test/java/org/geoserver/elasticsearch/RestElasticClient.java","158","25","160","93"
"idDeserial",,"warning","Deserialization method called: com.fasterxml.jackson.databind.ObjectMapper.readValue","/src/community/elasticsearch/src/test/java/org/geoserver/elasticsearch/RestElasticClient.java","319","20","319","76"
"idDeserial",,"warning","Deserialization method called: com.fasterxml.jackson.databind.ObjectMapper.readValue","/src/community/elasticsearch/src/test/java/org/geoserver/elasticsearch/RestElasticClient.java","387","25","388","89"
"idDeserial",,"warning","Deserialization method called: com.fasterxml.jackson.databind.ObjectMapper.readValue","/src/community/features-templating/features-templating-web/src/main/java/org/geoserver/featurestemplating/web/TemplatePreviewPanel.java","518","27","518","69"
"idDeserial",,"warning","Deserialization method called: com.fasterxml.jackson.databind.ObjectMapper.readValue","/src/community/geopkg/src/main/java/org/geoserver/geopkg/wps/OWSContextWriter.java","266","33","266","68"
"idDeserial",,"warning","Deserialization method called: com.google.gson.Gson.fromJson","/src/community/gsr/src/main/java/org/geoserver/gsr/api/RelationshipModelReader.java","73","24","73","89"
"idDeserial",,"warning","Deserialization method called: com.google.gson.Gson.fromJson","/src/community/gsr/src/test/java/org/geoserver/gsr/controller/relationship/RelationshipControllerTest.java","169","35","169","81"
"idDeserial",,"warning","Deserialization method called: com.google.gson.Gson.fromJson","/src/community/gsr/src/test/java/org/geoserver/gsr/controller/relationship/RelationshipControllerTest.java","179","34","179","81"
"idDeserial",,"warning","Deserialization method called: com.google.gson.Gson.fromJson","/src/community/gsr/src/test/java/org/geoserver/gsr/controller/relationship/RelationshipControllerTest.java","188","17","188","84"
"idDeserial",,"warning","Deserialization method called: com.thoughtworks.xstream.XStream.fromXML","/src/community/importer-jdbc/src/main/java/org/geoserver/importer/jdbc/ImportContextMapper.java","67","45","67","72"
"idDeserial",,"warning","Deserialization method called: com.thoughtworks.xstream.XStream.fromXML","/src/community/jms-cluster/jms-geoserver/src/main/java/org/geoserver/cluster/impl/handlers/DocumentFileHandler.java","44","31","44","48"
"idDeserial",,"warning","Deserialization method called: com.thoughtworks.xstream.XStream.fromXML","/src/community/jms-cluster/jms-geoserver/src/main/java/org/geoserver/cluster/impl/handlers/catalog/JMSCatalogEventHandler.java","58","31","58","48"
"idDeserial",,"warning","Deserialization method called: com.thoughtworks.xstream.XStream.fromXML","/src/community/jms-cluster/jms-geoserver/src/main/java/org/geoserver/cluster/impl/handlers/configuration/JMSConfigurationHandler.java","42","31","42","48"
"idDeserial",,"warning","Deserialization method called: java.io.ObjectInputStream.readObject","/src/community/monitor-hibernate/src/main/java/org/geoserver/monitor/hib/ErrorUserType.java","72","20","72","34"
"idDeserial",,"warning","Deserialization method called: com.thoughtworks.xstream.XStream.fromXML","/src/community/notification/src/main/java/org/geoserver/notification/NotifierInitializer.java","79","46","79","63"
"idDeserial",,"warning","Deserialization method called: com.fasterxml.jackson.databind.ObjectMapper.readValue","/src/community/notification/src/test/java/org/geoserver/notification/support/Utils.java","23","16","23","57"
"idDeserial",,"warning","Deserialization method called: com.fasterxml.jackson.databind.ObjectMapper.readValue","/src/community/notification-geonode/src/main/java/org/geoserver/notification/geonode/kombu/KombuSourceDeserializer.java","57","19","57","64"
"idDeserial",,"warning","Deserialization method called: com.fasterxml.jackson.databind.ObjectMapper.readValue","/src/community/ogcapi/ogcapi-changeset/src/main/java/org/geoserver/ogcapi/v1/changeset/ChangesetAPICallback.java","37","29","37","89"
"idDeserial",,"warning","Deserialization method called: com.fasterxml.jackson.databind.ObjectMapper.readValue","/src/community/ogcapi/ogcapi-changeset/src/test/java/org/geoserver/ogcapi/v1/changeset/TilesExtensionsTest.java","43","23","43","59"
"idDeserial",,"warning","Deserialization method called: com.fasterxml.jackson.databind.ObjectMapper.readValue","/src/community/ogcapi/ogcapi-core/src/main/java/org/geoserver/ogcapi/OpenAPIBuilder.java","151","20","151","84"
"idDeserial",,"warning","Deserialization method called: com.thoughtworks.xstream.XStream.fromXML","/src/community/ogcapi/ogcapi-core/src/test/java/org/geoserver/ogcapi/HelloServiceTrailingSlashOffTest.java","30","44","30","59"
"idDeserial",,"warning","Deserialization method called: com.fasterxml.jackson.databind.ObjectMapper.readValue","/src/community/ogcapi/ogcapi-core/src/test/java/org/geoserver/ogcapi/OGCApiTestSupport.java","105","22","105","61"
"idDeserial",,"warning","Deserialization method called: com.fasterxml.jackson.databind.ObjectMapper.readValue","/src/community/ogcapi/ogcapi-coverages/src/test/java/org/geoserver/ogcapi/v1/coverages/ApiTest.java","50","23","50","59"
"idDeserial",,"warning","Deserialization method called: com.fasterxml.jackson.databind.ObjectMapper.readValue","/src/community/ogcapi/ogcapi-coverages/src/test/java/org/geoserver/ogcapi/v1/coverages/ApiTest.java","91","23","91","59"
"idDeserial",,"warning","Deserialization method called: com.fasterxml.jackson.databind.ObjectMapper.readValue","/src/community/ogcapi/ogcapi-coverages/src/test/java/org/geoserver/ogcapi/v1/coverages/ApiTest.java","107","23","107","59"
"idDeserial",,"warning","Deserialization method called: com.fasterxml.jackson.databind.ObjectMapper.readValue","/src/community/ogcapi/ogcapi-coverages/src/test/java/org/geoserver/ogcapi/v1/coverages/ApiTest.java","191","23","191","59"
"idDeserial",,"warning","Deserialization method called: com.fasterxml.jackson.databind.ObjectMapper.readValue","/src/community/ogcapi/ogcapi-features/src/test/java/org/geoserver/ogcapi/v1/features/ApiTest.java","70","23","70","59"
"idDeserial",,"warning","Deserialization method called: com.fasterxml.jackson.databind.ObjectMapper.readValue","/src/community/ogcapi/ogcapi-features/src/test/java/org/geoserver/ogcapi/v1/features/ApiTest.java","134","23","134","59"
"idDeserial",,"warning","Deserialization method called: com.fasterxml.jackson.databind.ObjectMapper.readValue","/src/community/ogcapi/ogcapi-features/src/test/java/org/geoserver/ogcapi/v1/features/ApiTest.java","150","23","150","59"
"idDeserial",,"warning","Deserialization method called: com.fasterxml.jackson.databind.ObjectMapper.readValue","/src/community/ogcapi/ogcapi-features/src/test/java/org/geoserver/ogcapi/v1/features/ApiTest.java","256","23","256","59"
"idDeserial",,"warning","Deserialization method called: com.fasterxml.jackson.databind.ObjectMapper.readValue","/src/community/ogcapi/ogcapi-images/src/test/java/org/geoserver/ogcapi/v1/images/ApiTest.java","47","23","47","59"
"idDeserial",,"warning","Deserialization method called: com.fasterxml.jackson.databind.ObjectMapper.readValue","/src/community/ogcapi/ogcapi-images/src/test/java/org/geoserver/ogcapi/v1/images/ApiTest.java","88","23","88","59"
"idDeserial",,"warning","Deserialization method called: com.fasterxml.jackson.databind.ObjectMapper.readValue","/src/community/ogcapi/ogcapi-images/src/test/java/org/geoserver/ogcapi/v1/images/ApiTest.java","104","23","104","59"
"idDeserial",,"warning","Deserialization method called: com.fasterxml.jackson.databind.ObjectMapper.readValue","/src/community/ogcapi/ogcapi-images/src/test/java/org/geoserver/ogcapi/v1/images/ApiTest.java","158","23","158","59"
"idDeserial",,"warning","Deserialization method called: com.fasterxml.jackson.databind.ObjectMapper.readValue","/src/community/ogcapi/ogcapi-styles/src/test/java/org/geoserver/ogcapi/v1/styles/ApiTest.java","50","23","50","59"
"idDeserial",,"warning","Deserialization method called: com.fasterxml.jackson.databind.ObjectMapper.readValue","/src/community/ogcapi/ogcapi-styles/src/test/java/org/geoserver/ogcapi/v1/styles/ApiTest.java","91","23","91","59"
"idDeserial",,"warning","Deserialization method called: com.fasterxml.jackson.databind.ObjectMapper.readValue","/src/community/ogcapi/ogcapi-styles/src/test/java/org/geoserver/ogcapi/v1/styles/ApiTest.java","107","23","107","59"
"idDeserial",,"warning","Deserialization method called: com.fasterxml.jackson.databind.ObjectMapper.readValue","/src/community/ogcapi/ogcapi-styles/src/test/java/org/geoserver/ogcapi/v1/styles/ApiTest.java","220","16","220","52"
"idDeserial",,"warning","Deserialization method called: com.fasterxml.jackson.databind.ObjectMapper.readValue","/src/community/ogcapi/ogcapi-tiled-features/src/test/java/org/geoserver/ogcapi/v1/features/tiled/ApiTest.java","38","23","38","59"
"idDeserial",,"warning","Deserialization method called: com.fasterxml.jackson.databind.ObjectMapper.readValue","/src/community/ogcapi/ogcapi-tiles/src/test/java/org/geoserver/ogcapi/v1/tiles/ApiTest.java","50","23","50","59"
"idDeserial",,"warning","Deserialization method called: com.fasterxml.jackson.databind.ObjectMapper.readValue","/src/community/ogcapi/ogcapi-tiles/src/test/java/org/geoserver/ogcapi/v1/tiles/ApiTest.java","91","23","91","59"
"idDeserial",,"warning","Deserialization method called: com.fasterxml.jackson.databind.ObjectMapper.readValue","/src/community/ogcapi/ogcapi-tiles/src/test/java/org/geoserver/ogcapi/v1/tiles/ApiTest.java","107","23","107","59"
"idDeserial",,"warning","Deserialization method called: com.fasterxml.jackson.databind.ObjectMapper.readValue","/src/community/ogcapi/ogcapi-tiles/src/test/java/org/geoserver/ogcapi/v1/tiles/ApiTest.java","166","23","166","59"
"idDeserial",,"warning","Deserialization method called: com.fasterxml.jackson.databind.ObjectMapper.readValue","/src/community/oseo/oseo-stac/src/test/java/org/geoserver/ogcapi/v1/stac/ApiTest.java","53","23","53","59"
"idDeserial",,"warning","Deserialization method called: com.fasterxml.jackson.databind.ObjectMapper.readValue","/src/community/oseo/oseo-stac/src/test/java/org/geoserver/ogcapi/v1/stac/ApiTest.java","94","23","94","59"
"idDeserial",,"warning","Deserialization method called: com.fasterxml.jackson.databind.ObjectMapper.readValue","/src/community/oseo/oseo-stac/src/test/java/org/geoserver/ogcapi/v1/stac/ApiTest.java","110","23","110","59"
"idDeserial",,"warning","Deserialization method called: com.thoughtworks.xstream.XStream.fromXML","/src/community/proxy-base-ext/src/main/java/org/geoserver/proxybase/ext/config/ProxyBaseExtRuleDAO.java","59","58","59","85"
"idDeserial",,"warning","Deserialization method called: com.fasterxml.jackson.databind.ObjectMapper.readValue","/src/community/rest-openapi/java-client/src/main/java/org/geoserver/restconfig/client/GeoServerClient.java","197","32","197","89"
"idDeserial",,"warning","Deserialization method called: com.google.gson.Gson.fromJson","/src/community/security/keycloak/src/main/java/org/geoserver/security/keycloak/KeycloakRESTClient.java","246","20","246","62"
"idDeserial",,"warning","Deserialization method called: com.google.gson.Gson.fromJson","/src/community/security/keycloak/src/main/java/org/geoserver/security/keycloak/KeycloakRESTClient.java","282","29","282","70"
"idDeserial",,"warning","Deserialization method called: com.thoughtworks.xstream.XStream.fromXML","/src/community/taskmanager/core/src/main/java/org/geoserver/taskmanager/web/AbstractConfigurationsPage.java","408","69","408","96"
"idDeserial",,"warning","Deserialization method called: com.thoughtworks.xstream.XStream.fromXML","/src/community/taskmanager/core/src/test/java/org/geoserver/taskmanager/util/XStreamTest.java","77","51","77","65"
"idDeserial",,"warning","Deserialization method called: com.thoughtworks.xstream.XStream.fromXML","/src/community/taskmanager/core/src/test/java/org/geoserver/taskmanager/util/XStreamTest.java","144","51","144","65"
"idDeserial",,"warning","Deserialization method called: com.thoughtworks.xstream.XStream.fromXML","/src/community/xslt/src/main/java/org/geoserver/wfs/xslt/config/TransformRepository.java","66","62","66","76"
"idDeserial",,"warning","Deserialization method called: java.io.ObjectInputStream.readObject","/src/extension/inspire/src/test/java/org/geoserver/inspire/web/InspirePanelTest.java","592","75","592","90"
"idDeserial",,"warning","Deserialization method called: com.fasterxml.jackson.databind.ObjectMapper.readValue","/src/extension/metadata/src/main/java/org/geoserver/metadata/data/service/impl/ConfigurationServiceImpl.java","188","17","188","77"
"idDeserial",,"warning","Deserialization method called: com.fasterxml.jackson.databind.ObjectMapper.readValue","/src/extension/metadata/src/main/java/org/geoserver/metadata/data/service/impl/ConfigurationServiceImpl.java","195","40","195","92"
"idDeserial",,"warning","Deserialization method called: com.fasterxml.jackson.databind.ObjectMapper.readValue","/src/extension/metadata/src/main/java/org/geoserver/metadata/data/service/impl/ConfigurationServiceImpl.java","250","17","250","78"
"idDeserial",,"warning","Deserialization method called: com.thoughtworks.xstream.XStream.fromXML","/src/extension/ogr/ogr-core/src/main/java/org/geoserver/ogr/core/AbstractToolConfigurator.java","71","57","71","75"
"idDeserial",,"warning","Deserialization method called: com.thoughtworks.xstream.XStream.fromXML","/src/extension/ogr/ogr-wps/src/test/java/org/geoserver/wps/ogr/WPSOgrTest.java","57","64","57","84"
"idDeserial",,"warning","Deserialization method called: com.thoughtworks.xstream.XStream.fromXML","/src/extension/params-extractor/src/main/java/org/geoserver/params/extractor/EchoParametersDao.java","71","68","71","95"
"idDeserial",,"warning","Deserialization method called: com.thoughtworks.xstream.XStream.fromXML","/src/extension/params-extractor/src/main/java/org/geoserver/params/extractor/RulesDao.java","65","48","65","75"
"idDeserial",,"warning","Deserialization method called: com.fasterxml.jackson.databind.ObjectMapper.readValue","/src/extension/wps/wps-core/src/main/java/org/geoserver/wps/gs/PagedUniqueProcessPPIO.java","32","16","32","72"
"idDeserial",,"warning","Deserialization method called: com.fasterxml.jackson.databind.ObjectMapper.readValue","/src/extension/wps/wps-core/src/main/java/org/geoserver/wps/gs/PagedUniqueProcessPPIO.java","37","16","37","72"
"idDeserial",,"warning","Deserialization method called: com.fasterxml.jackson.databind.ObjectMapper.readValue","/src/extension/wps/wps-core/src/main/java/org/geoserver/wps/ppio/GeoJSONPPIO.java","127","24","127","63"
"idDeserial",,"warning","Deserialization method called: com.fasterxml.jackson.databind.ObjectMapper.readValue","/src/extension/wps/wps-core/src/main/java/org/geoserver/wps/ppio/GeoJSONPPIO.java","134","24","134","63"
"idDeserial",,"warning","Deserialization method called: com.thoughtworks.xstream.XStream.fromXML","/src/gwc/src/main/java/org/geoserver/gwc/layer/DefaultTileLayerCatalog.java","469","49","469","76"
"idDeserial",,"warning","Deserialization method called: com.thoughtworks.xstream.XStream.fromXML","/src/gwc/src/test/java/org/geoserver/gwc/layer/GeoServerTileLayerInfoPersistenceTest.java","86","42","86","86"
"idDeserial",,"warning","Deserialization method called: java.io.ObjectInputStream.readObject","/src/gwc/src/test/java/org/geoserver/gwc/layer/GeoServerTileLayerInfoSerializableTest.java","90","53","90","67"
"idDeserial",,"warning","Deserialization method called: com.thoughtworks.xstream.XStream.fromXML","/src/main/src/main/java/org/geoserver/catalog/impl/ModificationProxyCloner.java","158","26","158","40"
"idDeserial",,"warning","Deserialization method called: java.io.ObjectInputStream.readObject","/src/main/src/main/java/org/geoserver/catalog/impl/ModificationProxyCloner.java","168","26","168","43"
"idDeserial",,"warning","Deserialization method called: com.thoughtworks.xstream.XStream.fromXML","/src/main/src/main/java/org/geoserver/config/util/XStreamPersister.java","724","28","724","41"
"idDeserial",,"warning","Deserialization method called: java.io.ObjectInputStream.readObject","/src/main/src/main/java/org/geoserver/security/DataAccessLimits.java","105","45","105","59"
"idDeserial",,"warning","Deserialization method called: java.io.ObjectInputStream.readObject","/src/main/src/main/java/org/geoserver/security/VectorAccessLimits.java","205","40","205","55"
"idDeserial",,"warning","Deserialization method called: java.io.ObjectInputStream.readObject","/src/main/src/main/java/org/geoserver/security/impl/AbstractRoleStore.java","322","63","322","78"
"idDeserial",,"warning","Deserialization method called: java.io.ObjectInputStream.readObject","/src/main/src/main/java/org/geoserver/security/impl/AbstractRoleStore.java","323","77","323","92"
"idDeserial",,"warning","Deserialization method called: java.io.ObjectInputStream.readObject","/src/main/src/main/java/org/geoserver/security/impl/AbstractRoleStore.java","324","79","324","94"
"idDeserial",,"warning","Deserialization method called: java.io.ObjectInputStream.readObject","/src/main/src/main/java/org/geoserver/security/impl/AbstractRoleStore.java","325","80","325","95"
"idDeserial",,"warning","Deserialization method called: java.io.ObjectInputStream.readObject","/src/main/src/main/java/org/geoserver/security/impl/AbstractUserGroupStore.java","438","63","438","78"
"idDeserial",,"warning","Deserialization method called: java.io.ObjectInputStream.readObject","/src/main/src/main/java/org/geoserver/security/impl/AbstractUserGroupStore.java","439","69","439","84"
"idDeserial",,"warning","Deserialization method called: java.io.ObjectInputStream.readObject","/src/main/src/main/java/org/geoserver/security/impl/AbstractUserGroupStore.java","441","77","441","92"
"idDeserial",,"warning","Deserialization method called: java.io.ObjectInputStream.readObject","/src/main/src/main/java/org/geoserver/security/impl/AbstractUserGroupStore.java","443","77","443","92"
"idDeserial",,"warning","Deserialization method called: java.io.ObjectInputStream.readObject","/src/main/src/main/java/org/geoserver/security/impl/AbstractUserGroupStore.java","444","78","444","93"
"idDeserial",,"warning","Deserialization method called: java.io.ObjectInputStream.readObject","/src/main/src/test/java/org/geoserver/catalog/CatalogIntegrationTest.java","297","22","297","37"
"idDeserial",,"warning","Deserialization method called: com.thoughtworks.xstream.XStream.fromXML","/src/main/src/test/java/org/geoserver/config/util/SecureXStreamTest.java","33","20","33","90"
"idDeserial",,"warning","Deserialization method called: com.thoughtworks.xstream.XStream.fromXML","/src/main/src/test/java/org/geoserver/config/util/SecureXStreamTest.java","40","23","40","96"
"idDeserial",,"warning","Deserialization method called: com.thoughtworks.xstream.XStream.fromXML","/src/main/src/test/java/org/geoserver/config/util/SecureXStreamTest.java","52","21","52","91"
"idDeserial",,"warning","Deserialization method called: com.thoughtworks.xstream.XStream.fromXML","/src/main/src/test/java/org/geoserver/config/util/SecureXStreamTest.java","56","21","56","95"
"idDeserial",,"warning","Deserialization method called: com.thoughtworks.xstream.XStream.fromXML","/src/main/src/test/java/org/geoserver/config/util/SecureXStreamTest.java","63","23","63","96"
"idDeserial",,"warning","Deserialization method called: com.thoughtworks.xstream.XStream.fromXML","/src/main/src/test/java/org/geoserver/config/util/SecureXStreamTest.java","70","13","70","83"
"idDeserial",,"warning","Deserialization method called: java.io.ObjectInputStream.readObject","/src/main/src/test/java/org/geoserver/security/auth/TestingAuthenticationCache.java","102","52","102","66"
"idDeserial",,"warning","Deserialization method called: java.io.ObjectInputStream.readObject","/src/main/src/test/java/org/geoserver/security/impl/MemoryRoleService.java","53","63","53","78"
"idDeserial",,"warning","Deserialization method called: java.io.ObjectInputStream.readObject","/src/main/src/test/java/org/geoserver/security/impl/MemoryRoleService.java","54","77","54","92"
"idDeserial",,"warning","Deserialization method called: java.io.ObjectInputStream.readObject","/src/main/src/test/java/org/geoserver/security/impl/MemoryRoleService.java","55","79","55","94"
"idDeserial",,"warning","Deserialization method called: java.io.ObjectInputStream.readObject","/src/main/src/test/java/org/geoserver/security/impl/MemoryRoleService.java","56","80","56","95"
"idDeserial",,"warning","Deserialization method called: java.io.ObjectInputStream.readObject","/src/main/src/test/java/org/geoserver/security/impl/MemoryRoleStore.java","49","63","49","78"
"idDeserial",,"warning","Deserialization method called: java.io.ObjectInputStream.readObject","/src/main/src/test/java/org/geoserver/security/impl/MemoryRoleStore.java","50","77","50","92"
"idDeserial",,"warning","Deserialization method called: java.io.ObjectInputStream.readObject","/src/main/src/test/java/org/geoserver/security/impl/MemoryRoleStore.java","51","79","51","94"
"idDeserial",,"warning","Deserialization method called: java.io.ObjectInputStream.readObject","/src/main/src/test/java/org/geoserver/security/impl/MemoryRoleStore.java","52","80","52","95"
"idDeserial",,"warning","Deserialization method called: java.io.ObjectInputStream.readObject","/src/main/src/test/java/org/geoserver/security/impl/MemoryUserGroupService.java","58","63","58","78"
"idDeserial",,"warning","Deserialization method called: java.io.ObjectInputStream.readObject","/src/main/src/test/java/org/geoserver/security/impl/MemoryUserGroupService.java","59","69","59","84"
"idDeserial",,"warning","Deserialization method called: java.io.ObjectInputStream.readObject","/src/main/src/test/java/org/geoserver/security/impl/MemoryUserGroupService.java","61","77","61","92"
"idDeserial",,"warning","Deserialization method called: java.io.ObjectInputStream.readObject","/src/main/src/test/java/org/geoserver/security/impl/MemoryUserGroupService.java","63","77","63","92"
"idDeserial",,"warning","Deserialization method called: java.io.ObjectInputStream.readObject","/src/main/src/test/java/org/geoserver/security/impl/MemoryUserGroupService.java","64","78","64","93"
"idDeserial",,"warning","Deserialization method called: java.io.ObjectInputStream.readObject","/src/main/src/test/java/org/geoserver/security/impl/MemoryUserGroupStore.java","49","63","49","78"
"idDeserial",,"warning","Deserialization method called: java.io.ObjectInputStream.readObject","/src/main/src/test/java/org/geoserver/security/impl/MemoryUserGroupStore.java","50","69","50","84"
"idDeserial",,"warning","Deserialization method called: java.io.ObjectInputStream.readObject","/src/main/src/test/java/org/geoserver/security/impl/MemoryUserGroupStore.java","52","77","52","92"
"idDeserial",,"warning","Deserialization method called: java.io.ObjectInputStream.readObject","/src/main/src/test/java/org/geoserver/security/impl/MemoryUserGroupStore.java","54","77","54","92"
"idDeserial",,"warning","Deserialization method called: java.io.ObjectInputStream.readObject","/src/main/src/test/java/org/geoserver/security/impl/MemoryUserGroupStore.java","55","78","55","93"
"idDeserial",,"warning","Deserialization method called: com.fasterxml.jackson.databind.ObjectMapper.readValue","/src/ows/src/main/java/org/geoserver/ows/kvp/view/XMLViewParamsUtils.java","25","30","25","79"
"idDeserial",,"warning","Deserialization method called: com.thoughtworks.xstream.XStream.fromXML","/src/restconfig/src/test/java/org/geoserver/rest/security/XStreamParserTest.java","59","41","59","65"
"idDeserial",,"warning","Deserialization method called: com.thoughtworks.xstream.XStream.fromXML","/src/restconfig/src/test/java/org/geoserver/rest/system/status/MonitorRestTest.java","47","37","47","77"
"idDeserial",,"warning","Deserialization method called: com.thoughtworks.xstream.XStream.fromXML","/src/restconfig/src/test/java/org/geoserver/rest/system/status/MonitorRestTest.java","62","37","62","77"
"idDeserial",,"warning","Deserialization method called: com.thoughtworks.xstream.XStream.fromXML","/src/restconfig/src/test/java/org/geoserver/rest/system/status/MonitorRestTest.java","78","37","78","77"
"idDeserial",,"warning","Deserialization method called: java.io.ObjectInputStream.readObject","/src/security/security-tests/src/test/java/org/geoserver/security/TestAccessLimitsSerialization.java","109","32","109","47"
"idDeserial",,"warning","Deserialization method called: java.io.ObjectInputStream.readObject","/src/web/core/src/test/java/org/geoserver/web/data/resource/ResourceConfigurationPageTest.java","214","53","214","68"
"idDeserial",,"warning","Deserialization method called: java.io.ObjectInputStream.readObject","/src/web/core/src/test/java/org/geoserver/web/data/store/StoreModelTest.java","90","20","90","37"
"idDeserial",,"warning","Deserialization method called: java.io.ObjectInputStream.readObject","/src/web/core/src/test/java/org/geoserver/web/data/store/StorePageTest.java","118","45","118","60"
