"idDeserial",,"warning","Deserialization method called: com.fasterxml.jackson.databind.ObjectMapper.readValue","/core/src/main/java/org/geysermc/geyser/GeyserImpl.java","534","40","534","78"
"idDeserial",,"warning","Deserialization method called: com.fasterxml.jackson.databind.ObjectMapper.readValue","/core/src/main/java/org/geysermc/geyser/ping/GeyserLegacyPingPassthrough.java","136","29","136","90"
"idDeserial",,"warning","Deserialization method called: com.fasterxml.jackson.databind.ObjectMapper.readValue","/core/src/main/java/org/geysermc/geyser/registry/loader/BiomeIdentifierRegistryLoader.java","51","28","51","85"
"idDeserial",,"warning","Deserialization method called: com.google.gson.Gson.fromJson","/core/src/main/java/org/geysermc/geyser/text/GsonComponentSerializerWrapper.java","66","31","66","80"
"idDeserial",,"warning","Deserialization method called: com.fasterxml.jackson.databind.ObjectMapper.readValue","/core/src/main/java/org/geysermc/geyser/util/AssetUtils.java","86","51","87","129"
"idDeserial",,"warning","Deserialization method called: com.fasterxml.jackson.databind.ObjectMapper.readValue","/core/src/main/java/org/geysermc/geyser/util/AssetUtils.java","104","43","104","126"
"idDeserial",,"warning","Deserialization method called: com.fasterxml.jackson.databind.ObjectMapper.readValue","/core/src/main/java/org/geysermc/geyser/util/FileUtils.java","63","16","63","53"
"idDeserial",,"warning","Deserialization method called: com.fasterxml.jackson.databind.ObjectMapper.readValue","/core/src/main/java/org/geysermc/geyser/util/FileUtils.java","68","16","68","110"
"idDeserial",,"warning","Deserialization method called: com.google.gson.Gson.fromJson","/core/src/main/java/org/geysermc/geyser/util/NewsHandler.java","73","31","73","66"
