"idDeserial",,"warning","Deserialization method called: org.yaml.snakeyaml.Yaml.load","/src/main/java/hae/utils/ConfigLoader.java","103","44","103","87"
"idDeserial",,"warning","Deserialization method called: org.yaml.snakeyaml.Yaml.load","/src/main/java/hae/utils/ConfigLoader.java","144","37","144","60"
"idDeserial",,"warning","Deserialization method called: org.yaml.snakeyaml.Yaml.load","/src/main/java/hae/utils/ConfigLoader.java","162","37","162","60"
"idDeserial",,"warning","Deserialization method called: org.yaml.snakeyaml.Yaml.load","/src/main/java/hae/utils/ConfigLoader.java","180","20","180","32"
"idDeserial",,"warning","Deserialization method called: org.yaml.snakeyaml.Yaml.load","/src/main/java/hae/utils/project/ProjectProcessor.java","62","51","62","113"
"idDeserial",,"warning","Deserialization method called: org.yaml.snakeyaml.Yaml.load","/src/main/java/hae/utils/project/ProjectProcessor.java","65","51","65","113"
