"idDeserial",,"warning","Deserialization method called: com.google.gson.Gson.fromJson","/src/main/java/com/gitblit/auth/RedmineAuthProvider.java","122","20","122","72"
"idDeserial",,"warning","Deserialization method called: com.google.gson.Gson.fromJson","/src/main/java/com/gitblit/manager/FilestoreManager.java","118","13","118","46"
"idDeserial",,"warning","Deserialization method called: com.google.gson.Gson.fromJson","/src/main/java/com/gitblit/manager/GitblitManager.java","438","45","438","71"
"idDeserial",,"warning","Deserialization method called: java.io.ObjectInputStream.readObject","/src/main/java/com/gitblit/models/TicketModel.java","1151","13","1151","28"
"idDeserial",,"warning","Deserialization method called: com.google.gson.Gson.fromJson","/src/main/java/com/gitblit/tickets/TicketSerializer.java","53","29","53","63"
"idDeserial",,"warning","Deserialization method called: com.google.gson.Gson.fromJson","/src/main/java/com/gitblit/tickets/TicketSerializer.java","58","10","58","49"
"idDeserial",,"warning","Deserialization method called: com.google.gson.Gson.fromJson","/src/main/java/com/gitblit/tickets/TicketSerializer.java","62","10","62","49"
"idDeserial",,"warning","Deserialization method called: com.google.gson.Gson.fromJson","/src/main/java/com/gitblit/tickets/TicketSerializer.java","66","10","66","53"
"idDeserial",,"warning","Deserialization method called: java.io.ObjectInputStream.readObject","/src/main/java/com/gitblit/utils/DeepCopier.java","76","13","76","28"
"idDeserial",,"warning","Deserialization method called: java.io.ObjectInputStream.readObject","/src/main/java/com/gitblit/utils/DeepCopier.java","131","19","131","34"
"idDeserial",,"warning","Deserialization method called: com.google.gson.Gson.fromJson","/src/main/java/com/gitblit/utils/JsonUtils.java","92","10","92","37"
"idDeserial",,"warning","Deserialization method called: com.google.gson.Gson.fromJson","/src/main/java/com/gitblit/utils/JsonUtils.java","106","10","106","36"
"idDeserial",,"warning","Deserialization method called: com.google.gson.Gson.fromJson","/src/main/java/com/gitblit/utils/JsonUtils.java","151","10","151","36"
"idDeserial",,"warning","Deserialization method called: com.google.gson.Gson.fromJson","/src/main/java/com/gitblit/utils/JsonUtils.java","170","10","170","37"
