"idDeserial",,"warning","Deserialization method called: java.io.ObjectInputStream.readObject","/extensions/cloud/portability-cloud-google/src/main/java/org/datatransferproject/cloud/google/GoogleJobStore.java","109","17","109","31"
"idDeserial",,"warning","Deserialization method called: com.fasterxml.jackson.databind.ObjectMapper.readValue","/extensions/cloud/portability-cloud-microsoft/src/main/java/org/datatransferproject/cloud/microsoft/cosmos/AzureTableStore.java","162","14","162","95"
"idDeserial",,"warning","Deserialization method called: com.fasterxml.jackson.databind.ObjectMapper.readValue","/extensions/cloud/portability-cloud-microsoft/src/main/java/org/datatransferproject/cloud/microsoft/cosmos/AzureTableStore.java","297","14","297","79"
"idDeserial",,"warning","Deserialization method called: com.fasterxml.jackson.databind.ObjectMapper.readValue","/extensions/cloud/portability-cloud-google/src/main/java/org/datatransferproject/cloud/google/GoogleJobStore.java","327","14","327","59"
"idDeserial",,"warning","Deserialization method called: com.fasterxml.jackson.databind.ObjectMapper.readValue","/extensions/config/portability-config-yaml/src/main/java/org/datatransferproject/config/yaml/YamlSettingsExtension.java","80","20","80","50"
"idDeserial",,"warning","Deserialization method called: com.fasterxml.jackson.databind.ObjectMapper.readValue","/extensions/config/portability-config-yaml/src/main/java/org/datatransferproject/config/yaml/YamlSettingsExtension.java","92","38","92","85"
"idDeserial",,"warning","Deserialization method called: com.fasterxml.jackson.databind.ObjectMapper.readValue","/extensions/data-transfer/portability-data-transfer-deezer/src/main/java/org/datatransferproject/transfer/deezer/DeezerApi.java","92","12","92","57"
"idDeserial",,"warning","Deserialization method called: com.fasterxml.jackson.databind.ObjectMapper.readValue","/extensions/data-transfer/portability-data-transfer-deezer/src/main/java/org/datatransferproject/transfer/deezer/DeezerApi.java","107","12","107","48"
"idDeserial",,"warning","Deserialization method called: com.fasterxml.jackson.databind.ObjectMapper.readValue","/extensions/data-transfer/portability-data-transfer-deezer/src/main/java/org/datatransferproject/transfer/deezer/DeezerApi.java","162","12","162","42"
"idDeserial",,"warning","Deserialization method called: com.google.gson.Gson.fromJson","/extensions/data-transfer/portability-data-transfer-google/src/main/java/org/datatransferproject/datatransfer/google/music/GoogleMusicHttpApi.java","178","12","178","39"
"idDeserial",,"warning","Deserialization method called: com.fasterxml.jackson.databind.ObjectMapper.readValue","/extensions/data-transfer/portability-data-transfer-google/src/main/java/org/datatransferproject/datatransfer/google/media/GoogleMediaExporter.java","468","23","468","79"
"idDeserial",,"warning","Deserialization method called: com.fasterxml.jackson.databind.ObjectMapper.readValue","/extensions/data-transfer/portability-data-transfer-google/src/main/java/org/datatransferproject/datatransfer/google/music/GoogleMusicHttpApi.java","215","14","215","50"
"idDeserial",,"warning","Deserialization method called: com.fasterxml.jackson.databind.ObjectMapper.readValue","/extensions/data-transfer/portability-data-transfer-google/src/main/java/org/datatransferproject/datatransfer/google/music/GoogleMusicHttpApi.java","248","14","248","50"
"idDeserial",,"warning","Deserialization method called: com.fasterxml.jackson.databind.ObjectMapper.readValue","/extensions/data-transfer/portability-data-transfer-google/src/main/java/org/datatransferproject/datatransfer/google/music/GoogleMusicHttpApi.java","313","12","313","83"
"idDeserial",,"warning","Deserialization method called: com.fasterxml.jackson.databind.ObjectMapper.readValue","/extensions/data-transfer/portability-data-transfer-google/src/main/java/org/datatransferproject/datatransfer/google/photos/GooglePhotosInterface.java","218","12","218","48"
"idDeserial",,"warning","Deserialization method called: com.fasterxml.jackson.databind.ObjectMapper.readValue","/extensions/data-transfer/portability-data-transfer-google/src/main/java/org/datatransferproject/datatransfer/google/photos/GooglePhotosExporter.java","357","23","357","79"
"idDeserial",,"warning","Deserialization method called: com.fasterxml.jackson.databind.ObjectMapper.readValue","/extensions/data-transfer/portability-data-transfer-google/src/main/java/org/datatransferproject/datatransfer/google/photos/GooglePhotosInterface.java","255","14","255","50"
"idDeserial",,"warning","Deserialization method called: com.fasterxml.jackson.databind.ObjectMapper.readValue","/extensions/data-transfer/portability-data-transfer-google/src/main/java/org/datatransferproject/datatransfer/google/photos/GooglePhotosInterface.java","337","12","337","83"
"idDeserial",,"warning","Deserialization method called: com.fasterxml.jackson.databind.ObjectMapper.readValue","/extensions/data-transfer/portability-data-transfer-google/src/main/java/org/datatransferproject/datatransfer/google/videos/GoogleVideosInterface.java","192","14","192","50"
"idDeserial",,"warning","Deserialization method called: com.fasterxml.jackson.databind.ObjectMapper.readValue","/extensions/data-transfer/portability-data-transfer-google/src/main/java/org/datatransferproject/datatransfer/google/videos/GoogleVideosInterface.java","227","12","227","83"
"idDeserial",,"warning","Deserialization method called: com.fasterxml.jackson.databind.ObjectMapper.readValue","/extensions/data-transfer/portability-data-transfer-google/src/test/java/org/datatransferproject/datatransfer/google/mediaModels/AlbumListResponseTest.java","36","45","36","114"
"idDeserial",,"warning","Deserialization method called: com.fasterxml.jackson.databind.ObjectMapper.readValue","/extensions/data-transfer/portability-data-transfer-google/src/test/java/org/datatransferproject/datatransfer/google/mediaModels/BatchMediaItemResponseTest.java","39","55","40","39"
"idDeserial",,"warning","Deserialization method called: com.fasterxml.jackson.databind.ObjectMapper.readValue","/extensions/data-transfer/portability-data-transfer-google/src/test/java/org/datatransferproject/datatransfer/google/mediaModels/GoogleAlbumTest.java","28","33","28","90"
"idDeserial",,"warning","Deserialization method called: com.fasterxml.jackson.databind.ObjectMapper.readValue","/extensions/data-transfer/portability-data-transfer-google/src/test/java/org/datatransferproject/datatransfer/google/mediaModels/GoogleMediaItemTest.java","43","41","43","106"
"idDeserial",,"warning","Deserialization method called: com.fasterxml.jackson.databind.ObjectMapper.readValue","/extensions/data-transfer/portability-data-transfer-google/src/test/java/org/datatransferproject/datatransfer/google/mediaModels/MediaItemSearchResponseTest.java","40","57","40","138"
"idDeserial",,"warning","Deserialization method called: com.fasterxml.jackson.databind.ObjectMapper.readValue","/extensions/data-transfer/portability-data-transfer-google/src/test/java/org/datatransferproject/datatransfer/google/mediaModels/MediaMetadataTest.java","28","37","28","98"
"idDeserial",,"warning","Deserialization method called: com.fasterxml.jackson.databind.ObjectMapper.readValue","/extensions/data-transfer/portability-data-transfer-google/src/test/java/org/datatransferproject/datatransfer/google/mediaModels/PhotoTest.java","23","21","23","66"
"idDeserial",,"warning","Deserialization method called: com.fasterxml.jackson.databind.ObjectMapper.readValue","/extensions/data-transfer/portability-data-transfer-google/src/test/java/org/datatransferproject/datatransfer/google/mediaModels/StatusTest.java","22","23","23","23"
"idDeserial",,"warning","Deserialization method called: com.fasterxml.jackson.databind.ObjectMapper.readValue","/extensions/data-transfer/portability-data-transfer-google/src/test/java/org/datatransferproject/datatransfer/google/mediaModels/VideoTest.java","22","21","22","66"
"idDeserial",,"warning","Deserialization method called: com.fasterxml.jackson.databind.ObjectMapper.readValue","/extensions/data-transfer/portability-data-transfer-google/src/test/java/org/datatransferproject/datatransfer/google/media/GoogleMediaExporterTest.java","349","9","349","95"
"idDeserial",,"warning","Deserialization method called: java.io.ObjectInputStream.readObject","/extensions/data-transfer/portability-data-transfer-google/src/test/java/org/datatransferproject/datatransfer/google/photos/PhotoResultSerializationTest.java","22","25","22","64"
"idDeserial",,"warning","Deserialization method called: com.fasterxml.jackson.databind.ObjectMapper.readValue","/extensions/data-transfer/portability-data-transfer-google/src/test/java/org/datatransferproject/datatransfer/google/photos/GooglePhotosExporterTest.java","275","9","275","95"
"idDeserial",,"warning","Deserialization method called: java.io.ObjectInputStream.readObject","/extensions/data-transfer/portability-data-transfer-google/src/test/java/org/datatransferproject/datatransfer/google/videos/VideoResultSerializationTest.java","18","25","18","64"
"idDeserial",,"warning","Deserialization method called: com.fasterxml.jackson.databind.ObjectMapper.readValue","/extensions/data-transfer/portability-data-transfer-imgur/src/main/java/org/datatransferproject/datatransfer/imgur/photos/ImgurPhotosImporter.java","126","40","126","86"
"idDeserial",,"warning","Deserialization method called: com.fasterxml.jackson.databind.ObjectMapper.readValue","/extensions/data-transfer/portability-data-transfer-instagram/src/main/java/org/datatransferproject/transfer/instagram/photos/InstagramPhotoExporter.java","123","12","123","48"
"idDeserial",,"warning","Deserialization method called: com.fasterxml.jackson.databind.ObjectMapper.readValue","/extensions/data-transfer/portability-data-transfer-koofr/src/main/java/org/datatransferproject/transfer/koofr/common/KoofrClient.java","221","42","221","88"
"idDeserial",,"warning","Deserialization method called: com.fasterxml.jackson.databind.ObjectMapper.readValue","/extensions/data-transfer/portability-data-transfer-koofr/src/main/java/org/datatransferproject/transfer/koofr/common/KoofrClient.java","261","21","261","78"
"idDeserial",,"warning","Deserialization method called: com.fasterxml.jackson.databind.ObjectMapper.readValue","/extensions/data-transfer/portability-data-transfer-koofr/src/main/java/org/datatransferproject/transfer/koofr/common/KoofrClient.java","291","42","291","88"
"idDeserial",,"warning","Deserialization method called: com.fasterxml.jackson.databind.ObjectMapper.readValue","/extensions/data-transfer/portability-data-transfer-mastodon/src/main/java/org/datatransferproject/transfer/mastodon/social/MastodonHttpUtilities.java","114","14","114","54"
"idDeserial",,"warning","Deserialization method called: com.fasterxml.jackson.databind.ObjectMapper.readValue","/extensions/data-transfer/portability-data-transfer-microsoft/src/main/java/org/datatransferproject/transfer/microsoft/common/RequestHelper.java","91","46","91","92"
"idDeserial",,"warning","Deserialization method called: com.fasterxml.jackson.databind.ObjectMapper.readValue","/extensions/data-transfer/portability-data-transfer-microsoft/src/main/java/org/datatransferproject/transfer/microsoft/media/MicrosoftMediaInterface.java","95","12","95","49"
"idDeserial",,"warning","Deserialization method called: com.fasterxml.jackson.databind.ObjectMapper.readValue","/extensions/data-transfer/portability-data-transfer-microsoft/src/main/java/org/datatransferproject/transfer/microsoft/media/MicrosoftMediaImporter.java","186","42","186","88"
"idDeserial",,"warning","Deserialization method called: com.fasterxml.jackson.databind.ObjectMapper.readValue","/extensions/data-transfer/portability-data-transfer-microsoft/src/main/java/org/datatransferproject/transfer/microsoft/media/MicrosoftMediaImporter.java","240","9","240","68"
"idDeserial",,"warning","Deserialization method called: com.fasterxml.jackson.databind.ObjectMapper.readValue","/extensions/data-transfer/portability-data-transfer-microsoft/src/main/java/org/datatransferproject/transfer/microsoft/media/MicrosoftMediaImporter.java","313","9","313","63"
"idDeserial",,"warning","Deserialization method called: com.fasterxml.jackson.databind.ObjectMapper.readValue","/extensions/data-transfer/portability-data-transfer-microsoft/src/main/java/org/datatransferproject/transfer/microsoft/photos/MicrosoftPhotosInterface.java","96","12","96","49"
"idDeserial",,"warning","Deserialization method called: com.fasterxml.jackson.databind.ObjectMapper.readValue","/extensions/data-transfer/portability-data-transfer-microsoft/src/main/java/org/datatransferproject/transfer/microsoft/photos/MicrosoftPhotosImporter.java","183","42","183","88"
"idDeserial",,"warning","Deserialization method called: com.fasterxml.jackson.databind.ObjectMapper.readValue","/extensions/data-transfer/portability-data-transfer-microsoft/src/main/java/org/datatransferproject/transfer/microsoft/photos/MicrosoftPhotosImporter.java","225","45","225","104"
"idDeserial",,"warning","Deserialization method called: com.fasterxml.jackson.databind.ObjectMapper.readValue","/extensions/data-transfer/portability-data-transfer-microsoft/src/main/java/org/datatransferproject/transfer/microsoft/photos/MicrosoftPhotosImporter.java","315","46","315","100"
"idDeserial",,"warning","Deserialization method called: com.fasterxml.jackson.databind.ObjectMapper.readValue","/extensions/data-transfer/portability-data-transfer-microsoft/src/test/java/org/datatransferproject/transfer/microsoft/integration/MicrosoftCalendarImportTest.java","229","31","229","93"
"idDeserial",,"warning","Deserialization method called: com.fasterxml.jackson.databind.ObjectMapper.readValue","/extensions/data-transfer/portability-data-transfer-microsoft/src/test/java/org/datatransferproject/transfer/microsoft/integration/MicrosoftCalendarImportTest.java","253","31","253","90"
"idDeserial",,"warning","Deserialization method called: com.fasterxml.jackson.databind.ObjectMapper.readValue","/extensions/data-transfer/portability-data-transfer-microsoft/src/test/java/org/datatransferproject/transfer/microsoft/transformer/calendar/ToCalendarEventModelTransformerTest.java","109","36","109","85"
"idDeserial",,"warning","Deserialization method called: com.fasterxml.jackson.databind.ObjectMapper.readValue","/extensions/data-transfer/portability-data-transfer-microsoft/src/test/java/org/datatransferproject/transfer/microsoft/transformer/calendar/ToCalendarModelTransformerTest.java","51","36","51","79"
"idDeserial",,"warning","Deserialization method called: com.fasterxml.jackson.databind.ObjectMapper.readValue","/extensions/data-transfer/portability-data-transfer-smugmug/src/main/java/org/datatransferproject/transfer/smugmug/SmugMugInterface.java","235","14","235","64"
"idDeserial",,"warning","Deserialization method called: com.fasterxml.jackson.databind.ObjectMapper.readValue","/extensions/data-transfer/portability-data-transfer-smugmug/src/main/java/org/datatransferproject/transfer/smugmug/SmugMugInterface.java","298","14","298","64"
"idDeserial",,"warning","Deserialization method called: com.fasterxml.jackson.databind.ObjectMapper.readValue","/extensions/security/portability-security-cleartext/src/main/java/org/datatransferproject/security/cleartext/ClearTextAuthDataDecryptService.java","41","14","41","66"
"idDeserial",,"warning","Deserialization method called: com.fasterxml.jackson.databind.ObjectMapper.readValue","/extensions/security/portability-security-jwe/src/main/java/org/datatransferproject/security/jwe/JWEAuthDataDecryptService.java","56","14","56","87"
"idDeserial",,"warning","Deserialization method called: com.fasterxml.jackson.databind.ObjectMapper.readValue","/libraries/auth/src/main/java/org/datatransferproject/auth/OAuth2Config.java","71","36","71","98"
"idDeserial",,"warning","Deserialization method called: com.fasterxml.jackson.databind.ObjectMapper.readValue","/libraries/auth/src/main/java/org/datatransferproject/auth/OAuthUtils.java","54","12","54","54"
"idDeserial",,"warning","Deserialization method called: com.fasterxml.jackson.databind.ObjectMapper.readValue","/portability-api/src/main/java/org/datatransferproject/api/action/transfer/GenerateServiceAuthDataAction.java","97","27","97","76"
"idDeserial",,"warning","Deserialization method called: com.fasterxml.jackson.databind.ObjectMapper.readValue","/portability-spi-cloud/src/test/java/org/datatransferproject/spi/cloud/types/PortabilityJobTest.java","77","9","77","82"
"idDeserial",,"warning","Deserialization method called: com.fasterxml.jackson.databind.ObjectMapper.readValue","/portability-spi-cloud/src/test/java/org/datatransferproject/spi/cloud/types/PortabilityJobTest.java","81","38","81","96"
"idDeserial",,"warning","Deserialization method called: com.fasterxml.jackson.databind.ObjectMapper.readValue","/portability-spi-cloud/src/test/java/org/datatransferproject/spi/cloud/types/PortabilityJobTest.java","117","9","117","82"
"idDeserial",,"warning","Deserialization method called: com.fasterxml.jackson.databind.ObjectMapper.readValue","/portability-spi-cloud/src/test/java/org/datatransferproject/spi/cloud/types/PortabilityJobTest.java","121","38","121","96"
"idDeserial",,"warning","Deserialization method called: com.fasterxml.jackson.databind.ObjectMapper.readValue","/portability-spi-cloud/src/test/java/org/datatransferproject/spi/cloud/types/PortabilityJobTest.java","146","38","146","96"
"idDeserial",,"warning","Deserialization method called: com.fasterxml.jackson.databind.ObjectMapper.readValue","/portability-spi-cloud/src/test/java/org/datatransferproject/spi/cloud/types/PortabilityJobTest.java","173","38","173","96"
"idDeserial",,"warning","Deserialization method called: com.fasterxml.jackson.databind.ObjectMapper.readValue","/portability-spi-transfer/src/test/java/org/datatransferproject/spi/transfer/types/ContinuationDataTest.java","25","37","25","94"
"idDeserial",,"warning","Deserialization method called: com.fasterxml.jackson.databind.ObjectMapper.readValue","/portability-transfer/src/main/java/org/datatransferproject/transfer/JobProcessor.java","112","33","112","96"
"idDeserial",,"warning","Deserialization method called: com.fasterxml.jackson.databind.ObjectMapper.readValue","/portability-transfer/src/main/java/org/datatransferproject/transfer/JobProcessor.java","113","33","113","96"
"idDeserial",,"warning","Deserialization method called: com.fasterxml.jackson.databind.ObjectMapper.readValue","/portability-transfer/src/main/java/org/datatransferproject/transfer/JobProcessor.java","118","42","118","103"
"idDeserial",,"warning","Deserialization method called: com.fasterxml.jackson.databind.ObjectMapper.readValue","/portability-types-client/src/test/java/org/datatransferproject/types/client/transfer/CreateTransferJobTest.java","43","38","43","96"
"idDeserial",,"warning","Deserialization method called: com.fasterxml.jackson.databind.ObjectMapper.readValue","/portability-types-client/src/test/java/org/datatransferproject/types/client/transfer/TransferJobTest.java","48","9","48","61"
"idDeserial",,"warning","Deserialization method called: com.fasterxml.jackson.databind.ObjectMapper.readValue","/portability-types-common/src/test/java/org/datatransferproject/types/common/models/DataVerticalTest.java","16","32","16","69"
"idDeserial",,"warning","Deserialization method called: com.fasterxml.jackson.databind.ObjectMapper.readValue","/portability-types-common/src/test/java/org/datatransferproject/types/common/models/DateRangeContainerResourceTest.java","37","13","37","71"
"idDeserial",,"warning","Deserialization method called: com.fasterxml.jackson.databind.ObjectMapper.readValue","/portability-types-common/src/test/java/org/datatransferproject/types/common/models/blob/BlobbyStorageContainerResourceTest.java","38","43","39","32"
"idDeserial",,"warning","Deserialization method called: com.fasterxml.jackson.databind.ObjectMapper.readValue","/portability-types-common/src/test/java/org/datatransferproject/types/common/models/calendar/CalendarContainerResourceTest.java","47","9","47","67"
"idDeserial",,"warning","Deserialization method called: com.fasterxml.jackson.databind.ObjectMapper.readValue","/portability-types-common/src/test/java/org/datatransferproject/types/common/models/mail/MailContainerResourceTest.java","31","9","31","67"
"idDeserial",,"warning","Deserialization method called: com.fasterxml.jackson.databind.ObjectMapper.readValue","/portability-types-common/src/test/java/org/datatransferproject/types/common/models/media/MediaContainerResourceTest.java","44","9","44","67"
"idDeserial",,"warning","Deserialization method called: com.fasterxml.jackson.databind.ObjectMapper.readValue","/portability-types-common/src/test/java/org/datatransferproject/types/common/models/music/MusicContainerResourceTest.java","72","9","72","67"
"idDeserial",,"warning","Deserialization method called: com.fasterxml.jackson.databind.ObjectMapper.readValue","/portability-types-common/src/test/java/org/datatransferproject/types/common/models/photos/PhotosContainerResourceTest.java","35","9","35","67"
"idDeserial",,"warning","Deserialization method called: com.fasterxml.jackson.databind.ObjectMapper.readValue","/portability-types-common/src/test/java/org/datatransferproject/types/common/models/social/SocialActivityContainerResourceTest.java","92","9","92","67"
"idDeserial",,"warning","Deserialization method called: com.fasterxml.jackson.databind.ObjectMapper.readValue","/portability-types-common/src/test/java/org/datatransferproject/types/common/models/tasks/TaskContainerResourceTest.java","32","9","32","67"
"idDeserial",,"warning","Deserialization method called: com.fasterxml.jackson.databind.ObjectMapper.readValue","/portability-types-common/src/test/java/org/datatransferproject/types/common/models/videos/VideosContainerResourceTest.java","47","13","47","71"
"idDeserial",,"warning","Deserialization method called: com.fasterxml.jackson.databind.ObjectMapper.readValue","/portability-types-transfer/src/main/java/org/datatransferproject/types/transfer/serviceconfig/TransferServiceConfig.java","39","9","39","81"
"idDeserial",,"warning","Deserialization method called: com.fasterxml.jackson.databind.ObjectMapper.readValue","/portability-types-transfer/src/test/java/org/datatransferproject/types/transfer/auth/AuthDataSerializationTest.java","35","32","35","72"
"idDeserial",,"warning","Deserialization method called: com.fasterxml.jackson.databind.ObjectMapper.readValue","/portability-types-transfer/src/test/java/org/datatransferproject/types/transfer/auth/AuthDataSerializationTest.java","50","32","50","72"
"idDeserial",,"warning","Deserialization method called: com.fasterxml.jackson.databind.ObjectMapper.readValue","/portability-types-transfer/src/test/java/org/datatransferproject/types/transfer/auth/AuthDataSerializationTest.java","66","32","66","72"
"idDeserial",,"warning","Deserialization method called: com.fasterxml.jackson.databind.ObjectMapper.readValue","/portability-types-transfer/src/test/java/org/datatransferproject/types/transfer/auth/AuthDataSerializationTest.java","84","32","84","72"
