"idDeserial",,"warning","Deserialization method called: com.fasterxml.jackson.databind.ObjectMapper.readValue","/client-hc/src/main/java/com/graphhopper/api/GraphHopperGeocoding.java","89","42","89","107"
"idDeserial",,"warning","Deserialization method called: com.fasterxml.jackson.databind.ObjectMapper.readValue","/client-hc/src/test/java/com/graphhopper/api/GraphHopperWebTest.java","119","26","119","99"
"idDeserial",,"warning","Deserialization method called: com.fasterxml.jackson.databind.ObjectMapper.readValue","/client-hc/src/test/java/com/graphhopper/api/model/GHGeocodingResponseRepresentationTest.java","36","49","36","142"
"idDeserial",,"warning","Deserialization method called: com.fasterxml.jackson.databind.ObjectMapper.readValue","/core/src/main/java/com/graphhopper/GraphHopper.java","970","67","970","125"
"idDeserial",,"warning","Deserialization method called: com.fasterxml.jackson.databind.ObjectMapper.readValue","/core/src/main/java/com/graphhopper/GraphHopper.java","1489","58","1489","110"
"idDeserial",,"warning","Deserialization method called: com.fasterxml.jackson.databind.ObjectMapper.readValue","/core/src/main/java/com/graphhopper/GraphHopper.java","1515","35","1515","99"
"idDeserial",,"warning","Deserialization method called: com.fasterxml.jackson.databind.ObjectMapper.readValue","/core/src/main/java/com/graphhopper/GraphHopper.java","1552","74","1552","116"
"idDeserial",,"warning","Deserialization method called: com.fasterxml.jackson.databind.ObjectMapper.readValue","/core/src/main/java/com/graphhopper/routing/lm/LMPreparationHandler.java","243","44","243","102"
"idDeserial",,"warning","Deserialization method called: com.fasterxml.jackson.databind.ObjectMapper.readValue","/core/src/main/java/com/graphhopper/routing/util/EncodingManager.java","99","20","99","88"
"idDeserial",,"warning","Deserialization method called: com.fasterxml.jackson.databind.ObjectMapper.readValue","/core/src/main/java/com/graphhopper/routing/util/MaxSpeedCalculator.java","59","20","59","137"
"idDeserial",,"warning","Deserialization method called: com.fasterxml.jackson.databind.ObjectMapper.readValue","/core/src/main/java/com/graphhopper/util/GHUtility.java","487","59","487","117"
"idDeserial",,"warning","Deserialization method called: com.fasterxml.jackson.databind.ObjectMapper.readValue","/core/src/main/java/com/graphhopper/util/GHUtility.java","648","20","648","66"
"idDeserial",,"warning","Deserialization method called: com.fasterxml.jackson.databind.ObjectMapper.readValue","/core/src/test/java/com/graphhopper/GraphHopperProfileTest.java","43","27","43","69"
"idDeserial",,"warning","Deserialization method called: com.fasterxml.jackson.databind.ObjectMapper.readValue","/core/src/test/java/com/graphhopper/routing/weighting/custom/CustomWeightingTest.java","262","28","263","138"
"idDeserial",,"warning","Deserialization method called: java.io.ObjectInputStream.readObject","/reader-gtfs/src/main/java/com/graphhopper/gtfs/GtfsStorage.java","214","40","214","55"
"idDeserial",,"warning","Deserialization method called: java.io.ObjectInputStream.readObject","/reader-gtfs/src/main/java/com/graphhopper/gtfs/PtGraph.java","272","58","272","72"
"idDeserial",,"warning","Deserialization method called: java.io.ObjectInputStream.readObject","/reader-gtfs/src/main/java/com/graphhopper/gtfs/PtGraph.java","273","78","273","92"
"idDeserial",,"warning","Deserialization method called: java.io.ObjectInputStream.readObject","/reader-gtfs/src/main/java/com/graphhopper/gtfs/PtGraph.java","274","71","274","85"
"idDeserial",,"warning","Deserialization method called: java.io.ObjectInputStream.readObject","/reader-gtfs/src/main/java/com/graphhopper/gtfs/PtGraph.java","275","78","275","92"
"idDeserial",,"warning","Deserialization method called: com.fasterxml.jackson.databind.ObjectMapper.readValue","/tools/src/main/java/com/graphhopper/tools/Measurement.java","708","20","708","107"
"idDeserial",,"warning","Deserialization method called: com.fasterxml.jackson.databind.ObjectMapper.readValue","/web/src/main/java/com/graphhopper/application/cli/MatchCommand.java","113","27","113","65"
"idDeserial",,"warning","Deserialization method called: com.fasterxml.jackson.databind.ObjectMapper.readValue","/web/src/test/java/com/graphhopper/application/MapMatching2Test.java","69","19","69","97"
"idDeserial",,"warning","Deserialization method called: com.fasterxml.jackson.databind.ObjectMapper.readValue","/web/src/test/java/com/graphhopper/application/MapMatching2Test.java","95","19","95","97"
"idDeserial",,"warning","Deserialization method called: com.fasterxml.jackson.databind.ObjectMapper.readValue","/web/src/test/java/com/graphhopper/application/MapMatching2Test.java","117","19","117","98"
"idDeserial",,"warning","Deserialization method called: com.fasterxml.jackson.databind.ObjectMapper.readValue","/web/src/test/java/com/graphhopper/application/MapMatchingTest.java","195","19","195","109"
"idDeserial",,"warning","Deserialization method called: com.fasterxml.jackson.databind.ObjectMapper.readValue","/web/src/test/java/com/graphhopper/application/MapMatchingTest.java","206","19","206","109"
"idDeserial",,"warning","Deserialization method called: com.fasterxml.jackson.databind.ObjectMapper.readValue","/web/src/test/java/com/graphhopper/application/MapMatchingTest.java","250","19","250","104"
"idDeserial",,"warning","Deserialization method called: com.fasterxml.jackson.databind.ObjectMapper.readValue","/web/src/test/java/com/graphhopper/application/MapMatchingTest.java","268","19","268","103"
"idDeserial",,"warning","Deserialization method called: com.fasterxml.jackson.databind.ObjectMapper.readValue","/web/src/test/java/com/graphhopper/application/MapMatchingTest.java","289","19","289","105"
"idDeserial",,"warning","Deserialization method called: com.fasterxml.jackson.databind.ObjectMapper.readValue","/web/src/test/java/com/graphhopper/application/TrkTest.java","42","19","42","94"
"idDeserial",,"warning","Deserialization method called: com.fasterxml.jackson.databind.ObjectMapper.readValue","/web/src/test/java/com/graphhopper/application/TrkTest.java","51","19","51","94"
"idDeserial",,"warning","Deserialization method called: com.fasterxml.jackson.databind.ObjectMapper.readValue","/web/src/test/java/com/graphhopper/application/TrkTest.java","58","19","58","104"
"idDeserial",,"warning","Deserialization method called: com.fasterxml.jackson.databind.ObjectMapper.readValue","/web/src/test/java/com/graphhopper/application/TrkTest.java","67","19","67","95"
"idDeserial",,"warning","Deserialization method called: com.fasterxml.jackson.databind.ObjectMapper.readValue","/web/src/test/java/com/graphhopper/application/TrkTest.java","73","19","73","98"
"idDeserial",,"warning","Deserialization method called: com.fasterxml.jackson.databind.ObjectMapper.readValue","/web/src/test/java/com/graphhopper/application/TrkTest.java","79","19","79","97"
"idDeserial",,"warning","Deserialization method called: com.fasterxml.jackson.databind.ObjectMapper.readValue","/web-api/src/test/java/com/graphhopper/jackson/JsonFeatureCollectionTest.java","86","17","86","142"
"idDeserial",,"warning","Deserialization method called: com.fasterxml.jackson.databind.ObjectMapper.readValue","/web-api/src/test/java/com/graphhopper/jackson/JsonFeatureCollectionTest.java","92","38","92","163"
"idDeserial",,"warning","Deserialization method called: com.fasterxml.jackson.databind.ObjectMapper.readValue","/web-api/src/test/java/com/graphhopper/jackson/StatementDeserializerTest.java","39","31","39","103"
"idDeserial",,"warning","Deserialization method called: com.fasterxml.jackson.databind.ObjectMapper.readValue","/web-api/src/test/java/com/graphhopper/jackson/StatementDeserializerTest.java","53","31","53","109"
"idDeserial",,"warning","Deserialization method called: com.fasterxml.jackson.databind.ObjectMapper.readValue","/web-bundle/src/test/java/com/graphhopper/jackson/GraphHopperConfigModuleTest.java","36","47","36","139"
