"idDeserial",,"warning","Deserialization method called: java.io.ObjectInputStream.readObject","/src/main/java/jsr166y/ConcurrentLinkedDeque.java","1395","24","1395","37"
"idDeserial",,"warning","Deserialization method called: java.io.ObjectInputStream.readObject","/src/main/java/jsr166y/ForkJoinTask.java","1520","21","1520","34"
"idDeserial",,"warning","Deserialization method called: java.io.ObjectInputStream.readObject","/src/main/java/jsr166y/LinkedTransferQueue.java","1295","26","1295","39"
"idDeserial",,"warning","Deserialization method called: java.io.ObjectInputStream.readObject","/src/main/java/water/nbhm/NonBlockingHashMap.java","1380","31","1380","44"
"idDeserial",,"warning","Deserialization method called: java.io.ObjectInputStream.readObject","/src/main/java/water/nbhm/NonBlockingHashMap.java","1381","31","1381","44"
"idDeserial",,"warning","Deserialization method called: java.io.ObjectInputStream.readObject","/src/main/java/water/nbhm/NonBlockingHashMapLong.java","1217","31","1217","44"
"idDeserial",,"warning","Deserialization method called: java.io.ObjectInputStream.readObject","/src/main/java/water/nbhm/NonBlockingIdentityHashMap.java","1272","31","1272","44"
"idDeserial",,"warning","Deserialization method called: java.io.ObjectInputStream.readObject","/src/main/java/water/nbhm/NonBlockingIdentityHashMap.java","1273","31","1273","44"
