"idDeserial",,"warning","Deserialization method called: com.fasterxml.jackson.databind.ObjectMapper.readValue","/http/media/jackson/src/main/java/io/helidon/http/media/jackson/JacksonReader.java","64","24","64","58"
"idDeserial",,"warning","Deserialization method called: com.fasterxml.jackson.databind.ObjectMapper.readValue","/http/media/jackson/src/main/java/io/helidon/http/media/jackson/JacksonReader.java","66","24","66","75"
"idDeserial",,"warning","Deserialization method called: org.yaml.snakeyaml.Yaml.load","/microprofile/openapi/src/test/java/io/helidon/microprofile/openapi/AdditionalPropertiesTest.java","84","37","84","55"
"idDeserial",,"warning","Deserialization method called: org.yaml.snakeyaml.Yaml.load","/microprofile/openapi/src/test/java/io/helidon/microprofile/openapi/BasicServerTest.java","65","20","65","44"
"idDeserial",,"warning","Deserialization method called: org.yaml.snakeyaml.Yaml.load","/microprofile/openapi/src/test/java/io/helidon/microprofile/openapi/ServerConfigTest.java","55","20","55","44"
"idDeserial",,"warning","Deserialization method called: org.yaml.snakeyaml.Yaml.load","/openapi/openapi/src/main/java/io/helidon/openapi/SimpleOpenApiManager.java","61","29","61","46"
"idDeserial",,"warning","Deserialization method called: org.yaml.snakeyaml.Yaml.load","/openapi/openapi/src/main/java/io/helidon/openapi/SimpleOpenApiManager.java","86","29","86","43"
"idDeserial",,"warning","Deserialization method called: org.yaml.snakeyaml.Yaml.load","/openapi/openapi/src/test/java/io/helidon/openapi/OpenApiFeatureTest.java","167","16","167","39"
"idDeserial",,"warning","Deserialization method called: org.yaml.snakeyaml.Yaml.load","/openapi/openapi/src/test/java/io/helidon/openapi/SimpleOpenApiManagerTest.java","66","37","66","56"
"idDeserial",,"warning","Deserialization method called: java.io.ObjectInputStream.readObject","/tests/integration/jep290/check_f_f_ok/src/test/java/io/helidon/tests/integration/jep290/checkffok/DeserializationTest.java","79","20","79","35"
"idDeserial",,"warning","Deserialization method called: java.io.ObjectInputStream.readObject","/tests/integration/jep290/check_f_f_ok/src/test/java/io/helidon/tests/integration/jep290/checkffok/DeserializationTest.java","104","51","104","65"
"idDeserial",,"warning","Deserialization method called: java.io.ObjectInputStream.readObject","/tests/integration/jep290/check_f_f_w/src/test/java/io/helidon/tests/integration/jep290/checkffw/DeserializationTest.java","79","20","79","35"
"idDeserial",,"warning","Deserialization method called: java.io.ObjectInputStream.readObject","/tests/integration/jep290/check_f_f_w/src/test/java/io/helidon/tests/integration/jep290/checkffw/DeserializationTest.java","103","20","103","35"
"idDeserial",,"warning","Deserialization method called: java.io.ObjectInputStream.readObject","/tests/integration/jep290/check_f_p_ok/src/test/java/io/helidon/tests/integration/jep290/checkfpok/DeserializationTest.java","68","20","68","35"
"idDeserial",,"warning","Deserialization method called: java.io.ObjectInputStream.readObject","/tests/integration/jep290/check_f_p_ok/src/test/java/io/helidon/tests/integration/jep290/checkfpok/DeserializationTest.java","93","51","93","65"
"idDeserial",,"warning","Deserialization method called: java.io.ObjectInputStream.readObject","/tests/integration/jep290/check_f_p_w/src/test/java/io/helidon/tests/integration/jep290/checkfpw/DeserializationTest.java","67","20","67","35"
"idDeserial",,"warning","Deserialization method called: java.io.ObjectInputStream.readObject","/tests/integration/jep290/check_f_p_w/src/test/java/io/helidon/tests/integration/jep290/checkfpw/DeserializationTest.java","91","20","91","35"
"idDeserial",,"warning","Deserialization method called: java.io.ObjectInputStream.readObject","/tests/integration/jep290/server_and_custom/src/test/java/io/helidon/tests/integration/jep290/serverandcustom/CustomConfigTest.java","68","20","68","35"
"idDeserial",,"warning","Deserialization method called: java.io.ObjectInputStream.readObject","/tests/integration/jep290/server_and_custom/src/test/java/io/helidon/tests/integration/jep290/serverandcustom/CustomConfigTest.java","92","51","92","65"
"idDeserial",,"warning","Deserialization method called: java.io.ObjectInputStream.readObject","/tests/integration/jep290/set_c_f_c/src/test/java/io/helidon/tests/integration/jep290/setcfc/DeserializationTest.java","68","20","68","35"
"idDeserial",,"warning","Deserialization method called: java.io.ObjectInputStream.readObject","/tests/integration/jep290/set_c_f_c/src/test/java/io/helidon/tests/integration/jep290/setcfc/DeserializationTest.java","91","20","91","35"
"idDeserial",,"warning","Deserialization method called: java.io.ObjectInputStream.readObject","/tests/integration/jep290/set_c_f_c/src/test/java/io/helidon/tests/integration/jep290/setcfc/DeserializationTest.java","115","51","115","65"
"idDeserial",,"warning","Deserialization method called: java.io.ObjectInputStream.readObject","/tests/integration/jep290/set_c_f_d/src/test/java/io/helidon/tests/integration/jep290/setcfd/DeserializationTest.java","67","20","67","35"
"idDeserial",,"warning","Deserialization method called: java.io.ObjectInputStream.readObject","/tests/integration/jep290/set_c_f_d/src/test/java/io/helidon/tests/integration/jep290/setcfd/DeserializationTest.java","91","51","91","65"
"idDeserial",,"warning","Deserialization method called: java.io.ObjectInputStream.readObject","/tests/integration/jep290/set_c_t_d/src/test/java/io/helidon/tests/integration/jep290/setctd/DeserializationTest.java","66","51","66","65"
"idDeserial",,"warning","Deserialization method called: java.io.ObjectInputStream.readObject","/tests/integration/jep290/set_c_t_d/src/test/java/io/helidon/tests/integration/jep290/setctd/DeserializationTest.java","84","51","84","65"
"idDeserial",,"warning","Deserialization method called: java.io.ObjectInputStream.readObject","/tests/integration/jep290/set_f/src/test/java/io/helidon/tests/integration/jep290/setf/DeserializationTest.java","65","20","65","35"
"idDeserial",,"warning","Deserialization method called: java.io.ObjectInputStream.readObject","/tests/integration/jep290/set_f/src/test/java/io/helidon/tests/integration/jep290/setf/DeserializationTest.java","89","20","89","35"
"idDeserial",,"warning","Deserialization method called: java.io.ObjectInputStream.readObject","/tests/integration/jep290/set_o/src/test/java/io/helidon/tests/integration/jep290/seto/DeserializationTest.java","63","20","63","35"
"idDeserial",,"warning","Deserialization method called: java.io.ObjectInputStream.readObject","/tests/integration/jep290/set_o/src/test/java/io/helidon/tests/integration/jep290/seto/DeserializationTest.java","87","20","87","35"
