"idDeserial",,"warning","Deserialization method called: com.thoughtworks.xstream.XStream.fromXML","/src/main/java/de/neemann/digital/analyse/TruthTable.java","47","37","47","55"
"idDeserial",,"warning","Deserialization method called: com.thoughtworks.xstream.XStream.fromXML","/src/main/java/de/neemann/digital/draw/elements/Circuit.java","147","41","147","59"
"idDeserial",,"warning","Deserialization method called: com.thoughtworks.xstream.XStream.fromXML","/src/main/java/de/neemann/digital/fsm/FSM.java","97","35","97","53"
"idDeserial",,"warning","Deserialization method called: com.thoughtworks.xstream.XStream.fromXML","/src/main/java/de/neemann/digital/gui/SettingsBase.java","53","44","53","62"
"idDeserial",,"warning","Deserialization method called: com.thoughtworks.xstream.XStream.fromXML","/src/main/java/de/neemann/digital/gui/components/CircuitTransferable.java","80","64","80","82"
"idDeserial",,"warning","Deserialization method called: com.thoughtworks.xstream.XStream.fromXML","/src/main/java/de/neemann/digital/toolchain/Configuration.java","74","36","74","54"
"idDeserial",,"warning","Deserialization method called: com.thoughtworks.xstream.XStream.fromXML","/src/main/java/de/neemann/gui/language/Bundle.java","48","29","48","47"
"idDeserial",,"warning","Deserialization method called: com.thoughtworks.xstream.XStream.fromXML","/src/main/java/de/neemann/gui/language/Resources.java","67","38","67","56"
"idDeserial",,"warning","Deserialization method called: com.thoughtworks.xstream.XStream.fromXML","/src/test/java/de/neemann/digital/core/memory/DataFieldConverterTest.java","39","36","39","110"
"idDeserial",,"warning","Deserialization method called: com.thoughtworks.xstream.XStream.fromXML","/src/test/java/de/neemann/digital/core/memory/DataFieldConverterTest.java","108","25","111","26"
"idDeserial",,"warning","Deserialization method called: com.thoughtworks.xstream.XStream.fromXML","/src/test/java/de/neemann/digital/core/memory/DataFieldConverterTest.java","124","25","127","26"
"idDeserial",,"warning","Deserialization method called: com.thoughtworks.xstream.XStream.fromXML","/src/test/java/de/neemann/digital/core/memory/DataFieldConverterTest.java","162","36","165","69"
"idDeserial",,"warning","Deserialization method called: com.thoughtworks.xstream.XStream.fromXML","/src/test/java/de/neemann/digital/core/memory/DataFieldConverterTest.java","176","36","188","31"
