"idDeserial",,"warning","Deserialization method called: com.fasterxml.jackson.databind.ObjectMapper.readValue","/codegen/src/main/java/org/web3j/codegen/SolidityFunctionWrapperGenerator.java","149","41","149","94"
"idDeserial",,"warning","Deserialization method called: com.fasterxml.jackson.databind.ObjectMapper.readValue","/codegen/src/main/java/org/web3j/codegen/TruffleJsonFunctionWrapperGenerator.java","169","16","169","63"
"idDeserial",,"warning","Deserialization method called: com.fasterxml.jackson.databind.ObjectMapper.readValue","/codegen/src/main/java/org/web3j/codegen/SolidityFunctionWrapper.java","2232","41","2232","90"
"idDeserial",,"warning","Deserialization method called: com.fasterxml.jackson.databind.ObjectMapper.readValue","/core/src/main/java/org/web3j/crypto/WalletUtils.java","163","33","163","80"
"idDeserial",,"warning","Deserialization method called: com.fasterxml.jackson.databind.ObjectMapper.readValue","/core/src/main/java/org/web3j/crypto/WalletUtils.java","184","33","184","81"
"idDeserial",,"warning","Deserialization method called: com.fasterxml.jackson.databind.ObjectMapper.readValue","/core/src/main/java/org/web3j/ens/EnsResolver.java","232","21","232","86"
"idDeserial",,"warning","Deserialization method called: com.fasterxml.jackson.databind.ObjectMapper.readValue","/core/src/main/java/org/web3j/protocol/Service.java","50","24","50","67"
"idDeserial",,"warning","Deserialization method called: com.fasterxml.jackson.databind.ObjectMapper.readValue","/core/src/test/java/org/web3j/crypto/WalletFileTest.java","48","34","48","86"
"idDeserial",,"warning","Deserialization method called: com.fasterxml.jackson.databind.ObjectMapper.readValue","/core/src/test/java/org/web3j/crypto/WalletTest.java","77","16","77","63"
"idDeserial",,"warning","Deserialization method called: com.fasterxml.jackson.databind.ObjectMapper.readValue","/core/src/test/java/org/web3j/ens/EnsResolverTest.java","300","42","300","95"
"idDeserial",,"warning","Deserialization method called: com.fasterxml.jackson.databind.ObjectMapper.readValue","/core/src/test/java/org/web3j/ens/EnsResolverTest.java","338","42","338","95"
"idDeserial",,"warning","Deserialization method called: com.fasterxml.jackson.databind.ObjectMapper.readValue","/core/src/test/java/org/web3j/ens/EnsResolverTest.java","359","42","359","95"
"idDeserial",,"warning","Deserialization method called: com.fasterxml.jackson.databind.ObjectMapper.readValue","/core/src/test/java/org/web3j/protocol/core/filters/BlockFilterTest.java","28","17","33","37"
"idDeserial",,"warning","Deserialization method called: com.fasterxml.jackson.databind.ObjectMapper.readValue","/core/src/test/java/org/web3j/protocol/core/filters/FilterTester.java","63","17","69","40"
"idDeserial",,"warning","Deserialization method called: com.fasterxml.jackson.databind.ObjectMapper.readValue","/core/src/test/java/org/web3j/protocol/core/filters/FilterTester.java","72","17","73","99"
"idDeserial",,"warning","Deserialization method called: com.fasterxml.jackson.databind.ObjectMapper.readValue","/core/src/test/java/org/web3j/protocol/core/filters/FilterTester.java","76","17","79","37"
"idDeserial",,"warning","Deserialization method called: com.fasterxml.jackson.databind.ObjectMapper.readValue","/core/src/test/java/org/web3j/protocol/core/filters/LogFilterTest.java","26","17","28","37"
"idDeserial",,"warning","Deserialization method called: com.fasterxml.jackson.databind.ObjectMapper.readValue","/core/src/test/java/org/web3j/protocol/core/filters/PendingTransactionFilterTest.java","27","17","29","37"
"idDeserial",,"warning","Deserialization method called: com.fasterxml.jackson.databind.ObjectMapper.readValue","/core/src/test/java/org/web3j/protocol/rx/JsonRpc2_0RxTest.java","177","17","183","40"
"idDeserial",,"warning","Deserialization method called: com.fasterxml.jackson.databind.ObjectMapper.readValue","/core/src/test/java/org/web3j/protocol/rx/JsonRpc2_0RxTest.java","185","17","189","37"
"idDeserial",,"warning","Deserialization method called: com.fasterxml.jackson.databind.ObjectMapper.readValue","/core/src/test/java/org/web3j/protocol/rx/JsonRpc2_0RxTest.java","191","17","192","99"
"idDeserial",,"warning","Deserialization method called: com.fasterxml.jackson.databind.ObjectMapper.readValue","/core/src/test/java/org/web3j/protocol/rx/JsonRpc2_0RxTest.java","256","17","262","40"
"idDeserial",,"warning","Deserialization method called: com.fasterxml.jackson.databind.ObjectMapper.readValue","/core/src/test/java/org/web3j/protocol/rx/JsonRpc2_0RxTest.java","264","17","268","37"
"idDeserial",,"warning","Deserialization method called: com.fasterxml.jackson.databind.ObjectMapper.readValue","/core/src/test/java/org/web3j/protocol/rx/JsonRpc2_0RxTest.java","270","17","271","99"
"idDeserial",,"warning","Deserialization method called: com.fasterxml.jackson.databind.ObjectMapper.readValue","/crypto/src/main/java/org/web3j/crypto/StructuredDataEncoder.java","468","17","468","89"
"idDeserial",,"warning","Deserialization method called: com.fasterxml.jackson.databind.ObjectMapper.readValue","/crypto/src/test/java/org/web3j/crypto/Secp256k1JWKTest.java","104","36","104","89"
"idDeserial",,"warning","Deserialization method called: com.fasterxml.jackson.databind.ObjectMapper.readValue","/crypto/src/test/java/org/web3j/crypto/Secp256k1JWKTest.java","133","36","133","89"
"idDeserial",,"warning","Deserialization method called: com.fasterxml.jackson.databind.ObjectMapper.readValue","/crypto/src/test/java/org/web3j/crypto/StructuredDataTest.java","52","16","57","59"
