"idDeserial",,"warning","Deserialization method called: com.google.gson.Gson.fromJson","/app/src/main/java/com/meiji/toutiao/module/news/article/NewsArticlePresenter.java","80","38","80","105"
"idDeserial",,"warning","Deserialization method called: com.google.gson.Gson.fromJson","/app/src/main/java/com/meiji/toutiao/module/photo/content/PhotoContentPresenter.java","244","32","244","82"
"idDeserial",,"warning","Deserialization method called: com.google.gson.Gson.fromJson","/app/src/main/java/com/meiji/toutiao/module/search/result/SearchResultPresenter.java","41","28","41","58"
"idDeserial",,"warning","Deserialization method called: com.google.gson.Gson.fromJson","/app/src/main/java/com/meiji/toutiao/module/search/result/SearchResultPresenter.java","70","57","70","99"
"idDeserial",,"warning","Deserialization method called: com.google.gson.Gson.fromJson","/app/src/main/java/com/meiji/toutiao/module/search/result/SearchResultPresenter.java","83","53","83","103"
"idDeserial",,"warning","Deserialization method called: com.google.gson.Gson.fromJson","/app/src/main/java/com/meiji/toutiao/module/video/article/VideoArticlePresenter.java","60","38","60","105"
"idDeserial",,"warning","Deserialization method called: com.google.gson.Gson.fromJson","/app/src/main/java/com/meiji/toutiao/module/wenda/article/WendaArticlePresenter.java","54","60","54","119"
"idDeserial",,"warning","Deserialization method called: com.google.gson.Gson.fromJson","/app/src/main/java/com/meiji/toutiao/module/wenda/article/WendaArticlePresenter.java","62","64","62","131"
"idDeserial",,"warning","Deserialization method called: com.google.gson.Gson.fromJson","/app/src/main/java/com/meiji/toutiao/module/wenda/article/WendaArticlePresenter.java","63","70","63","143"
"idDeserial",,"warning","Deserialization method called: com.google.gson.Gson.fromJson","/app/src/main/java/com/meiji/toutiao/module/wenda/article/WendaArticlePresenter.java","64","66","64","135"
