"idDeserial",,"warning","Deserialization method called: com.fasterxml.jackson.databind.ObjectMapper.readValue","/criteria/elasticsearch/src/org/immutables/criteria/elasticsearch/ElasticsearchOps.java","136","14","136","39"
"idDeserial",,"warning","Deserialization method called: com.fasterxml.jackson.databind.ObjectMapper.readValue","/criteria/elasticsearch/src/org/immutables/criteria/elasticsearch/IndexOps.java","67","30","67","98"
"idDeserial",,"warning","Deserialization method called: com.fasterxml.jackson.databind.ObjectMapper.readValue","/criteria/elasticsearch/src/org/immutables/criteria/elasticsearch/IndexOps.java","87","30","87","98"
"idDeserial",,"warning","Deserialization method called: com.fasterxml.jackson.databind.ObjectMapper.readValue","/criteria/elasticsearch/test/org/immutables/criteria/elasticsearch/JsonTest.java","49","27","49","73"
"idDeserial",,"warning","Deserialization method called: com.fasterxml.jackson.databind.ObjectMapper.readValue","/criteria/elasticsearch/test/org/immutables/criteria/elasticsearch/JsonTest.java","59","27","59","73"
"idDeserial",,"warning","Deserialization method called: com.fasterxml.jackson.databind.ObjectMapper.readValue","/criteria/elasticsearch/test/org/immutables/criteria/elasticsearch/JsonTest.java","76","27","76","73"
"idDeserial",,"warning","Deserialization method called: com.fasterxml.jackson.databind.ObjectMapper.readValue","/criteria/elasticsearch/test/org/immutables/criteria/elasticsearch/JsonTest.java","90","27","90","73"
"idDeserial",,"warning","Deserialization method called: com.fasterxml.jackson.databind.ObjectMapper.readValue","/criteria/elasticsearch/test/org/immutables/criteria/elasticsearch/JsonTest.java","102","27","102","73"
"idDeserial",,"warning","Deserialization method called: com.fasterxml.jackson.databind.ObjectMapper.readValue","/criteria/elasticsearch/test/org/immutables/criteria/elasticsearch/JsonTest.java","122","27","122","73"
"idDeserial",,"warning","Deserialization method called: com.fasterxml.jackson.databind.ObjectMapper.readValue","/criteria/elasticsearch/test/org/immutables/criteria/elasticsearch/JsonTest.java","148","27","148","73"
"idDeserial",,"warning","Deserialization method called: com.fasterxml.jackson.databind.ObjectMapper.readValue","/criteria/elasticsearch/test/org/immutables/criteria/elasticsearch/ScrollingTest.java","159","31","159","84"
"idDeserial",,"warning","Deserialization method called: com.fasterxml.jackson.databind.ObjectMapper.readValue","/criteria/mongo/test/org/immutables/criteria/mongo/bson4jackson/BsonParserTest.java","187","46","187","85"
"idDeserial",,"warning","Deserialization method called: com.fasterxml.jackson.databind.ObjectMapper.readValue","/criteria/mongo/test/org/immutables/criteria/mongo/bson4jackson/BsonParserTest.java","213","23","213","62"
"idDeserial",,"warning","Deserialization method called: com.fasterxml.jackson.databind.ObjectMapper.readValue","/criteria/mongo/test/org/immutables/criteria/mongo/bson4jackson/JacksonCodecsTest.java","166","12","166","64"
"idDeserial",,"warning","Deserialization method called: com.google.gson.Gson.fromJson","/gson/test/org/immutables/gson/adapter/AdaptReadWriteTest.java","95","22","95","53"
"idDeserial",,"warning","Deserialization method called: com.google.gson.Gson.fromJson","/gson/test/org/immutables/gson/adapter/AdaptReadWriteTest.java","102","23","102","55"
"idDeserial",,"warning","Deserialization method called: com.google.gson.Gson.fromJson","/gson/test/org/immutables/gson/adapter/AdaptReadWriteTest.java","103","11","103","60"
"idDeserial",,"warning","Deserialization method called: com.google.gson.Gson.fromJson","/gson/test/org/immutables/gson/adapter/AlternateNameTest.java","31","11","31","64"
"idDeserial",,"warning","Deserialization method called: com.google.gson.Gson.fromJson","/gson/test/org/immutables/gson/adapter/AlternateNameTest.java","32","11","32","64"
"idDeserial",,"warning","Deserialization method called: com.google.gson.Gson.fromJson","/gson/test/org/immutables/gson/adapter/AlternateNameTest.java","33","11","33","65"
"idDeserial",,"warning","Deserialization method called: com.google.gson.Gson.fromJson","/gson/test/org/immutables/gson/adapter/AlternateNameTest.java","38","11","38","72"
"idDeserial",,"warning","Deserialization method called: com.google.gson.Gson.fromJson","/gson/test/org/immutables/gson/adapter/AlternateNameTest.java","39","11","39","72"
"idDeserial",,"warning","Deserialization method called: com.google.gson.Gson.fromJson","/gson/test/org/immutables/gson/adapter/AlternateNameTest.java","40","11","40","73"
"idDeserial",,"warning","Deserialization method called: com.google.gson.Gson.fromJson","/gson/test/org/immutables/gson/adapter/BraveNewGenericsTest.java","39","14","39","43"
"idDeserial",,"warning","Deserialization method called: com.google.gson.Gson.fromJson","/gson/test/org/immutables/gson/adapter/BraveNewGenericsTest.java","47","22","47","54"
"idDeserial",,"warning","Deserialization method called: com.google.gson.Gson.fromJson","/gson/test/org/immutables/gson/adapter/BraveNewGenericsTest.java","56","25","56","46"
"idDeserial",,"warning","Deserialization method called: com.google.gson.Gson.fromJson","/gson/test/org/immutables/gson/adapter/GsonFeaturesTest.java","69","29","69","100"
"idDeserial",,"warning","Deserialization method called: com.google.gson.Gson.fromJson","/gson/test/org/immutables/gson/adapter/GsonFeaturesTest.java","77","9","77","107"
"idDeserial",,"warning","Deserialization method called: com.google.gson.Gson.fromJson","/gson/test/org/immutables/gson/adapter/GsonFeaturesTest.java","87","9","87","115"
"idDeserial",,"warning","Deserialization method called: com.google.gson.Gson.fromJson","/gson/test/org/immutables/gson/adapter/GsonFeaturesTest.java","94","9","94","66"
"idDeserial",,"warning","Deserialization method called: com.google.gson.Gson.fromJson","/gson/test/org/immutables/gson/adapter/GsonFeaturesTest.java","132","25","132","77"
"idDeserial",,"warning","Deserialization method called: com.google.gson.Gson.fromJson","/gson/test/org/immutables/gson/adapter/OptionalsTest.java","48","12","48","52"
"idDeserial",,"warning","Deserialization method called: com.google.gson.Gson.fromJson","/gson/test/org/immutables/gson/adapter/OptionalsTest.java","75","25","75","65"
"idDeserial",,"warning","Deserialization method called: com.google.gson.Gson.fromJson","/gson/test/org/immutables/gson/bridge/GsonJacksonBridgeSerializationTest.java","150","12","150","45"
"idDeserial",,"warning","Deserialization method called: com.google.gson.Gson.fromJson","/gson/test/org/immutables/gson/bridge/GsonJacksonBridgeSerializationTest.java","156","12","156","45"
"idDeserial",,"warning","Deserialization method called: com.fasterxml.jackson.databind.ObjectMapper.readValue","/mongo/src/org/immutables/mongo/bson4jackson/JacksonCodecs.java","150","16","150","58"
"idDeserial",,"warning","Deserialization method called: com.fasterxml.jackson.databind.ObjectMapper.readValue","/mongo/test/org/immutables/mongo/bson4jackson/BsonParserTest.java","148","23","148","62"
"idDeserial",,"warning","Deserialization method called: java.io.ObjectInputStream.readObject","/serial/test/org/immutables/serial/fixture/SerialTest.java","66","53","66","68"
"idDeserial",,"warning","Deserialization method called: java.io.ObjectInputStream.readObject","/serial/test/org/immutables/serial/fixture/SerialTest.java","94","53","94","68"
"idDeserial",,"warning","Deserialization method called: java.io.ObjectInputStream.readObject","/serial/test/org/immutables/serial/fixture/StructTest.java","66","27","66","51"
"idDeserial",,"warning","Deserialization method called: com.fasterxml.jackson.databind.ObjectMapper.readValue","/value-fixture/test/org/immutables/fixture/encoding/EncodingTest.java","37","9","38","68"
"idDeserial",,"warning","Deserialization method called: com.fasterxml.jackson.databind.ObjectMapper.readValue","/value-fixture/test/org/immutables/fixture/jackson/BugsTest.java","30","30","30","95"
"idDeserial",,"warning","Deserialization method called: com.fasterxml.jackson.databind.ObjectMapper.readValue","/value-fixture/test/org/immutables/fixture/jackson/BugsTest.java","38","31","38","85"
"idDeserial",,"warning","Deserialization method called: com.fasterxml.jackson.databind.ObjectMapper.readValue","/value-fixture/test/org/immutables/fixture/jackson/BugsTest.java","51","24","51","64"
"idDeserial",,"warning","Deserialization method called: com.fasterxml.jackson.databind.ObjectMapper.readValue","/value-fixture/test/org/immutables/fixture/jackson/BugsTest.java","64","27","64","70"
"idDeserial",,"warning","Deserialization method called: com.fasterxml.jackson.databind.ObjectMapper.readValue","/value-fixture/test/org/immutables/fixture/jackson/BuilderDeserializationTest.java","75","29","75","75"
"idDeserial",,"warning","Deserialization method called: com.fasterxml.jackson.databind.ObjectMapper.readValue","/value-fixture/test/org/immutables/fixture/jackson/BuilderDeserializationTest.java","88","28","88","73"
"idDeserial",,"warning","Deserialization method called: com.fasterxml.jackson.databind.ObjectMapper.readValue","/value-fixture/test/org/immutables/fixture/jackson/ByIdProperty.java","80","11","80","53"
"idDeserial",,"warning","Deserialization method called: com.fasterxml.jackson.databind.ObjectMapper.readValue","/value-fixture/test/org/immutables/fixture/jackson/DefaultTypingTest.java","41","11","41","72"
"idDeserial",,"warning","Deserialization method called: com.fasterxml.jackson.databind.ObjectMapper.readValue","/value-fixture/test/org/immutables/fixture/jackson/FieldConflictTest.java","123","29","123","68"
"idDeserial",,"warning","Deserialization method called: com.fasterxml.jackson.databind.ObjectMapper.readValue","/value-fixture/test/org/immutables/fixture/jackson/JacksonGenericsTest.java","35","17","35","49"
"idDeserial",,"warning","Deserialization method called: com.fasterxml.jackson.databind.ObjectMapper.readValue","/value-fixture/test/org/immutables/fixture/jackson/ObjectMappedTest.java","42","15","42","60"
"idDeserial",,"warning","Deserialization method called: com.fasterxml.jackson.databind.ObjectMapper.readValue","/value-fixture/test/org/immutables/fixture/jackson/ObjectMappedTest.java","50","9","50","83"
"idDeserial",,"warning","Deserialization method called: com.fasterxml.jackson.databind.ObjectMapper.readValue","/value-fixture/test/org/immutables/fixture/jackson/ObjectMappedTest.java","52","11","52","71"
"idDeserial",,"warning","Deserialization method called: com.fasterxml.jackson.databind.ObjectMapper.readValue","/value-fixture/test/org/immutables/fixture/jackson/ObjectMappedTest.java","59","11","59","80"
"idDeserial",,"warning","Deserialization method called: com.fasterxml.jackson.databind.ObjectMapper.readValue","/value-fixture/test/org/immutables/fixture/jackson/ObjectMappedTest.java","66","9","66","92"
"idDeserial",,"warning","Deserialization method called: com.fasterxml.jackson.databind.ObjectMapper.readValue","/value-fixture/test/org/immutables/fixture/jackson/ObjectMappedTest.java","68","11","68","80"
"idDeserial",,"warning","Deserialization method called: com.fasterxml.jackson.databind.ObjectMapper.readValue","/value-fixture/test/org/immutables/fixture/jackson/ObjectMappedTest.java","75","9","75","92"
"idDeserial",,"warning","Deserialization method called: com.fasterxml.jackson.databind.ObjectMapper.readValue","/value-fixture/test/org/immutables/fixture/jackson/ObjectMappedTest.java","77","11","77","80"
"idDeserial",,"warning","Deserialization method called: com.fasterxml.jackson.databind.ObjectMapper.readValue","/value-fixture/test/org/immutables/fixture/jackson/ObjectMappedTest.java","84","11","84","75"
"idDeserial",,"warning","Deserialization method called: com.fasterxml.jackson.databind.ObjectMapper.readValue","/value-fixture/test/org/immutables/fixture/jackson/ObjectMappedTest.java","93","11","93","54"
"idDeserial",,"warning","Deserialization method called: com.fasterxml.jackson.databind.ObjectMapper.readValue","/value-fixture/test/org/immutables/fixture/jackson/ObjectMappedTest.java","108","33","108","88"
"idDeserial",,"warning","Deserialization method called: com.fasterxml.jackson.databind.ObjectMapper.readValue","/value-fixture/test/org/immutables/fixture/jackson/ObjectMappedTest.java","117","33","117","88"
"idDeserial",,"warning","Deserialization method called: com.fasterxml.jackson.databind.ObjectMapper.readValue","/value-fixture/test/org/immutables/fixture/jackson/ObjectMappedTest.java","125","35","125","92"
"idDeserial",,"warning","Deserialization method called: com.fasterxml.jackson.databind.ObjectMapper.readValue","/value-fixture/test/org/immutables/fixture/jackson/ObjectMappedTest.java","133","9","133","81"
"idDeserial",,"warning","Deserialization method called: com.fasterxml.jackson.databind.ObjectMapper.readValue","/value-fixture/test/org/immutables/fixture/jackson/ObjectMappedTest.java","140","22","140","66"
"idDeserial",,"warning","Deserialization method called: com.fasterxml.jackson.databind.ObjectMapper.readValue","/value-fixture/test/org/immutables/fixture/jackson/ObjectMappedTest.java","147","23","147","68"
"idDeserial",,"warning","Deserialization method called: com.fasterxml.jackson.databind.ObjectMapper.readValue","/value-fixture/test/org/immutables/fixture/jackson/ObjectMappedTest.java","155","29","155","80"
"idDeserial",,"warning","Deserialization method called: com.fasterxml.jackson.databind.ObjectMapper.readValue","/value-fixture/test/org/immutables/fixture/jackson/ObjectMappedTest.java","162","32","162","86"
"idDeserial",,"warning","Deserialization method called: com.fasterxml.jackson.databind.ObjectMapper.readValue","/value-fixture/test/org/immutables/fixture/jackson/ObjectMappedTest.java","172","39","172","100"
"idDeserial",,"warning","Deserialization method called: com.fasterxml.jackson.databind.ObjectMapper.readValue","/value-fixture/test/org/immutables/fixture/jackson/ObjectMappedTest.java","180","26","180","74"
"idDeserial",,"warning","Deserialization method called: com.fasterxml.jackson.databind.ObjectMapper.readValue","/value-fixture/test/org/immutables/fixture/jackson/ObjectMappedTest.java","187","32","187","86"
"idDeserial",,"warning","Deserialization method called: com.fasterxml.jackson.databind.ObjectMapper.readValue","/value-fixture/test/org/immutables/fixture/jackson/ObjectMappedTest.java","197","9","197","84"
"idDeserial",,"warning","Deserialization method called: com.fasterxml.jackson.databind.ObjectMapper.readValue","/value-fixture/test/org/immutables/fixture/jackson/ObjectMappedTest.java","204","29","204","78"
"idDeserial",,"warning","Deserialization method called: com.fasterxml.jackson.databind.ObjectMapper.readValue","/value-fixture/test/org/immutables/fixture/jackson/ObjectMappedTest.java","211","34","211","94"
"idDeserial",,"warning","Deserialization method called: com.fasterxml.jackson.databind.ObjectMapper.readValue","/value-fixture/test/org/immutables/fixture/jackson/ObjectMappedTest.java","216","11","216","102"
"idDeserial",,"warning","Deserialization method called: com.fasterxml.jackson.databind.ObjectMapper.readValue","/value-fixture/test/org/immutables/fixture/jackson/ObjectMappedTest.java","224","9","224","85"
"idDeserial",,"warning","Deserialization method called: com.fasterxml.jackson.databind.ObjectMapper.readValue","/value-fixture/test/org/immutables/fixture/jackson/ObjectMappedTest.java","234","9","234","97"
"idDeserial",,"warning","Deserialization method called: com.fasterxml.jackson.databind.ObjectMapper.readValue","/value-fixture/test/org/immutables/fixture/jackson/ObjectMappedTest.java","244","9","244","95"
"idDeserial",,"warning","Deserialization method called: com.fasterxml.jackson.databind.ObjectMapper.readValue","/value-fixture/test/org/immutables/fixture/jackson/ObjectMappedTest.java","254","9","254","57"
"idDeserial",,"warning","Deserialization method called: com.fasterxml.jackson.databind.ObjectMapper.readValue","/value-fixture/test/org/immutables/fixture/jackson/PolymorphicTest.java","31","28","31","92"
"idDeserial",,"warning","Deserialization method called: java.io.ObjectInputStream.readObject","/value-fixture/test/org/immutables/fixture/jdkonly/JdkOptionalTest.java","99","27","99","51"
"idDeserial",,"warning","Deserialization method called: com.google.gson.Gson.fromJson","/value-fixture/test/org/immutables/fixture/marshal/Marshaling.java","79","14","79","40"
"idDeserial",,"warning","Deserialization method called: com.google.gson.Gson.fromJson","/value-fixture/test/org/immutables/fixture/marshal/MarshallingTest.java","139","12","139","67"
"idDeserial",,"warning","Deserialization method called: java.io.ObjectInputStream.readObject","/value-fixture/test/org/immutables/fixture/serial/SerialTest.java","77","27","77","51"
