"idDeserial",,"warning","Deserialization method called: java.io.ObjectInputStream.readObject","/commons/src/main/java/org/archive/util/TestUtils.java","70","20","70","36"
"idDeserial",,"warning","Deserialization method called: java.io.ObjectInputStream.readObject","/engine/src/main/java/org/archive/crawler/util/CheckpointUtils.java","104","24","104","38"
"idDeserial",,"warning","Deserialization method called: java.io.ObjectInputStream.readObject","/engine/src/test/java/org/archive/crawler/datamodel/CandidateURITest.java","62","26","62","67"
"idDeserial",,"warning","Deserialization method called: java.io.ObjectInputStream.readObject","/engine/src/test/java/org/archive/crawler/datamodel/CrawlURITest.java","81","51","81","66"
"idDeserial",,"warning","Deserialization method called: java.io.ObjectInputStream.readObject","/engine/src/test/java/org/archive/crawler/datamodel/CrawlURITest.java","82","42","82","57"
"idDeserial",,"warning","Deserialization method called: java.io.ObjectInputStream.readObject","/engine/src/test/java/org/archive/crawler/datamodel/CrawlURITest.java","83","42","83","57"
"idDeserial",,"warning","Deserialization method called: java.io.ObjectInputStream.readObject","/modules/src/main/java/org/archive/modules/CrawlURI.java","1068","55","1068","73"
"idDeserial",,"warning","Deserialization method called: java.io.ObjectInputStream.readObject","/modules/src/test/java/org/archive/modules/net/CrawlHostTest.java","45","20","45","36"
