"idDeserial",,"warning","Deserialization method called: com.fasterxml.jackson.databind.ObjectMapper.readValue","/box/src/main/java/ch/cyberduck/core/box/BoxChunkedWriteFeature.java","81","36","81","114"
"idDeserial",,"warning","Deserialization method called: com.fasterxml.jackson.databind.ObjectMapper.readValue","/box/src/main/java/ch/cyberduck/core/box/BoxClientErrorResponseHandler.java","39","39","39","115"
"idDeserial",,"warning","Deserialization method called: com.fasterxml.jackson.databind.ObjectMapper.readValue","/box/src/main/java/ch/cyberduck/core/box/BoxListService.java","81","47","82","75"
"idDeserial",,"warning","Deserialization method called: com.fasterxml.jackson.databind.ObjectMapper.readValue","/box/src/main/java/ch/cyberduck/core/box/BoxListService.java","87","51","88","77"
"idDeserial",,"warning","Deserialization method called: com.fasterxml.jackson.databind.ObjectMapper.readValue","/box/src/main/java/ch/cyberduck/core/box/BoxMultipartWriteFeature.java","125","32","125","109"
"idDeserial",,"warning","Deserialization method called: com.fasterxml.jackson.databind.ObjectMapper.readValue","/box/src/main/java/ch/cyberduck/core/box/BoxUploadHelper.java","95","28","95","106"
"idDeserial",,"warning","Deserialization method called: com.fasterxml.jackson.databind.ObjectMapper.readValue","/box/src/main/java/ch/cyberduck/core/box/BoxUploadHelper.java","145","28","145","98"
"idDeserial",,"warning","Deserialization method called: com.fasterxml.jackson.databind.ObjectMapper.readValue","/box/src/main/java/ch/cyberduck/core/box/BoxUploadHelper.java","155","41","155","161"
"idDeserial",,"warning","Deserialization method called: com.fasterxml.jackson.databind.ObjectMapper.readValue","/box/src/main/java/ch/cyberduck/core/box/BoxWriteFeature.java","116","36","116","106"
"idDeserial",,"warning","Deserialization method called: com.fasterxml.jackson.databind.ObjectMapper.readValue","/ctera/src/main/java/ch/cyberduck/core/ctera/CteraCustomActionVersioning.java","128","28","128","80"
"idDeserial",,"warning","Deserialization method called: com.fasterxml.jackson.databind.ObjectMapper.readValue","/ctera/src/main/java/ch/cyberduck/core/ctera/CteraSession.java","327","43","327","111"
"idDeserial",,"warning","Deserialization method called: com.fasterxml.jackson.databind.ObjectMapper.readValue","/ctera/src/main/java/ch/cyberduck/core/ctera/CteraSession.java","350","28","350","92"
"idDeserial",,"warning","Deserialization method called: com.fasterxml.jackson.databind.ObjectMapper.readValue","/ctera/src/main/java/ch/cyberduck/core/ctera/CteraSession.java","370","28","370","82"
"idDeserial",,"warning","Deserialization method called: com.fasterxml.jackson.databind.ObjectMapper.readValue","/ctera/src/main/java/ch/cyberduck/core/ctera/CteraSession.java","386","28","386","85"
"idDeserial",,"warning","Deserialization method called: com.fasterxml.jackson.databind.ObjectMapper.readValue","/ctera/src/test/java/ch/cyberduck/core/ctera/model/AttachDeviceResponseTest.java","39","45","39","157"
"idDeserial",,"warning","Deserialization method called: com.fasterxml.jackson.databind.ObjectMapper.readValue","/ctera/src/test/java/ch/cyberduck/core/ctera/model/DevicesResponseTest.java","92","34","92","134"
"idDeserial",,"warning","Deserialization method called: com.fasterxml.jackson.databind.ObjectMapper.readValue","/ctera/src/test/java/ch/cyberduck/core/ctera/model/PortalSessionTest.java","33","35","33","140"
"idDeserial",,"warning","Deserialization method called: com.fasterxml.jackson.databind.ObjectMapper.readValue","/eue/src/main/java/ch/cyberduck/core/eue/EueUploadHelper.java","80","37","81","114"
"idDeserial",,"warning","Deserialization method called: com.fasterxml.jackson.databind.ObjectMapper.readValue","/eue/src/test/java/ch/cyberduck/core/eue/io/swagger/client/model/ResourceCreationResponseEntriesTest.java","33","57","34","177"
"idDeserial",,"warning","Deserialization method called: com.fasterxml.jackson.databind.ObjectMapper.readValue","/eue/src/test/java/ch/cyberduck/core/eue/io/swagger/client/model/ResourceCreationResponseEntriesTest.java","41","57","42","185"
"idDeserial",,"warning","Deserialization method called: com.fasterxml.jackson.databind.ObjectMapper.readValue","/eue/src/test/java/ch/cyberduck/core/eue/io/swagger/client/model/ResourceCreationResponseEntriesTest.java","48","57","49","154"
"idDeserial",,"warning","Deserialization method called: com.fasterxml.jackson.databind.ObjectMapper.readValue","/eue/src/test/java/ch/cyberduck/core/eue/io/swagger/client/model/ResourceCreationResponseEntriesTest.java","55","57","63","57"
"idDeserial",,"warning","Deserialization method called: com.fasterxml.jackson.databind.ObjectMapper.readValue","/eue/src/test/java/ch/cyberduck/core/eue/io/swagger/client/model/ShareCreationResponseModelTest.java","30","52","31","182"
"idDeserial",,"warning","Deserialization method called: com.fasterxml.jackson.databind.ObjectMapper.readValue","/eue/src/test/java/ch/cyberduck/core/eue/io/swagger/client/model/ShareCreationResponseModelTest.java","38","52","39","998"
"idDeserial",,"warning","Deserialization method called: com.fasterxml.jackson.databind.ObjectMapper.readValue","/eue/src/test/java/ch/cyberduck/core/eue/io/swagger/client/model/UiFsModelTest.java","60","33","60","107"
"idDeserial",,"warning","Deserialization method called: com.fasterxml.jackson.databind.ObjectMapper.readValue","/eue/src/test/java/ch/cyberduck/core/eue/io/swagger/client/model/UiFsModelTest.java","359","33","359","107"
"idDeserial",,"warning","Deserialization method called: com.fasterxml.jackson.databind.ObjectMapper.readValue","/freenet/src/main/java/ch/cyberduck/core/freenet/FreenetAuthenticatedUrlProvider.java","132","28","132","101"
"idDeserial",,"warning","Deserialization method called: com.fasterxml.jackson.databind.ObjectMapper.readValue","/freenet/src/test/java/ch/cyberduck/core/freenet/FreenetTemporaryLoginResponseTest.java","38","54","38","116"
"idDeserial",,"warning","Deserialization method called: com.fasterxml.jackson.databind.ObjectMapper.readValue","/nextcloud/src/main/java/ch/cyberduck/core/nextcloud/NextcloudShareFeature.java","175","41","175","90"
"idDeserial",,"warning","Deserialization method called: com.fasterxml.jackson.databind.ObjectMapper.readValue","/nextcloud/src/main/java/ch/cyberduck/core/ocs/OcsCapabilitiesResponseHandler.java","40","36","40","92"
"idDeserial",,"warning","Deserialization method called: com.fasterxml.jackson.databind.ObjectMapper.readValue","/nextcloud/src/main/java/ch/cyberduck/core/ocs/OcsDownloadShareResponseHandler.java","33","29","33","78"
"idDeserial",,"warning","Deserialization method called: com.fasterxml.jackson.databind.ObjectMapper.readValue","/nextcloud/src/main/java/ch/cyberduck/core/ocs/OcsResponseHandler.java","49","29","49","101"
"idDeserial",,"warning","Deserialization method called: com.fasterxml.jackson.databind.ObjectMapper.readValue","/nextcloud/src/main/java/ch/cyberduck/core/ocs/OcsResponseHandler.java","45","33","45","105"
"idDeserial",,"warning","Deserialization method called: com.fasterxml.jackson.databind.ObjectMapper.readValue","/nextcloud/src/main/java/ch/cyberduck/core/ocs/OcsShareeResponseHandler.java","34","57","34","134"
"idDeserial",,"warning","Deserialization method called: com.fasterxml.jackson.databind.ObjectMapper.readValue","/nextcloud/src/main/java/ch/cyberduck/core/ocs/OcsUploadShareResponseHandler.java","33","29","33","78"
"idDeserial",,"warning","Deserialization method called: com.fasterxml.jackson.databind.ObjectMapper.readValue","/s3/src/main/java/ch/cyberduck/core/s3/S3CredentialsConfigurator.java","384","50","384","94"
"idDeserial",,"warning","Deserialization method called: com.fasterxml.jackson.databind.ObjectMapper.readValue","/storegate/src/main/java/ch/cyberduck/core/storegate/StoregateMultipartWriteFeature.java","134","63","135","141"
"idDeserial",,"warning","Deserialization method called: com.fasterxml.jackson.databind.ObjectMapper.readValue","/storegate/src/main/java/ch/cyberduck/core/storegate/StoregateMultipartWriteFeature.java","199","55","201","51"
"idDeserial",,"warning","Deserialization method called: com.fasterxml.jackson.databind.ObjectMapper.readValue","/storegate/src/main/java/ch/cyberduck/core/storegate/StoregateWriteFeature.java","113","53","115","51"
