"idDeserial",,"warning","Deserialization method called: com.google.gson.Gson.fromJson","/src/main/java/org/jabref/gui/entryeditor/citationrelationtab/semanticscholar/SemanticScholarFetcher.java","45","55","46","82"
"idDeserial",,"warning","Deserialization method called: com.google.gson.Gson.fromJson","/src/main/java/org/jabref/gui/entryeditor/citationrelationtab/semanticscholar/SemanticScholarFetcher.java","68","57","69","83"
"idDeserial",,"warning","Deserialization method called: com.fasterxml.jackson.databind.ObjectMapper.readValue","/src/main/java/org/jabref/logic/crawler/StudyYamlParser.java","25","20","25","69"
"idDeserial",,"warning","Deserialization method called: com.fasterxml.jackson.databind.ObjectMapper.readValue","/src/main/java/org/jabref/logic/importer/fileformat/CffImporter.java","173","30","173","70"
"idDeserial",,"warning","Deserialization method called: com.fasterxml.jackson.databind.ObjectMapper.readValue","/src/main/java/org/jabref/logic/importer/fileformat/CffImporter.java","269","24","269","64"
"idDeserial",,"warning","Deserialization method called: java.io.ObjectInputStream.readObject","/src/main/java/org/jabref/logic/remote/Protocol.java","63","50","63","64"
"idDeserial",,"warning","Deserialization method called: java.io.ObjectInputStream.readObject","/src/main/java/org/jabref/logic/remote/Protocol.java","64","31","64","45"
