"idDeserial",,"warning","Deserialization method called: java.io.ObjectInputStream.readObject","/src/main/javassist/tools/reflect/Metaobject.java","87","33","87","47"
"idDeserial",,"warning","Deserialization method called: java.io.ObjectInputStream.readObject","/src/main/javassist/tools/rmi/AppletServer.java","206","24","206","38"
"idDeserial",,"warning","Deserialization method called: java.io.ObjectInputStream.readObject","/src/main/javassist/tools/rmi/ObjectImporter.java","254","26","254","41"
"idDeserial",,"warning","Deserialization method called: java.io.ObjectInputStream.readObject","/src/main/javassist/util/proxy/ProxyObjectInputStream.java","70","35","70","46"
"idDeserial",,"warning","Deserialization method called: java.io.ObjectInputStream.readObject","/src/main/javassist/util/proxy/ProxyObjectInputStream.java","75","32","75","43"
"idDeserial",,"warning","Deserialization method called: java.io.ObjectInputStream.readObject","/src/test/javassist/proxyfactory/ProxyFactoryTest.java","53","33","53","48"
"idDeserial",,"warning","Deserialization method called: java.io.ObjectInputStream.readObject","/src/test/javassist/proxyfactory/Tester.java","55","25","55","39"
"idDeserial",,"warning","Deserialization method called: java.io.ObjectInputStream.readObject","/src/test/test/javassist/proxy/ProxySerializationTest.java","44","45","44","59"
"idDeserial",,"warning","Deserialization method called: java.io.ObjectInputStream.readObject","/src/test/test/javassist/proxy/ProxySerializationTest.java","71","45","71","59"
"idDeserial",,"warning","Deserialization method called: java.io.ObjectInputStream.readObject","/src/test/test/javassist/proxy/ProxySimpleTest.java","80","24","80","39"
"idDeserial",,"warning","Deserialization method called: java.io.ObjectInputStream.readObject","/src/test/testproxy/ProxyTester.java","397","24","397","39"
