"idDeserial",,"warning","Deserialization method called: java.io.ObjectInputStream.readObject","/jctools-core/src/main/java/org/jctools/maps/NonBlockingHashMapLong.java","1277","31","1277","44"
"idDeserial",,"warning","Deserialization method called: java.io.ObjectInputStream.readObject","/jctools-core/src/main/java/org/jctools/maps/NonBlockingHashMap.java","1457","31","1457","44"
"idDeserial",,"warning","Deserialization method called: java.io.ObjectInputStream.readObject","/jctools-core/src/main/java/org/jctools/maps/NonBlockingHashMap.java","1458","31","1458","44"
"idDeserial",,"warning","Deserialization method called: java.io.ObjectInputStream.readObject","/jctools-core/src/main/java/org/jctools/maps/NonBlockingIdentityHashMap.java","1300","31","1300","44"
"idDeserial",,"warning","Deserialization method called: java.io.ObjectInputStream.readObject","/jctools-core/src/main/java/org/jctools/maps/NonBlockingIdentityHashMap.java","1301","31","1301","44"
"idDeserial",,"warning","Deserialization method called: java.io.ObjectInputStream.readObject","/jctools-core/src/test/java/org/jctools/maps/nbhm_test/NBHMID_Tester2.java","195","76","195","90"
"idDeserial",,"warning","Deserialization method called: java.io.ObjectInputStream.readObject","/jctools-core/src/test/java/org/jctools/maps/nbhm_test/NBHM_Tester2.java","206","60","206","74"
"idDeserial",,"warning","Deserialization method called: java.io.ObjectInputStream.readObject","/jctools-core/src/test/java/org/jctools/maps/nbhm_test/NBHML_Tester2.java","214","69","214","83"
"idDeserial",,"warning","Deserialization method called: java.io.ObjectInputStream.readObject","/jctools-core/src/test/java/org/jctools/maps/nbhs_test/nbhs_tester.java","158","60","158","74"
"idDeserial",,"warning","Deserialization method called: java.io.ObjectInputStream.readObject","/jctools-core/src/test/java/org/jctools/maps/nbhs_test/nbsi_tester.java","176","58","176","72"
