"idDeserial",,"warning","Deserialization method called: com.fasterxml.jackson.databind.ObjectMapper.readValue","/acceptance-tests/src/main/java/io/blueocean/ath/LogEntryLogger.java","53","47","53","95"
"idDeserial",,"warning","Deserialization method called: com.fasterxml.jackson.databind.ObjectMapper.readValue","/acceptance-tests/src/main/java/io/blueocean/ath/api/classic/ClassicJobApi.java","180","24","180","46"
"idDeserial",,"warning","Deserialization method called: com.fasterxml.jackson.databind.ObjectMapper.readValue","/acceptance-tests/src/test/java/io/jenkins/blueocean/commons/JsonConverter.java","40","20","40","43"
"idDeserial",,"warning","Deserialization method called: com.fasterxml.jackson.databind.ObjectMapper.readValue","/blueocean-bitbucket-pipeline/src/main/java/io/jenkins/blueocean/blueocean_bitbucket_pipeline/cloud/BitbucketCloudApi.java","69","20","69","63"
"idDeserial",,"warning","Deserialization method called: com.fasterxml.jackson.databind.ObjectMapper.readValue","/blueocean-bitbucket-pipeline/src/main/java/io/jenkins/blueocean/blueocean_bitbucket_pipeline/cloud/BitbucketCloudApi.java","80","20","80","63"
"idDeserial",,"warning","Deserialization method called: com.fasterxml.jackson.databind.ObjectMapper.readValue","/blueocean-bitbucket-pipeline/src/main/java/io/jenkins/blueocean/blueocean_bitbucket_pipeline/cloud/BitbucketCloudApi.java","138","20","138","63"
"idDeserial",,"warning","Deserialization method called: com.fasterxml.jackson.databind.ObjectMapper.readValue","/blueocean-bitbucket-pipeline/src/main/java/io/jenkins/blueocean/blueocean_bitbucket_pipeline/cloud/BitbucketCloudApi.java","150","20","150","63"
"idDeserial",,"warning","Deserialization method called: com.fasterxml.jackson.databind.ObjectMapper.readValue","/blueocean-bitbucket-pipeline/src/main/java/io/jenkins/blueocean/blueocean_bitbucket_pipeline/cloud/BitbucketCloudApi.java","231","20","231","75"
"idDeserial",,"warning","Deserialization method called: com.fasterxml.jackson.databind.ObjectMapper.readValue","/blueocean-bitbucket-pipeline/src/main/java/io/jenkins/blueocean/blueocean_bitbucket_pipeline/cloud/BitbucketCloudApi.java","250","47","250","123"
"idDeserial",,"warning","Deserialization method called: com.fasterxml.jackson.databind.ObjectMapper.readValue","/blueocean-bitbucket-pipeline/src/main/java/io/jenkins/blueocean/blueocean_bitbucket_pipeline/server/BitbucketServerApi.java","87","40","88","14"
"idDeserial",,"warning","Deserialization method called: com.fasterxml.jackson.databind.ObjectMapper.readValue","/blueocean-bitbucket-pipeline/src/main/java/io/jenkins/blueocean/blueocean_bitbucket_pipeline/server/BitbucketServerApi.java","103","20","103","64"
"idDeserial",,"warning","Deserialization method called: com.fasterxml.jackson.databind.ObjectMapper.readValue","/blueocean-bitbucket-pipeline/src/main/java/io/jenkins/blueocean/blueocean_bitbucket_pipeline/server/BitbucketServerApi.java","143","20","143","67"
"idDeserial",,"warning","Deserialization method called: com.fasterxml.jackson.databind.ObjectMapper.readValue","/blueocean-bitbucket-pipeline/src/main/java/io/jenkins/blueocean/blueocean_bitbucket_pipeline/server/BitbucketServerApi.java","168","20","168","64"
"idDeserial",,"warning","Deserialization method called: com.fasterxml.jackson.databind.ObjectMapper.readValue","/blueocean-bitbucket-pipeline/src/main/java/io/jenkins/blueocean/blueocean_bitbucket_pipeline/server/BitbucketServerApi.java","220","20","220","79"
"idDeserial",,"warning","Deserialization method called: com.fasterxml.jackson.databind.ObjectMapper.readValue","/blueocean-bitbucket-pipeline/src/main/java/io/jenkins/blueocean/blueocean_bitbucket_pipeline/server/BitbucketServerApi.java","250","53","252","14"
"idDeserial",,"warning","Deserialization method called: com.fasterxml.jackson.databind.ObjectMapper.readValue","/blueocean-bitbucket-pipeline/src/main/java/io/jenkins/blueocean/blueocean_bitbucket_pipeline/server/BitbucketServerApi.java","270","20","272","56"
"idDeserial",,"warning","Deserialization method called: com.fasterxml.jackson.databind.ObjectMapper.readValue","/blueocean-bitbucket-pipeline/src/main/java/io/jenkins/blueocean/blueocean_bitbucket_pipeline/server/BitbucketServerApi.java","290","20","291","14"
"idDeserial",,"warning","Deserialization method called: com.fasterxml.jackson.databind.ObjectMapper.readValue","/blueocean-bitbucket-pipeline/src/main/java/io/jenkins/blueocean/blueocean_bitbucket_pipeline/server/BitbucketServerApi.java","316","42","316","109"
"idDeserial",,"warning","Deserialization method called: com.fasterxml.jackson.databind.ObjectMapper.readValue","/blueocean-config/src/main/java/io/jenkins/blueocean/config/JenkinsJSExtensions.java","129","61","129","102"
"idDeserial",,"warning","Deserialization method called: com.fasterxml.jackson.databind.ObjectMapper.readValue","/blueocean-pipeline-api-impl/src/test/java/io/jenkins/blueocean/rest/impl/pipeline/PipelineBaseTest.java","105","28","105","71"
"idDeserial",,"warning","Deserialization method called: com.fasterxml.jackson.databind.ObjectMapper.readValue","/blueocean-rest-impl/src/test/java/io/jenkins/blueocean/service/embedded/BaseTest.java","75","28","75","71"
"idDeserial",,"warning","Deserialization method called: com.thoughtworks.xstream.XStream.fromXML","/blueocean-rest-impl/src/test/java/io/jenkins/blueocean/service/embedded/BlueOceanUrlActionTest.java","20","25","20","37"
