"idDeserial",,"warning","Deserialization method called: java.io.ObjectInputStream.readObject","/libsrc/ffdec_lib/src/com/jpexs/decompiler/flash/configuration/Configuration.java","1171","69","1171","84"
"idDeserial",,"warning","Deserialization method called: java.io.ObjectInputStream.readObject","/libsrc/ffdec_lib/src/com/jpexs/decompiler/flash/search/ABCSearchResult.java","72","30","72","45"
"idDeserial",,"warning","Deserialization method called: java.io.ObjectInputStream.readObject","/libsrc/ffdec_lib/src/com/jpexs/decompiler/flash/search/ABCSearchResult.java","73","44","73","59"
"idDeserial",,"warning","Deserialization method called: java.io.ObjectInputStream.readObject","/libsrc/ffdec_lib/src/com/jpexs/helpers/FileHashMap.java","169","29","169","44"
"idDeserial",,"warning","Deserialization method called: java.io.ObjectInputStream.readObject","/libsrc/ffdec_lib/src/com/jpexs/helpers/Helper.java","678","28","678","43"
"idDeserial",,"warning","Deserialization method called: java.io.ObjectInputStream.readObject","/libsrc/jlayer-1.0.2/src/main/java/javazoom/jl/decoder/JavaLayerUtils.java","84","19","84","36"
"idDeserial",,"warning","Deserialization method called: java.io.ObjectInputStream.readObject","/src/com/jpexs/decompiler/flash/gui/SearchResultsStorage.java","204","46","204","61"
"idDeserial",,"warning","Deserialization method called: java.io.ObjectInputStream.readObject","/src/com/jpexs/decompiler/flash/gui/SearchResultsStorage.java","205","49","205","64"
"idDeserial",,"warning","Deserialization method called: java.io.ObjectInputStream.readObject","/src/com/jpexs/decompiler/flash/gui/SearchResultsStorage.java","206","48","206","63"
"idDeserial",,"warning","Deserialization method called: java.io.ObjectInputStream.readObject","/src/com/jpexs/decompiler/flash/gui/SearchResultsStorage.java","207","44","207","59"
"idDeserial",,"warning","Deserialization method called: java.io.ObjectInputStream.readObject","/src/com/jpexs/decompiler/flash/gui/SearchResultsStorage.java","208","42","208","57"
