"idDeserial",,"warning","Deserialization method called: java.io.ObjectInputStream.readObject","/src/main/java/org/joda/time/DateMidnight.java","1257","58","1257","73"
"idDeserial",,"warning","Deserialization method called: java.io.ObjectInputStream.readObject","/src/main/java/org/joda/time/DateMidnight.java","1256","39","1256","54"
"idDeserial",,"warning","Deserialization method called: java.io.ObjectInputStream.readObject","/src/main/java/org/joda/time/DateTime.java","2119","58","2119","73"
"idDeserial",,"warning","Deserialization method called: java.io.ObjectInputStream.readObject","/src/main/java/org/joda/time/DateTime.java","2118","35","2118","50"
"idDeserial",,"warning","Deserialization method called: java.io.ObjectInputStream.readObject","/src/main/java/org/joda/time/LocalTime.java","1420","58","1420","73"
"idDeserial",,"warning","Deserialization method called: java.io.ObjectInputStream.readObject","/src/main/java/org/joda/time/LocalTime.java","1419","36","1419","51"
"idDeserial",,"warning","Deserialization method called: java.io.ObjectInputStream.readObject","/src/main/java/org/joda/time/LocalDate.java","1938","58","1938","73"
"idDeserial",,"warning","Deserialization method called: java.io.ObjectInputStream.readObject","/src/main/java/org/joda/time/LocalDate.java","1937","36","1937","51"
"idDeserial",,"warning","Deserialization method called: java.io.ObjectInputStream.readObject","/src/main/java/org/joda/time/LocalDateTime.java","2209","58","2209","73"
"idDeserial",,"warning","Deserialization method called: java.io.ObjectInputStream.readObject","/src/main/java/org/joda/time/LocalDateTime.java","2208","40","2208","55"
"idDeserial",,"warning","Deserialization method called: java.io.ObjectInputStream.readObject","/src/main/java/org/joda/time/MutableDateTime.java","1316","58","1316","73"
"idDeserial",,"warning","Deserialization method called: java.io.ObjectInputStream.readObject","/src/main/java/org/joda/time/MutableDateTime.java","1315","42","1315","57"
"idDeserial",,"warning","Deserialization method called: java.io.ObjectInputStream.readObject","/src/main/java/org/joda/time/chrono/ISOChronology.java","234","35","234","49"
"idDeserial",,"warning","Deserialization method called: java.io.ObjectInputStream.readObject","/src/test/java/org/joda/time/TestDateMidnight_Basics.java","433","46","433","61"
"idDeserial",,"warning","Deserialization method called: java.io.ObjectInputStream.readObject","/src/test/java/org/joda/time/TestDateTimeComparator.java","291","58","291","73"
"idDeserial",,"warning","Deserialization method called: java.io.ObjectInputStream.readObject","/src/test/java/org/joda/time/TestDateTimeComparator.java","309","58","309","73"
"idDeserial",,"warning","Deserialization method called: java.io.ObjectInputStream.readObject","/src/test/java/org/joda/time/TestDateTimeFieldType.java","324","56","324","71"
"idDeserial",,"warning","Deserialization method called: java.io.ObjectInputStream.readObject","/src/test/java/org/joda/time/TestDateTime_Basics.java","503","38","503","53"
"idDeserial",,"warning","Deserialization method called: java.io.ObjectInputStream.readObject","/src/test/java/org/joda/time/TestDateTimeZone.java","1272","46","1272","61"
"idDeserial",,"warning","Deserialization method called: java.io.ObjectInputStream.readObject","/src/test/java/org/joda/time/TestDateTimeZone.java","1290","46","1290","61"
"idDeserial",,"warning","Deserialization method called: java.io.ObjectInputStream.readObject","/src/test/java/org/joda/time/TestDays.java","250","30","250","45"
"idDeserial",,"warning","Deserialization method called: java.io.ObjectInputStream.readObject","/src/test/java/org/joda/time/TestDuration_Basics.java","248","38","248","53"
"idDeserial",,"warning","Deserialization method called: java.io.ObjectInputStream.readObject","/src/test/java/org/joda/time/TestHours.java","219","32","219","47"
"idDeserial",,"warning","Deserialization method called: java.io.ObjectInputStream.readObject","/src/test/java/org/joda/time/TestInstant_Basics.java","378","36","378","51"
"idDeserial",,"warning","Deserialization method called: java.io.ObjectInputStream.readObject","/src/test/java/org/joda/time/TestDurationFieldType.java","186","56","186","71"
"idDeserial",,"warning","Deserialization method called: java.io.ObjectInputStream.readObject","/src/test/java/org/joda/time/TestLocalDateTime_Basics.java","1064","48","1064","63"
"idDeserial",,"warning","Deserialization method called: java.io.ObjectInputStream.readObject","/src/test/java/org/joda/time/TestInterval_Basics.java","1042","38","1042","53"
"idDeserial",,"warning","Deserialization method called: java.io.ObjectInputStream.readObject","/src/test/java/org/joda/time/TestLocalDate_Basics.java","1126","40","1126","55"
"idDeserial",,"warning","Deserialization method called: java.io.ObjectInputStream.readObject","/src/test/java/org/joda/time/TestLocalTime_Basics.java","785","40","785","55"
"idDeserial",,"warning","Deserialization method called: java.io.ObjectInputStream.readObject","/src/test/java/org/joda/time/TestMinutes.java","209","36","209","51"
"idDeserial",,"warning","Deserialization method called: java.io.ObjectInputStream.readObject","/src/test/java/org/joda/time/TestMonths.java","260","34","260","49"
"idDeserial",,"warning","Deserialization method called: java.io.ObjectInputStream.readObject","/src/test/java/org/joda/time/TestMonthDay_Basics.java","779","38","779","53"
"idDeserial",,"warning","Deserialization method called: java.io.ObjectInputStream.readObject","/src/test/java/org/joda/time/TestMutableInterval_Basics.java","462","52","462","67"
"idDeserial",,"warning","Deserialization method called: java.io.ObjectInputStream.readObject","/src/test/java/org/joda/time/TestMutableDateTime_Basics.java","407","52","407","67"
"idDeserial",,"warning","Deserialization method called: java.io.ObjectInputStream.readObject","/src/test/java/org/joda/time/TestMutablePeriod_Basics.java","173","48","173","63"
"idDeserial",,"warning","Deserialization method called: java.io.ObjectInputStream.readObject","/src/test/java/org/joda/time/TestPartial_Basics.java","791","36","791","51"
"idDeserial",,"warning","Deserialization method called: java.io.ObjectInputStream.readObject","/src/test/java/org/joda/time/TestPeriod_Basics.java","240","34","240","49"
"idDeserial",,"warning","Deserialization method called: java.io.ObjectInputStream.readObject","/src/test/java/org/joda/time/TestPeriodType.java","120","42","120","57"
"idDeserial",,"warning","Deserialization method called: java.io.ObjectInputStream.readObject","/src/test/java/org/joda/time/TestPeriodType.java","135","42","135","57"
"idDeserial",,"warning","Deserialization method called: java.io.ObjectInputStream.readObject","/src/test/java/org/joda/time/TestSeconds.java","206","36","206","51"
"idDeserial",,"warning","Deserialization method called: java.io.ObjectInputStream.readObject","/src/test/java/org/joda/time/TestSerialization.java","297","22","297","37"
"idDeserial",,"warning","Deserialization method called: java.io.ObjectInputStream.readObject","/src/test/java/org/joda/time/TestSerialization.java","327","22","327","37"
"idDeserial",,"warning","Deserialization method called: java.io.ObjectInputStream.readObject","/src/test/java/org/joda/time/TestWeeks.java","208","32","208","47"
"idDeserial",,"warning","Deserialization method called: java.io.ObjectInputStream.readObject","/src/test/java/org/joda/time/TestTimeOfDay_Basics.java","866","40","866","55"
"idDeserial",,"warning","Deserialization method called: java.io.ObjectInputStream.readObject","/src/test/java/org/joda/time/TestYearMonthDay_Basics.java","792","46","792","61"
"idDeserial",,"warning","Deserialization method called: java.io.ObjectInputStream.readObject","/src/test/java/org/joda/time/TestYearMonth_Basics.java","616","40","616","55"
"idDeserial",,"warning","Deserialization method called: java.io.ObjectInputStream.readObject","/src/test/java/org/joda/time/TestYears.java","191","32","191","47"
"idDeserial",,"warning","Deserialization method called: java.io.ObjectInputStream.readObject","/src/test/java/org/joda/time/field/TestMillisDurationField.java","212","48","212","63"
"idDeserial",,"warning","Deserialization method called: java.io.ObjectInputStream.readObject","/src/test/java/org/joda/time/field/TestPreciseDurationField.java","271","48","271","63"
"idDeserial",,"warning","Deserialization method called: java.io.ObjectInputStream.readObject","/src/test/java/org/joda/time/field/TestScaledDurationField.java","288","48","288","63"
"idDeserial",,"warning","Deserialization method called: java.io.ObjectInputStream.readObject","/src/test/java/org/joda/time/tz/TestCachedDateTimeZone.java","78","58","78","73"
