"idDeserial",,"warning","Deserialization method called: java.io.ObjectInputStream.readObject","/src/main/java/org/joychou/controller/Deserialize.java","50","9","50","23"
"idDeserial",,"warning","Deserialization method called: java.io.ObjectInputStream.readObject","/src/main/java/org/joychou/controller/Deserialize.java","77","13","77","27"
"idDeserial",,"warning","Deserialization method called: com.fasterxml.jackson.databind.ObjectMapper.readValue","/src/main/java/org/joychou/controller/Deserialize.java","93","26","93","64"
"idDeserial",,"warning","Deserialization method called: org.yaml.snakeyaml.Yaml.load","/src/main/java/org/joychou/controller/Rce.java","113","9","113","23"
"idDeserial",,"warning","Deserialization method called: org.yaml.snakeyaml.Yaml.load","/src/main/java/org/joychou/controller/Rce.java","119","9","119","23"
"idDeserial",,"warning","Deserialization method called: java.io.ObjectInputStream.readObject","/src/main/java/org/joychou/controller/Shiro.java","38","13","38","27"
"idDeserial",,"warning","Deserialization method called: com.thoughtworks.xstream.XStream.fromXML","/src/main/java/org/joychou/controller/XStreamRce.java","29","9","29","28"
"idDeserial",,"warning","Deserialization method called: java.io.ObjectInputStream.readObject","/src/main/java/org/joychou/security/AntObjectInputStream.java","70","45","70","60"
