"idDeserial",,"warning","Deserialization method called: com.fasterxml.jackson.databind.ObjectMapper.readValue","/account/src/test/java/org/killbill/billing/account/api/user/TestEventJson.java","48","28","48","55"
"idDeserial",,"warning","Deserialization method called: com.fasterxml.jackson.databind.ObjectMapper.readValue","/account/src/test/java/org/killbill/billing/account/api/user/TestEventJson.java","59","49","59","105"
"idDeserial",,"warning","Deserialization method called: com.fasterxml.jackson.databind.ObjectMapper.readValue","/beatrix/src/test/java/org/killbill/billing/beatrix/extbus/TestEventJson.java","46","47","46","74"
"idDeserial",,"warning","Deserialization method called: com.fasterxml.jackson.databind.ObjectMapper.readValue","/beatrix/src/test/java/org/killbill/billing/beatrix/extbus/TestEventJson.java","59","47","59","89"
"idDeserial",,"warning","Deserialization method called: com.fasterxml.jackson.databind.ObjectMapper.readValue","/beatrix/src/test/java/org/killbill/billing/beatrix/extbus/TestEventJson.java","69","47","69","91"
"idDeserial",,"warning","Deserialization method called: com.fasterxml.jackson.databind.ObjectMapper.readValue","/beatrix/src/test/java/org/killbill/billing/beatrix/integration/TestPublicBus.java","200","54","200","118"
"idDeserial",,"warning","Deserialization method called: com.fasterxml.jackson.databind.ObjectMapper.readValue","/beatrix/src/test/java/org/killbill/billing/beatrix/integration/TestPublicBus.java","204","61","204","132"
"idDeserial",,"warning","Deserialization method called: com.fasterxml.jackson.databind.ObjectMapper.readValue","/beatrix/src/test/java/org/killbill/billing/beatrix/integration/TestPublicBus.java","209","56","209","122"
"idDeserial",,"warning","Deserialization method called: com.fasterxml.jackson.databind.ObjectMapper.readValue","/beatrix/src/test/java/org/killbill/billing/beatrix/integration/TestWithFakeKPMPlugin.java","118","65","118","121"
"idDeserial",,"warning","Deserialization method called: java.io.ObjectInputStream.readObject","/catalog/src/main/java/org/killbill/billing/catalog/api/user/DefaultCatalogUserApi.java","220","51","220","65"
"idDeserial",,"warning","Deserialization method called: com.fasterxml.jackson.databind.ObjectMapper.readValue","/entitlement/src/test/java/org/killbill/billing/entitlement/api/TestEventJson.java","41","28","41","55"
"idDeserial",,"warning","Deserialization method called: com.fasterxml.jackson.databind.ObjectMapper.readValue","/invoice/src/main/java/org/killbill/billing/invoice/usage/ContiguousIntervalConsumableUsageInArrear.java","296","26","296","65"
"idDeserial",,"warning","Deserialization method called: com.fasterxml.jackson.databind.ObjectMapper.readValue","/invoice/src/test/java/org/killbill/billing/invoice/api/user/TestEventJson.java","41","28","41","84"
"idDeserial",,"warning","Deserialization method called: com.fasterxml.jackson.databind.ObjectMapper.readValue","/invoice/src/test/java/org/killbill/billing/invoice/api/user/TestEventJson.java","51","28","51","96"
"idDeserial",,"warning","Deserialization method called: com.fasterxml.jackson.databind.ObjectMapper.readValue","/invoice/src/test/java/org/killbill/billing/invoice/api/user/TestEventJson.java","60","28","60","80"
"idDeserial",,"warning","Deserialization method called: com.fasterxml.jackson.databind.ObjectMapper.readValue","/invoice/src/test/java/org/killbill/billing/invoice/dao/serialization/TestBillingEventSetJson.java","103","41","103","95"
"idDeserial",,"warning","Deserialization method called: com.fasterxml.jackson.databind.ObjectMapper.readValue","/invoice/src/test/java/org/killbill/billing/invoice/notification/TestNextBillingDateNotificationKey.java","46","55","46","114"
"idDeserial",,"warning","Deserialization method called: com.fasterxml.jackson.databind.ObjectMapper.readValue","/invoice/src/test/java/org/killbill/billing/invoice/notification/TestNextBillingDateNotificationKey.java","64","55","64","114"
"idDeserial",,"warning","Deserialization method called: com.fasterxml.jackson.databind.ObjectMapper.readValue","/invoice/src/test/java/org/killbill/billing/invoice/notification/TestNextBillingDateNotificationKey.java","82","55","82","114"
"idDeserial",,"warning","Deserialization method called: com.fasterxml.jackson.databind.ObjectMapper.readValue","/invoice/src/test/java/org/killbill/billing/invoice/notification/TestNextBillingDateNotificationKey.java","96","55","96","114"
"idDeserial",,"warning","Deserialization method called: com.fasterxml.jackson.databind.ObjectMapper.readValue","/invoice/src/test/java/org/killbill/billing/invoice/usage/TestContiguousIntervalCapacityInArrear.java","259","54","259","163"
"idDeserial",,"warning","Deserialization method called: com.fasterxml.jackson.databind.ObjectMapper.readValue","/invoice/src/test/java/org/killbill/billing/invoice/usage/TestContiguousIntervalCapacityInArrear.java","283","23","283","132"
"idDeserial",,"warning","Deserialization method called: com.fasterxml.jackson.databind.ObjectMapper.readValue","/invoice/src/test/java/org/killbill/billing/invoice/usage/TestContiguousIntervalConsumableInArrear.java","386","56","386","167"
"idDeserial",,"warning","Deserialization method called: com.fasterxml.jackson.databind.ObjectMapper.readValue","/invoice/src/test/java/org/killbill/billing/invoice/usage/TestContiguousIntervalCapacityInArrear.java","308","23","308","132"
"idDeserial",,"warning","Deserialization method called: com.fasterxml.jackson.databind.ObjectMapper.readValue","/invoice/src/test/java/org/killbill/billing/invoice/usage/TestContiguousIntervalCapacityInArrear.java","350","54","350","163"
"idDeserial",,"warning","Deserialization method called: com.fasterxml.jackson.databind.ObjectMapper.readValue","/invoice/src/test/java/org/killbill/billing/invoice/usage/TestContiguousIntervalConsumableInArrear.java","405","23","405","134"
"idDeserial",,"warning","Deserialization method called: com.fasterxml.jackson.databind.ObjectMapper.readValue","/invoice/src/test/java/org/killbill/billing/invoice/usage/TestContiguousIntervalConsumableInArrear.java","524","56","524","167"
"idDeserial",,"warning","Deserialization method called: com.fasterxml.jackson.databind.ObjectMapper.readValue","/invoice/src/test/java/org/killbill/billing/invoice/usage/TestContiguousIntervalConsumableInArrear.java","549","23","549","134"
"idDeserial",,"warning","Deserialization method called: com.fasterxml.jackson.databind.ObjectMapper.readValue","/invoice/src/test/java/org/killbill/billing/invoice/usage/TestContiguousIntervalConsumableInArrear.java","580","23","580","134"
"idDeserial",,"warning","Deserialization method called: com.fasterxml.jackson.databind.ObjectMapper.readValue","/invoice/src/test/java/org/killbill/billing/invoice/usage/TestContiguousIntervalConsumableInArrear.java","694","56","694","167"
"idDeserial",,"warning","Deserialization method called: com.fasterxml.jackson.databind.ObjectMapper.readValue","/invoice/src/test/java/org/killbill/billing/invoice/usage/TestContiguousIntervalConsumableInArrear.java","718","23","718","134"
"idDeserial",,"warning","Deserialization method called: com.fasterxml.jackson.databind.ObjectMapper.readValue","/invoice/src/test/java/org/killbill/billing/invoice/usage/TestContiguousIntervalConsumableInArrear.java","743","23","743","134"
"idDeserial",,"warning","Deserialization method called: com.fasterxml.jackson.databind.ObjectMapper.readValue","/invoice/src/test/java/org/killbill/billing/invoice/usage/TestContiguousIntervalConsumableInArrear.java","848","56","848","167"
"idDeserial",,"warning","Deserialization method called: com.fasterxml.jackson.databind.ObjectMapper.readValue","/invoice/src/test/java/org/killbill/billing/invoice/usage/TestContiguousIntervalConsumableInArrear.java","941","85","941","204"
"idDeserial",,"warning","Deserialization method called: com.fasterxml.jackson.databind.ObjectMapper.readValue","/invoice/src/test/java/org/killbill/billing/invoice/usage/TestContiguousIntervalConsumableInArrear.java","951","85","951","204"
"idDeserial",,"warning","Deserialization method called: com.fasterxml.jackson.databind.ObjectMapper.readValue","/invoice/src/test/java/org/killbill/billing/invoice/usage/TestContiguousIntervalConsumableInArrear.java","961","85","961","204"
"idDeserial",,"warning","Deserialization method called: com.fasterxml.jackson.databind.ObjectMapper.readValue","/invoice/src/test/java/org/killbill/billing/invoice/usage/TestContiguousIntervalConsumableInArrear.java","971","85","971","204"
"idDeserial",,"warning","Deserialization method called: java.io.ObjectInputStream.readObject","/jaxrs/src/main/java/org/killbill/billing/jaxrs/resources/CatalogResource.java","166","42","166","56"
"idDeserial",,"warning","Deserialization method called: com.fasterxml.jackson.databind.ObjectMapper.readValue","/jaxrs/src/test/java/org/killbill/billing/jaxrs/json/TestAccountEmailJson.java","43","43","43","90"
"idDeserial",,"warning","Deserialization method called: com.fasterxml.jackson.databind.ObjectMapper.readValue","/jaxrs/src/test/java/org/killbill/billing/jaxrs/json/TestAuditLogJson.java","70","39","70","82"
"idDeserial",,"warning","Deserialization method called: com.fasterxml.jackson.databind.ObjectMapper.readValue","/jaxrs/src/test/java/org/killbill/billing/jaxrs/json/TestBillingExceptionJson.java","46","47","46","98"
"idDeserial",,"warning","Deserialization method called: com.fasterxml.jackson.databind.ObjectMapper.readValue","/jaxrs/src/test/java/org/killbill/billing/jaxrs/json/TestAccountJson.java","87","38","87","80"
"idDeserial",,"warning","Deserialization method called: com.fasterxml.jackson.databind.ObjectMapper.readValue","/jaxrs/src/test/java/org/killbill/billing/jaxrs/json/TestBundleTimelineJson.java","57","45","57","94"
"idDeserial",,"warning","Deserialization method called: com.fasterxml.jackson.databind.ObjectMapper.readValue","/jaxrs/src/test/java/org/killbill/billing/jaxrs/json/TestBundleJsonWithSubscriptions.java","99","37","99","78"
"idDeserial",,"warning","Deserialization method called: com.fasterxml.jackson.databind.ObjectMapper.readValue","/jaxrs/src/test/java/org/killbill/billing/jaxrs/json/TestCustomFieldJson.java","45","42","45","88"
"idDeserial",,"warning","Deserialization method called: com.fasterxml.jackson.databind.ObjectMapper.readValue","/jaxrs/src/test/java/org/killbill/billing/jaxrs/json/TestEntitlementJsonWithEvents.java","95","43","95","90"
"idDeserial",,"warning","Deserialization method called: com.fasterxml.jackson.databind.ObjectMapper.readValue","/jaxrs/src/test/java/org/killbill/billing/jaxrs/json/TestOverdueStateJson.java","46","43","46","90"
"idDeserial",,"warning","Deserialization method called: com.fasterxml.jackson.databind.ObjectMapper.readValue","/jaxrs/src/test/java/org/killbill/billing/jaxrs/json/TestInvoiceItemJsonSimple.java","83","42","83","88"
"idDeserial",,"warning","Deserialization method called: com.fasterxml.jackson.databind.ObjectMapper.readValue","/jaxrs/src/test/java/org/killbill/billing/jaxrs/json/TestInvoiceJsonWithBundleKeys.java","75","38","75","80"
"idDeserial",,"warning","Deserialization method called: com.fasterxml.jackson.databind.ObjectMapper.readValue","/jaxrs/src/test/java/org/killbill/billing/jaxrs/json/TestPlanDetailJson.java","57","41","57","86"
"idDeserial",,"warning","Deserialization method called: com.fasterxml.jackson.databind.ObjectMapper.readValue","/jaxrs/src/test/java/org/killbill/billing/jaxrs/json/TestTagDefinitionJson.java","45","44","45","92"
"idDeserial",,"warning","Deserialization method called: com.fasterxml.jackson.databind.ObjectMapper.readValue","/overdue/src/test/java/org/killbill/billing/overdue/notification/TestOverdueNotificationKeyJson.java","40","28","40","55"
"idDeserial",,"warning","Deserialization method called: com.fasterxml.jackson.databind.ObjectMapper.readValue","/overdue/src/test/java/org/killbill/billing/overdue/notification/TestOverdueNotificationKeyJson.java","50","79","50","106"
"idDeserial",,"warning","Deserialization method called: com.fasterxml.jackson.databind.ObjectMapper.readValue","/payment/src/main/java/org/killbill/billing/payment/dao/PluginPropertySerializer.java","100","46","100","87"
"idDeserial",,"warning","Deserialization method called: com.fasterxml.jackson.databind.ObjectMapper.readValue","/payment/src/test/java/org/killbill/billing/payment/api/TestEventJson.java","41","28","41","55"
"idDeserial",,"warning","Deserialization method called: com.fasterxml.jackson.databind.ObjectMapper.readValue","/payment/src/test/java/org/killbill/billing/payment/api/TestEventJson.java","52","28","52","56"
"idDeserial",,"warning","Deserialization method called: com.fasterxml.jackson.databind.ObjectMapper.readValue","/profiles/killbill/src/test/java/org/killbill/billing/jaxrs/CallbackServlet.java","78","47","78","98"
"idDeserial",,"warning","Deserialization method called: com.fasterxml.jackson.databind.ObjectMapper.readValue","/profiles/killbill/src/test/java/org/killbill/billing/jaxrs/TestAdmin.java","152","51","152","129"
"idDeserial",,"warning","Deserialization method called: com.fasterxml.jackson.databind.ObjectMapper.readValue","/subscription/src/test/java/org/killbill/billing/subscription/api/TestEventJson.java","46","28","46","55"
"idDeserial",,"warning","Deserialization method called: com.fasterxml.jackson.databind.ObjectMapper.readValue","/subscription/src/test/java/org/killbill/billing/subscription/api/TestEventJson.java","56","91","56","118"
"idDeserial",,"warning","Deserialization method called: com.fasterxml.jackson.databind.ObjectMapper.readValue","/util/src/main/java/org/killbill/billing/util/config/tenant/CacheConfig.java","62","44","62","99"
"idDeserial",,"warning","Deserialization method called: com.fasterxml.jackson.databind.ObjectMapper.readValue","/util/src/main/java/org/killbill/billing/util/nodes/NodeInfoMapper.java","49","16","49","66"
"idDeserial",,"warning","Deserialization method called: com.fasterxml.jackson.databind.ObjectMapper.readValue","/util/src/main/java/org/killbill/billing/util/nodes/NodeInfoMapper.java","63","16","63","82"
"idDeserial",,"warning","Deserialization method called: com.fasterxml.jackson.databind.ObjectMapper.readValue","/util/src/main/java/org/killbill/billing/util/nodes/NodeInfoMapper.java","64","16","64","78"
"idDeserial",,"warning","Deserialization method called: com.fasterxml.jackson.databind.ObjectMapper.readValue","/util/src/main/java/org/killbill/billing/util/security/shiro/realm/KillBillOktaRealm.java","151","38","151","88"
"idDeserial",,"warning","Deserialization method called: com.fasterxml.jackson.databind.ObjectMapper.readValue","/util/src/main/java/org/killbill/billing/util/security/shiro/realm/KillBillOktaRealm.java","175","38","175","88"
"idDeserial",,"warning","Deserialization method called: com.fasterxml.jackson.databind.ObjectMapper.readValue","/util/src/main/java/org/killbill/billing/util/security/shiro/realm/KillBillOktaRealm.java","210","44","210","118"
"idDeserial",,"warning","Deserialization method called: com.fasterxml.jackson.databind.ObjectMapper.readValue","/util/src/main/java/org/killbill/billing/util/security/shiro/realm/KillBillAuth0Realm.java","265","55","265","140"
"idDeserial",,"warning","Deserialization method called: com.fasterxml.jackson.databind.ObjectMapper.readValue","/util/src/main/java/org/killbill/billing/util/security/shiro/realm/KillBillAuth0Realm.java","312","29","312","106"
"idDeserial",,"warning","Deserialization method called: com.fasterxml.jackson.databind.ObjectMapper.readValue","/util/src/main/java/org/killbill/billing/util/security/shiro/realm/KillBillAuth0Realm.java","331","61","331","152"
"idDeserial",,"warning","Deserialization method called: com.fasterxml.jackson.databind.ObjectMapper.readValue","/util/src/main/java/org/killbill/billing/util/security/shiro/realm/KillBillAuth0Realm.java","352","61","352","152"
"idDeserial",,"warning","Deserialization method called: com.fasterxml.jackson.databind.ObjectMapper.readValue","/util/src/main/java/org/killbill/billing/util/security/shiro/realm/KillBillAuth0Realm.java","424","28","424","124"
"idDeserial",,"warning","Deserialization method called: com.fasterxml.jackson.databind.ObjectMapper.readValue","/util/src/test/java/org/killbill/billing/util/broadcast/TestDefaultBroadcastInternalEvent.java","49","44","49","121"
"idDeserial",,"warning","Deserialization method called: com.fasterxml.jackson.databind.ObjectMapper.readValue","/util/src/test/java/org/killbill/billing/util/config/TestCacheConfig.java","41","40","41","97"
"idDeserial",,"warning","Deserialization method called: com.fasterxml.jackson.databind.ObjectMapper.readValue","/util/src/test/java/org/killbill/billing/util/customfield/api/TestDefaultCustomFieldCreationEvent.java","63","58","63","124"
"idDeserial",,"warning","Deserialization method called: com.fasterxml.jackson.databind.ObjectMapper.readValue","/util/src/test/java/org/killbill/billing/util/customfield/api/TestDefaultCustomFieldDeletionEvent.java","65","58","65","124"
"idDeserial",,"warning","Deserialization method called: com.fasterxml.jackson.databind.ObjectMapper.readValue","/util/src/test/java/org/killbill/billing/util/tag/api/user/TestDefaultControlTagCreationEvent.java","79","57","79","122"
"idDeserial",,"warning","Deserialization method called: com.fasterxml.jackson.databind.ObjectMapper.readValue","/util/src/test/java/org/killbill/billing/util/tag/api/user/TestDefaultControlTagDefinitionCreationEvent.java","70","67","70","142"
"idDeserial",,"warning","Deserialization method called: com.fasterxml.jackson.databind.ObjectMapper.readValue","/util/src/test/java/org/killbill/billing/util/tag/api/user/TestDefaultControlTagDefinitionDeletionEvent.java","70","67","70","142"
"idDeserial",,"warning","Deserialization method called: com.fasterxml.jackson.databind.ObjectMapper.readValue","/util/src/test/java/org/killbill/billing/util/tag/api/user/TestDefaultControlTagDeletionEvent.java","79","57","79","122"
"idDeserial",,"warning","Deserialization method called: com.fasterxml.jackson.databind.ObjectMapper.readValue","/util/src/test/java/org/killbill/billing/util/tag/api/user/TestDefaultUserTagDefinitionCreationEvent.java","71","64","71","136"
"idDeserial",,"warning","Deserialization method called: com.fasterxml.jackson.databind.ObjectMapper.readValue","/util/src/test/java/org/killbill/billing/util/tag/api/user/TestDefaultUserTagCreationEvent.java","79","54","79","116"
"idDeserial",,"warning","Deserialization method called: com.fasterxml.jackson.databind.ObjectMapper.readValue","/util/src/test/java/org/killbill/billing/util/tag/api/user/TestDefaultUserTagDefinitionDeletionEvent.java","70","64","70","136"
"idDeserial",,"warning","Deserialization method called: com.fasterxml.jackson.databind.ObjectMapper.readValue","/util/src/test/java/org/killbill/billing/util/tag/api/user/TestDefaultUserTagDeletionEvent.java","79","54","79","116"
