"idDeserial",,"warning","Deserialization method called: com.google.gson.Gson.fromJson","/object-mapper-gson/src/main/java/kong/unirest/gson/GsonObjectMapper.java","69","16","69","44"
"idDeserial",,"warning","Deserialization method called: com.google.gson.Gson.fromJson","/object-mapper-gson/src/main/java/kong/unirest/gson/GsonObjectMapper.java","74","16","74","56"
"idDeserial",,"warning","Deserialization method called: com.fasterxml.jackson.databind.ObjectMapper.readValue","/object-mapper-jackson/src/main/java/kong/unirest/jackson/JacksonObjectMapper.java","77","20","77","49"
"idDeserial",,"warning","Deserialization method called: com.fasterxml.jackson.databind.ObjectMapper.readValue","/object-mapper-jackson/src/main/java/kong/unirest/jackson/JacksonObjectMapper.java","86","20","86","80"
"idDeserial",,"warning","Deserialization method called: com.google.gson.Gson.fromJson","/unirest/src/main/java/kong/unirest/JsonObjectMapper.java","44","16","44","51"
"idDeserial",,"warning","Deserialization method called: com.google.gson.Gson.fromJson","/unirest/src/main/java/kong/unirest/JsonObjectMapper.java","49","16","49","63"
"idDeserial",,"warning","Deserialization method called: com.google.gson.Gson.fromJson","/unirest/src/main/java/kong/unirest/json/JSONElement.java","120","20","120","48"
"idDeserial",,"warning","Deserialization method called: com.google.gson.Gson.fromJson","/unirest/src/main/java/kong/unirest/json/JSONElement.java","167","16","167","44"
"idDeserial",,"warning","Deserialization method called: com.fasterxml.jackson.databind.ObjectMapper.readValue","/unirest/src/test/java/kong/unirest/TestUtil.java","60","20","60","41"
"idDeserial",,"warning","Deserialization method called: com.google.gson.Gson.fromJson","/unirest-bdd-tests/src/test/java/BehaviorTests/ObjectFunctionalTest.java","50","32","50","81"
"idDeserial",,"warning","Deserialization method called: com.google.gson.Gson.fromJson","/unirest-bdd-tests/src/test/java/BehaviorTests/ObjectFunctionalTest.java","61","37","61","86"
"idDeserial",,"warning","Deserialization method called: com.fasterxml.jackson.databind.ObjectMapper.readValue","/unirest-bdd-tests/src/test/java/BehaviorTests/TestObjectMapper.java","67","11","67","36"
"idDeserial",,"warning","Deserialization method called: com.fasterxml.jackson.databind.ObjectMapper.readValue","/unirest-bdd-tests/src/test/java/BehaviorTests/TestObjectMapper.java","76","11","76","40"
"idDeserial",,"warning","Deserialization method called: com.fasterxml.jackson.databind.ObjectMapper.readValue","/unirest-bdd-tests/src/test/java/BehaviorTests/TestObjectMapper.java","85","11","85","71"
"idDeserial",,"warning","Deserialization method called: com.fasterxml.jackson.databind.ObjectMapper.readValue","/unirest-bdd-tests/src/test/java/BehaviorTests/TestObjectMapper.java","102","11","102","35"
"idDeserial",,"warning","Deserialization method called: com.fasterxml.jackson.databind.ObjectMapper.readValue","/unirest-bdd-tests/src/test/java/BehaviorTests/TestObjectMapper.java","110","11","110","38"
"idDeserial",,"warning","Deserialization method called: com.fasterxml.jackson.databind.ObjectMapper.readValue","/unirest-bdd-tests/src/test/java/kong/unirest/TestUtil.java","62","20","62","41"
