"idDeserial",,"warning","Deserialization method called: com.google.gson.Gson.fromJson","/app/src/main/java/com/kunminx/linkagelistview/ui/CustomDecorationSampleFragment.java","85","36","87","24"
"idDeserial",,"warning","Deserialization method called: com.google.gson.Gson.fromJson","/app/src/main/java/com/kunminx/linkagelistview/ui/CustomHeaderSampleFragment.java","91","36","93","24"
"idDeserial",,"warning","Deserialization method called: com.google.gson.Gson.fromJson","/app/src/main/java/com/kunminx/linkagelistview/ui/CustomJsonSampleFragment.java","83","36","85","24"
"idDeserial",,"warning","Deserialization method called: com.google.gson.Gson.fromJson","/app/src/main/java/com/kunminx/linkagelistview/ui/DialogSampleFragment.java","77","38","79","24"
"idDeserial",,"warning","Deserialization method called: com.google.gson.Gson.fromJson","/app/src/main/java/com/kunminx/linkagelistview/ui/ElemeSampleFragment.java","78","36","80","24"
"idDeserial",,"warning","Deserialization method called: com.google.gson.Gson.fromJson","/app/src/main/java/com/kunminx/linkagelistview/ui/LessPrimaryItemSampleFragment.java","80","36","82","24"
"idDeserial",,"warning","Deserialization method called: com.google.gson.Gson.fromJson","/app/src/main/java/com/kunminx/linkagelistview/ui/MuchPrimaryItemSampleFragment.java","80","36","82","24"
"idDeserial",,"warning","Deserialization method called: com.google.gson.Gson.fromJson","/app/src/main/java/com/kunminx/linkagelistview/ui/RxMagicSampleFragment.java","62","38","64","24"
"idDeserial",,"warning","Deserialization method called: com.google.gson.Gson.fromJson","/app/src/main/java/com/kunminx/linkagelistview/ui/SwitchSampleFragment.java","83","36","85","24"
"idDeserial",,"warning","Deserialization method called: com.google.gson.Gson.fromJson","/app/src/main/java/com/kunminx/linkagelistview/ui/dialog/BottomSheetPopup.java","40","38","42","24"
