"idDeserial",,"warning","Deserialization method called: com.google.gson.Gson.fromJson","/langchain4j/src/main/java/dev/langchain4j/store/embedding/inmemory/GsonInMemoryEmbeddingStoreJsonCodec.java","23","16","23","40"
"idDeserial",,"warning","Deserialization method called: com.fasterxml.jackson.databind.ObjectMapper.readValue","/langchain4j-anthropic/src/main/java/dev/langchain4j/model/anthropic/internal/client/DefaultAnthropicClient.java","158","51","158","115"
"idDeserial",,"warning","Deserialization method called: com.google.gson.Gson.fromJson","/langchain4j-core/src/main/java/dev/langchain4j/agent/tool/ToolExecutionRequestUtil.java","45","16","45","49"
"idDeserial",,"warning","Deserialization method called: com.google.gson.Gson.fromJson","/langchain4j-core/src/main/java/dev/langchain4j/data/message/GsonChatMessageAdapter.java","28","35","28","99"
"idDeserial",,"warning","Deserialization method called: com.google.gson.Gson.fromJson","/langchain4j-core/src/main/java/dev/langchain4j/data/message/GsonChatMessageJsonCodec.java","38","16","38","53"
"idDeserial",,"warning","Deserialization method called: com.google.gson.Gson.fromJson","/langchain4j-core/src/main/java/dev/langchain4j/data/message/GsonChatMessageJsonCodec.java","43","38","43","75"
"idDeserial",,"warning","Deserialization method called: com.google.gson.Gson.fromJson","/langchain4j-core/src/main/java/dev/langchain4j/data/message/GsonContentAdapter.java","24","16","24","79"
"idDeserial",,"warning","Deserialization method called: com.google.gson.Gson.fromJson","/langchain4j-core/src/main/java/dev/langchain4j/internal/GsonJsonCodec.java","59","16","59","40"
"idDeserial",,"warning","Deserialization method called: com.google.gson.Gson.fromJson","/langchain4j-core/src/main/java/dev/langchain4j/model/input/structured/DefaultStructuredPromptFactory.java","43","16","43","43"
"idDeserial",,"warning","Deserialization method called: com.google.gson.Gson.fromJson","/langchain4j-mistral-ai/src/main/java/dev/langchain4j/model/mistralai/DefaultMistralAiClient.java","135","82","135","139"
"idDeserial",,"warning","Deserialization method called: com.google.gson.Gson.fromJson","/langchain4j-ollama/src/main/java/dev/langchain4j/model/ollama/OllamaClient.java","105","65","105","120"
"idDeserial",,"warning","Deserialization method called: com.google.gson.Gson.fromJson","/langchain4j-ollama/src/main/java/dev/langchain4j/model/ollama/OllamaClient.java","144","57","144","106"
"idDeserial",,"warning","Deserialization method called: com.google.gson.Gson.fromJson","/langchain4j-pgvector/src/test/java/dev/langchain4j/store/embedding/pgvector/PgVectorEmbeddingStore029.java","222","68","222","100"
"idDeserial",,"warning","Deserialization method called: com.google.gson.Gson.fromJson","/langchain4j-qianfan/src/main/java/dev/langchain4j/model/qianfan/client/Json.java","18","16","18","40"
"idDeserial",,"warning","Deserialization method called: com.google.gson.Gson.fromJson","/langchain4j-qianfan/src/main/java/dev/langchain4j/model/qianfan/client/chat/FunctionCall.java","37","21","37","59"
"idDeserial",,"warning","Deserialization method called: com.google.gson.Gson.fromJson","/langchain4j-redis/src/main/java/dev/langchain4j/store/embedding/redis/RedisEmbeddingStore.java","209","57","209","130"
"idDeserial",,"warning","Deserialization method called: com.google.gson.Gson.fromJson","/langchain4j-zhipu-ai/src/main/java/dev/langchain4j/model/zhipu/Json.java","21","16","21","40"
