"idDeserial",,"warning","Deserialization method called: com.google.gson.Gson.fromJson","/buyer-api/src/main/java/cn/lili/controller/wallet/MemberWalletBuyerController.java","81","47","81","117"
"idDeserial",,"warning","Deserialization method called: com.google.gson.Gson.fromJson","/buyer-api/src/main/java/cn/lili/security/BuyerAuthenticationFilter.java","99","33","99","73"
"idDeserial",,"warning","Deserialization method called: com.google.gson.Gson.fromJson","/consumer/src/main/java/cn/lili/event/impl/MemberExperienceExecute.java","100","16","100","86"
"idDeserial",,"warning","Deserialization method called: com.google.gson.Gson.fromJson","/consumer/src/main/java/cn/lili/event/impl/MemberPointExecute.java","159","16","159","81"
"idDeserial",,"warning","Deserialization method called: com.google.gson.Gson.fromJson","/consumer/src/main/java/cn/lili/timetask/handler/impl/promotion/PromotionEverydayExecute.java","71","41","71","108"
"idDeserial",,"warning","Deserialization method called: com.google.gson.Gson.fromJson","/framework/src/main/java/cn/lili/common/security/context/UserContext.java","100","20","100","60"
"idDeserial",,"warning","Deserialization method called: com.google.gson.Gson.fromJson","/framework/src/main/java/cn/lili/common/security/token/TokenUtil.java","79","29","79","69"
"idDeserial",,"warning","Deserialization method called: com.google.gson.Gson.fromJson","/framework/src/main/java/cn/lili/modules/logistics/plugin/kuaidi100/Kuaidi100Plugin.java","78","45","78","107"
"idDeserial",,"warning","Deserialization method called: com.google.gson.Gson.fromJson","/framework/src/main/java/cn/lili/modules/logistics/plugin/kuaidi100/Kuaidi100Plugin.java","116","51","116","112"
"idDeserial",,"warning","Deserialization method called: com.google.gson.Gson.fromJson","/framework/src/main/java/cn/lili/modules/logistics/plugin/kuaidi100/Kuaidi100Plugin.java","176","51","176","112"
"idDeserial",,"warning","Deserialization method called: com.google.gson.Gson.fromJson","/framework/src/main/java/cn/lili/modules/logistics/plugin/kuaidi100/Kuaidi100Plugin.java","177","35","177","88"
"idDeserial",,"warning","Deserialization method called: com.google.gson.Gson.fromJson","/framework/src/main/java/cn/lili/modules/member/serviceimpl/MemberSignServiceImpl.java","122","45","122","110"
"idDeserial",,"warning","Deserialization method called: com.google.gson.Gson.fromJson","/framework/src/main/java/cn/lili/modules/payment/kit/plugin/wechat/WechatPlugin.java","486","51","487","44"
"idDeserial",,"warning","Deserialization method called: com.google.gson.Gson.fromJson","/framework/src/main/java/cn/lili/modules/payment/kit/plugin/wechat/WechatPlugin.java","490","57","491","49"
"idDeserial",,"warning","Deserialization method called: com.google.gson.Gson.fromJson","/framework/src/main/java/cn/lili/modules/promotion/serviceimpl/SeckillServiceImpl.java","104","41","104","108"
"idDeserial",,"warning","Deserialization method called: com.google.gson.Gson.fromJson","/framework/src/main/java/cn/lili/modules/sms/impl/SmsUtilAliImplService.java","64","33","64","96"
"idDeserial",,"warning","Deserialization method called: com.google.gson.Gson.fromJson","/framework/src/main/java/cn/lili/modules/wallet/serviceimpl/MemberWalletServiceImpl.java","273","47","273","117"
"idDeserial",,"warning","Deserialization method called: com.google.gson.Gson.fromJson","/framework/src/main/java/cn/lili/modules/wallet/serviceimpl/MemberWalletServiceImpl.java","321","47","321","117"
"idDeserial",,"warning","Deserialization method called: com.google.gson.Gson.fromJson","/framework/src/main/java/cn/lili/modules/wechat/util/WechatAccessTokenUtil.java","58","57","58","130"
"idDeserial",,"warning","Deserialization method called: com.google.gson.Gson.fromJson","/manager-api/src/main/java/cn/lili/security/ManagerAuthenticationFilter.java","158","33","158","73"
"idDeserial",,"warning","Deserialization method called: com.google.gson.Gson.fromJson","/manager-api/src/test/java/cn/lili/test/promotion/SeckillTest.java","51","41","51","108"
"idDeserial",,"warning","Deserialization method called: com.google.gson.Gson.fromJson","/seller-api/src/main/java/cn/lili/security/StoreAuthenticationFilter.java","106","33","106","73"
