"idDeserial",,"warning","Deserialization method called: com.fasterxml.jackson.databind.ObjectMapper.readValue","/consul/src/main/java/com/linecorp/armeria/internal/consul/HealthClient.java","99","46","99","93"
"idDeserial",,"warning","Deserialization method called: com.fasterxml.jackson.databind.ObjectMapper.readValue","/core/src/main/java/com/linecorp/armeria/client/AggregatedResponseAs.java","42","69","42","98"
"idDeserial",,"warning","Deserialization method called: com.fasterxml.jackson.databind.ObjectMapper.readValue","/core/src/main/java/com/linecorp/armeria/client/AggregatedResponseAs.java","48","36","48","67"
"idDeserial",,"warning","Deserialization method called: com.fasterxml.jackson.databind.ObjectMapper.readValue","/core/src/main/java/com/linecorp/armeria/client/AggregatedResponseAs.java","53","69","53","98"
"idDeserial",,"warning","Deserialization method called: com.fasterxml.jackson.databind.ObjectMapper.readValue","/core/src/main/java/com/linecorp/armeria/client/AggregatedResponseAs.java","60","36","60","67"
"idDeserial",,"warning","Deserialization method called: com.fasterxml.jackson.databind.ObjectMapper.readValue","/core/src/main/java/com/linecorp/armeria/internal/common/JacksonUtil.java","80","16","80","47"
"idDeserial",,"warning","Deserialization method called: com.fasterxml.jackson.databind.ObjectMapper.readValue","/core/src/main/java/com/linecorp/armeria/internal/common/JacksonUtil.java","84","16","84","49"
"idDeserial",,"warning","Deserialization method called: com.fasterxml.jackson.databind.ObjectMapper.readValue","/core/src/test/java/com/linecorp/armeria/common/HttpHeadersJsonDeserializerTest.java","39","20","39","71"
"idDeserial",,"warning","Deserialization method called: com.fasterxml.jackson.databind.ObjectMapper.readValue","/core/src/test/java/com/linecorp/armeria/common/HttpHeadersJsonDeserializerTest.java","46","20","46","91"
"idDeserial",,"warning","Deserialization method called: com.fasterxml.jackson.databind.ObjectMapper.readValue","/core/src/test/java/com/linecorp/armeria/common/HttpHeadersJsonDeserializerTest.java","52","34","52","74"
"idDeserial",,"warning","Deserialization method called: com.fasterxml.jackson.databind.ObjectMapper.readValue","/core/src/test/java/com/linecorp/armeria/common/HttpHeadersJsonDeserializerTest.java","58","34","58","84"
"idDeserial",,"warning","Deserialization method called: com.fasterxml.jackson.databind.ObjectMapper.readValue","/core/src/test/java/com/linecorp/armeria/common/HttpHeadersJsonDeserializerTest.java","64","34","64","86"
"idDeserial",,"warning","Deserialization method called: com.fasterxml.jackson.databind.ObjectMapper.readValue","/core/src/test/java/com/linecorp/armeria/common/HttpHeadersJsonDeserializerTest.java","70","34","70","84"
"idDeserial",,"warning","Deserialization method called: com.fasterxml.jackson.databind.ObjectMapper.readValue","/core/src/test/java/com/linecorp/armeria/common/HttpHeadersJsonDeserializerTest.java","76","34","76","84"
"idDeserial",,"warning","Deserialization method called: com.fasterxml.jackson.databind.ObjectMapper.readValue","/core/src/test/java/com/linecorp/armeria/common/HttpHeadersJsonDeserializerTest.java","82","34","82","84"
"idDeserial",,"warning","Deserialization method called: com.fasterxml.jackson.databind.ObjectMapper.readValue","/core/src/test/java/com/linecorp/armeria/common/MediaTypeJsonDeserializerTest.java","32","20","32","85"
"idDeserial",,"warning","Deserialization method called: com.fasterxml.jackson.databind.ObjectMapper.readValue","/core/src/test/java/com/linecorp/armeria/common/MediaTypeJsonDeserializerTest.java","38","34","38","84"
"idDeserial",,"warning","Deserialization method called: com.fasterxml.jackson.databind.ObjectMapper.readValue","/core/src/test/java/com/linecorp/armeria/common/MediaTypeJsonDeserializerTest.java","44","34","44","72"
"idDeserial",,"warning","Deserialization method called: com.fasterxml.jackson.databind.ObjectMapper.readValue","/core/src/test/java/com/linecorp/armeria/common/RequestHeadersJsonDeserializerTest.java","35","20","35","99"
"idDeserial",,"warning","Deserialization method called: com.fasterxml.jackson.databind.ObjectMapper.readValue","/core/src/test/java/com/linecorp/armeria/common/RequestHeadersJsonDeserializerTest.java","41","34","41","101"
"idDeserial",,"warning","Deserialization method called: com.fasterxml.jackson.databind.ObjectMapper.readValue","/core/src/test/java/com/linecorp/armeria/common/ResponseHeadersJsonDeserializerTest.java","35","20","35","83"
"idDeserial",,"warning","Deserialization method called: com.fasterxml.jackson.databind.ObjectMapper.readValue","/core/src/test/java/com/linecorp/armeria/common/ResponseHeadersJsonDeserializerTest.java","41","34","41","89"
"idDeserial",,"warning","Deserialization method called: com.fasterxml.jackson.databind.ObjectMapper.readValue","/core/src/test/java/com/linecorp/armeria/internal/server/annotation/AnnotatedServiceRequestConverterTest.java","675","24","675","85"
"idDeserial",,"warning","Deserialization method called: com.fasterxml.jackson.databind.ObjectMapper.readValue","/core/src/test/java/com/linecorp/armeria/internal/server/annotation/AnnotatedServiceRequestConverterTest.java","690","46","691","84"
"idDeserial",,"warning","Deserialization method called: com.fasterxml.jackson.databind.ObjectMapper.readValue","/core/src/test/java/com/linecorp/armeria/internal/server/annotation/AnnotatedServiceResponseConverterTest.java","992","28","992","93"
"idDeserial",,"warning","Deserialization method called: com.fasterxml.jackson.databind.ObjectMapper.readValue","/core/src/test/java/com/linecorp/armeria/server/streaming/JsonLinesTest.java","132","28","132","93"
"idDeserial",,"warning","Deserialization method called: com.fasterxml.jackson.databind.ObjectMapper.readValue","/core/src/test/java/com/linecorp/armeria/server/streaming/JsonTextSequencesTest.java","110","24","110","89"
"idDeserial",,"warning","Deserialization method called: com.fasterxml.jackson.databind.ObjectMapper.readValue","/eureka/src/main/java/com/linecorp/armeria/client/eureka/EurekaEndpointGroup.java","345","25","345","69"
"idDeserial",,"warning","Deserialization method called: com.fasterxml.jackson.databind.ObjectMapper.readValue","/eureka/src/main/java/com/linecorp/armeria/client/eureka/EurekaEndpointGroup.java","381","49","381","92"
"idDeserial",,"warning","Deserialization method called: com.fasterxml.jackson.databind.ObjectMapper.readValue","/eureka/src/main/java/com/linecorp/armeria/client/eureka/EurekaEndpointGroup.java","394","50","394","94"
"idDeserial",,"warning","Deserialization method called: com.fasterxml.jackson.databind.ObjectMapper.readValue","/eureka/src/test/java/com/linecorp/armeria/server/eureka/EurekaUpdatingListenerTest.java","129","43","130","78"
"idDeserial",,"warning","Deserialization method called: com.fasterxml.jackson.databind.ObjectMapper.readValue","/eureka/src/test/java/com/linecorp/armeria/server/eureka/EurekaUpdatingListenerTest.java","225","43","226","78"
"idDeserial",,"warning","Deserialization method called: com.fasterxml.jackson.databind.ObjectMapper.readValue","/eureka/src/test/java/com/linecorp/armeria/server/eureka/EurekaUpdatingListenerTest.java","252","43","253","78"
"idDeserial",,"warning","Deserialization method called: com.fasterxml.jackson.databind.ObjectMapper.readValue","/eureka/src/test/java/com/linecorp/armeria/server/eureka/EurekaUpdatingListenerTest.java","290","43","291","78"
"idDeserial",,"warning","Deserialization method called: com.fasterxml.jackson.databind.ObjectMapper.readValue","/graphql/src/main/java/com/linecorp/armeria/server/graphql/GraphqlWSSubProtocol.java","333","20","333","59"
"idDeserial",,"warning","Deserialization method called: com.fasterxml.jackson.databind.ObjectMapper.readValue","/graphql-protocol/src/main/java/com/linecorp/armeria/server/graphql/protocol/AbstractGraphqlService.java","275","16","275","55"
"idDeserial",,"warning","Deserialization method called: com.fasterxml.jackson.databind.ObjectMapper.readValue","/grpc/src/main/java/com/linecorp/armeria/server/grpc/HttpJsonTranscodingService.java","450","51","450","89"
"idDeserial",,"warning","Deserialization method called: com.fasterxml.jackson.databind.ObjectMapper.readValue","/grpc/src/test/java/com/linecorp/armeria/internal/server/grpc/GrpcDocServiceWithCustomRouteTest.java","98","31","98","90"
"idDeserial",,"warning","Deserialization method called: com.fasterxml.jackson.databind.ObjectMapper.readValue","/grpc/src/test/java/com/linecorp/armeria/internal/server/grpc/GrpcDocServiceWithCustomRouteTest.java","110","31","110","90"
"idDeserial",,"warning","Deserialization method called: com.fasterxml.jackson.databind.ObjectMapper.readValue","/it/spring/boot3-jetty12/src/test/java/com/linecorp/armeria/spring/jetty/ActuatorAutoConfigurationHealthGroupTest.java","95","44","95","99"
"idDeserial",,"warning","Deserialization method called: com.fasterxml.jackson.databind.ObjectMapper.readValue","/it/spring/boot3-tomcat10/src/test/java/com/linecorp/armeria/spring/tomcat/ActuatorAutoConfigurationHealthGroupTest.java","95","44","95","99"
"idDeserial",,"warning","Deserialization method called: com.fasterxml.jackson.databind.ObjectMapper.readValue","/oauth2/src/main/java/com/linecorp/armeria/common/auth/oauth2/GrantedOAuth2AccessTokenBuilder.java","57","19","57","86"
"idDeserial",,"warning","Deserialization method called: com.fasterxml.jackson.databind.ObjectMapper.readValue","/oauth2/src/main/java/com/linecorp/armeria/common/auth/oauth2/OAuth2TokenDescriptorBuilder.java","60","19","60","86"
"idDeserial",,"warning","Deserialization method called: com.fasterxml.jackson.databind.ObjectMapper.readValue","/oauth2/src/main/java/com/linecorp/armeria/common/auth/oauth2/TokenRequestException.java","59","19","59","55"
"idDeserial",,"warning","Deserialization method called: com.fasterxml.jackson.databind.ObjectMapper.readValue","/resteasy/src/test/java/com/linecorp/armeria/server/resteasy/BookServiceClientServerTest.java","118","43","118","85"
"idDeserial",,"warning","Deserialization method called: com.fasterxml.jackson.databind.ObjectMapper.readValue","/resteasy/src/test/java/com/linecorp/armeria/server/resteasy/BookServiceServerTest.java","107","43","107","85"
"idDeserial",,"warning","Deserialization method called: com.fasterxml.jackson.databind.ObjectMapper.readValue","/resteasy/src/test/java/com/linecorp/armeria/server/resteasy/BookServiceServerTest.java","122","46","122","91"
"idDeserial",,"warning","Deserialization method called: com.fasterxml.jackson.databind.ObjectMapper.readValue","/resteasy/src/test/java/com/linecorp/armeria/server/resteasy/BookServiceServerTest.java","135","34","135","73"
"idDeserial",,"warning","Deserialization method called: com.fasterxml.jackson.databind.ObjectMapper.readValue","/resteasy/src/test/java/com/linecorp/armeria/server/resteasy/BookServiceServerTest.java","175","34","175","74"
"idDeserial",,"warning","Deserialization method called: com.fasterxml.jackson.databind.ObjectMapper.readValue","/resteasy/src/test/java/com/linecorp/armeria/server/resteasy/BookServiceServerTest.java","197","33","197","72"
"idDeserial",,"warning","Deserialization method called: com.fasterxml.jackson.databind.ObjectMapper.readValue","/resteasy/src/test/java/testing/resteasy/jaxrs/samples/books/Book.java","187","20","187","51"
"idDeserial",,"warning","Deserialization method called: com.fasterxml.jackson.databind.ObjectMapper.readValue","/retrofit2/src/test/java/com/linecorp/armeria/client/retrofit2/ArmeriaCallFactoryTest.java","241","41","241","80"
"idDeserial",,"warning","Deserialization method called: com.fasterxml.jackson.databind.ObjectMapper.readValue","/spring/boot3-actuator-autoconfigure/src/main/java/com/linecorp/armeria/spring/actuate/WebOperationService.java","179","30","179","85"
"idDeserial",,"warning","Deserialization method called: com.fasterxml.jackson.databind.ObjectMapper.readValue","/spring/boot3-actuator-autoconfigure/src/test/java/com/linecorp/armeria/spring/actuate/ArmeriaSpringActuatorAutoConfigurationTest.java","142","44","142","99"
"idDeserial",,"warning","Deserialization method called: com.fasterxml.jackson.databind.ObjectMapper.readValue","/spring/boot3-actuator-autoconfigure/src/test/java/com/linecorp/armeria/spring/actuate/ArmeriaSpringActuatorAutoConfigurationTest.java","152","44","152","99"
"idDeserial",,"warning","Deserialization method called: com.fasterxml.jackson.databind.ObjectMapper.readValue","/spring/boot3-actuator-autoconfigure/src/test/java/com/linecorp/armeria/spring/actuate/ArmeriaSpringActuatorAutoConfigurationTest.java","170","38","170","93"
"idDeserial",,"warning","Deserialization method called: com.fasterxml.jackson.databind.ObjectMapper.readValue","/spring/boot3-actuator-autoconfigure/src/test/java/com/linecorp/armeria/spring/actuate/ArmeriaSpringActuatorAutoConfigurationTest.java","180","18","180","73"
"idDeserial",,"warning","Deserialization method called: com.fasterxml.jackson.databind.ObjectMapper.readValue","/spring/boot3-actuator-autoconfigure/src/test/java/com/linecorp/armeria/spring/actuate/ArmeriaSpringActuatorAutoConfigurationTest.java","230","44","230","99"
"idDeserial",,"warning","Deserialization method called: com.fasterxml.jackson.databind.ObjectMapper.readValue","/spring/boot3-webflux-autoconfigure/src/test/java/com/linecorp/armeria/spring/web/reactive/ArmeriaSpringActuatorReactiveIndicatorTest.java","83","38","83","93"
"idDeserial",,"warning","Deserialization method called: com.fasterxml.jackson.databind.ObjectMapper.readValue","/spring/boot3-webflux-autoconfigure/src/test/java/com/linecorp/armeria/spring/web/reactive/ArmeriaSpringActuatorReactiveIndicatorTest.java","91","18","91","73"
"idDeserial",,"warning","Deserialization method called: com.fasterxml.jackson.databind.ObjectMapper.readValue","/thrift/thrift0.13/src/main/java/com/linecorp/armeria/internal/server/thrift/ThriftDocStringExtractor.java","63","50","63","100"
"idDeserial",,"warning","Deserialization method called: com.fasterxml.jackson.databind.ObjectMapper.readValue","/zookeeper3/src/main/java/com/linecorp/armeria/internal/common/zookeeper/CuratorXNodeValueCodec.java","47","20","47","53"
"idDeserial",,"warning","Deserialization method called: com.fasterxml.jackson.databind.ObjectMapper.readValue","/zookeeper3/src/main/java/com/linecorp/armeria/internal/common/zookeeper/ServerSetsNodeValueCodec.java","46","20","46","53"
