"idDeserial",,"warning","Deserialization method called: com.fasterxml.jackson.databind.ObjectMapper.readValue","/d2/src/main/java/com/linkedin/d2/balancer/config/BackupRequestsConverter.java","56","16","56","72"
"idDeserial",,"warning","Deserialization method called: com.fasterxml.jackson.databind.ObjectMapper.readValue","/d2/src/main/java/com/linkedin/d2/balancer/properties/ClusterPropertiesJsonSerializer.java","71","11","71","92"
"idDeserial",,"warning","Deserialization method called: com.fasterxml.jackson.databind.ObjectMapper.readValue","/d2/src/main/java/com/linkedin/d2/balancer/properties/ClusterPropertiesJsonSerializer.java","94","37","94","108"
"idDeserial",,"warning","Deserialization method called: com.fasterxml.jackson.databind.ObjectMapper.readValue","/d2/src/main/java/com/linkedin/d2/balancer/properties/ServicePropertiesJsonSerializer.java","191","11","191","88"
"idDeserial",,"warning","Deserialization method called: com.fasterxml.jackson.databind.ObjectMapper.readValue","/d2/src/main/java/com/linkedin/d2/balancer/properties/ServicePropertiesJsonSerializer.java","215","37","215","104"
"idDeserial",,"warning","Deserialization method called: com.fasterxml.jackson.databind.ObjectMapper.readValue","/d2/src/main/java/com/linkedin/d2/balancer/properties/UriPropertiesJsonSerializer.java","94","37","94","118"
"idDeserial",,"warning","Deserialization method called: com.fasterxml.jackson.databind.ObjectMapper.readValue","/d2/src/main/java/com/linkedin/d2/balancer/util/LoadBalancerClientCli.java","313","39","313","108"
"idDeserial",,"warning","Deserialization method called: com.fasterxml.jackson.databind.ObjectMapper.readValue","/d2/src/main/java/com/linkedin/d2/balancer/util/LoadBalancerClientCli.java","328","59","328","128"
"idDeserial",,"warning","Deserialization method called: com.fasterxml.jackson.databind.ObjectMapper.readValue","/d2/src/main/java/com/linkedin/d2/balancer/util/hashing/simulator/ConsistentHashRingSimulator.java","146","16","146","96"
"idDeserial",,"warning","Deserialization method called: com.fasterxml.jackson.databind.ObjectMapper.readValue","/d2/src/main/java/com/linkedin/d2/jmx/ZooKeeperAnnouncerJmx.java","160","9","160","115"
"idDeserial",,"warning","Deserialization method called: com.fasterxml.jackson.databind.ObjectMapper.readValue","/d2/src/test/java/com/linkedin/d2/backuprequests/TestBackupRequestsStrategyFactory.java","46","31","46","86"
"idDeserial",,"warning","Deserialization method called: com.fasterxml.jackson.databind.ObjectMapper.readValue","/d2/src/test/java/com/linkedin/d2/backuprequests/TestBackupRequestsStrategyFactory.java","71","31","71","86"
"idDeserial",,"warning","Deserialization method called: com.fasterxml.jackson.databind.ObjectMapper.readValue","/d2/src/test/java/com/linkedin/d2/balancer/clients/TestBackupRequestsClient.java","860","12","860","67"
"idDeserial",,"warning","Deserialization method called: com.fasterxml.jackson.databind.ObjectMapper.readValue","/d2/src/test/java/com/linkedin/d2/balancer/properties/ClusterPropertiesSerializerTest.java","325","11","325","107"
"idDeserial",,"warning","Deserialization method called: com.fasterxml.jackson.databind.ObjectMapper.readValue","/d2/src/test/java/com/linkedin/d2/balancer/properties/ServicePropertiesSerializerTest.java","257","11","257","92"
"idDeserial",,"warning","Deserialization method called: com.fasterxml.jackson.databind.ObjectMapper.readValue","/d2/src/test/java/com/linkedin/d2/balancer/properties/UriPropertiesSerializerTest.java","122","11","122","107"
"idDeserial",,"warning","Deserialization method called: com.fasterxml.jackson.databind.ObjectMapper.readValue","/d2/src/test/java/com/linkedin/d2/discovery/util/D2ConfigTestUtil.java","502","59","502","128"
"idDeserial",,"warning","Deserialization method called: com.fasterxml.jackson.databind.ObjectMapper.readValue","/d2/src/test/java/com/linkedin/d2/discovery/util/D2ConfigTestUtil.java","510","59","510","128"
"idDeserial",,"warning","Deserialization method called: com.fasterxml.jackson.databind.ObjectMapper.readValue","/d2/src/test/java/com/linkedin/d2/discovery/util/D2ConfigTestUtil.java","518","59","518","128"
"idDeserial",,"warning","Deserialization method called: com.fasterxml.jackson.databind.ObjectMapper.readValue","/d2/src/test/java/com/linkedin/d2/discovery/util/D2ConfigTestUtil.java","526","59","526","128"
"idDeserial",,"warning","Deserialization method called: com.fasterxml.jackson.databind.ObjectMapper.readValue","/d2/src/test/java/com/linkedin/d2/discovery/util/D2ConfigTestUtil.java","534","59","534","128"
"idDeserial",,"warning","Deserialization method called: com.fasterxml.jackson.databind.ObjectMapper.readValue","/d2/src/test/java/com/linkedin/d2/discovery/util/D2ConfigTestUtil.java","542","59","542","128"
"idDeserial",,"warning","Deserialization method called: com.fasterxml.jackson.databind.ObjectMapper.readValue","/darkcluster/src/main/java/com/linkedin/darkcluster/api/ResponseValidationMetricsHeader.java","46","12","46","79"
