"idDeserial",,"warning","Deserialization method called: com.google.gson.Gson.fromJson","/cruise-control/src/main/java/com/linkedin/kafka/cruisecontrol/config/BrokerCapacityConfigFileResolver.java","298","66","298","110"
"idDeserial",,"warning","Deserialization method called: com.google.gson.Gson.fromJson","/cruise-control/src/main/java/com/linkedin/kafka/cruisecontrol/config/BrokerSetFileResolver.java","84","37","84","75"
"idDeserial",,"warning","Deserialization method called: com.google.gson.Gson.fromJson","/cruise-control/src/main/java/com/linkedin/kafka/cruisecontrol/config/JsonFileTopicConfigProvider.java","46","24","46","62"
"idDeserial",,"warning","Deserialization method called: com.google.gson.Gson.fromJson","/cruise-control/src/main/java/com/linkedin/kafka/cruisecontrol/detector/MaintenancePlanSerde.java","36","14","36","93"
"idDeserial",,"warning","Deserialization method called: com.google.gson.Gson.fromJson","/cruise-control/src/main/java/com/linkedin/kafka/cruisecontrol/monitor/sampling/prometheus/PrometheusAdapter.java","87","53","87","107"
"idDeserial",,"warning","Deserialization method called: com.google.gson.Gson.fromJson","/cruise-control/src/main/java/com/linkedin/kafka/cruisecontrol/servlet/ServletRequestContext.java","147","16","147","61"
"idDeserial",,"warning","Deserialization method called: com.google.gson.Gson.fromJson","/cruise-control/src/main/java/com/linkedin/kafka/cruisecontrol/vertx/VertxRequestContext.java","120","16","120","67"
"idDeserial",,"warning","Deserialization method called: java.io.ObjectInputStream.readObject","/cruise-control/src/test/java/com/linkedin/kafka/cruisecontrol/analyzer/OfflineProposalGenerator.java","86","29","86","44"
