"idDeserial",,"warning","Deserialization method called: com.fasterxml.jackson.databind.ObjectMapper.readValue","/bytetcc-supports/src/main/java/org/bytesoft/bytetcc/supports/svc/filter/ServiceResponseWrapFilter.java","219","8","219","53"
"idDeserial",,"warning","Deserialization method called: com.caucho.hessian.io.HessianInput.readObject","/bytetcc-supports-dubbo/src/main/java/org/bytesoft/bytetcc/supports/dubbo/spi/CompensablePrimaryFilter.java","325","72","325","89"
"idDeserial",,"warning","Deserialization method called: com.caucho.hessian.io.HessianInput.readObject","/bytetcc-supports-dubbo/src/main/java/org/bytesoft/bytetcc/supports/dubbo/spi/CompensablePrimaryFilter.java","674","72","674","89"
"idDeserial",,"warning","Deserialization method called: com.caucho.hessian.io.HessianInput.readObject","/bytetcc-supports-dubbo/src/main/java/org/bytesoft/bytetcc/supports/dubbo/spi/CompensableSecondaryFilter.java","325","72","325","89"
"idDeserial",,"warning","Deserialization method called: com.caucho.hessian.io.HessianInput.readObject","/bytetcc-supports-dubbo/src/main/java/org/bytesoft/bytetcc/supports/dubbo/spi/CompensableSecondaryFilter.java","619","72","619","89"
