"idDeserial",,"warning","Deserialization method called: com.caucho.hessian.io.HessianInput.readObject","/netty-rpc-common/src/main/java/com/netty/rpc/serializer/hessian/Hessian1Serializer.java","43","29","43","43"
"idDeserial",,"warning","Deserialization method called: com.fasterxml.jackson.databind.ObjectMapper.readValue","/netty-rpc-common/src/main/java/com/netty/rpc/util/JsonUtil.java","51","19","51","48"
"idDeserial",,"warning","Deserialization method called: com.fasterxml.jackson.databind.ObjectMapper.readValue","/netty-rpc-common/src/main/java/com/netty/rpc/util/JsonUtil.java","62","19","62","53"
"idDeserial",,"warning","Deserialization method called: com.fasterxml.jackson.databind.ObjectMapper.readValue","/netty-rpc-common/src/main/java/com/netty/rpc/util/JsonUtil.java","75","19","75","53"
"idDeserial",,"warning","Deserialization method called: com.fasterxml.jackson.databind.ObjectMapper.readValue","/netty-rpc-common/src/main/java/com/netty/rpc/util/JsonUtil.java","87","19","87","53"
