"idDeserial",,"warning","Deserialization method called: com.fasterxml.jackson.databind.ObjectMapper.readValue","/src/main/java/marshalsec/Jackson.java","82","16","82","51"
"idDeserial",,"warning","Deserialization method called: java.io.ObjectInputStream.readObject","/src/main/java/marshalsec/Java.java","67","20","67","35"
"idDeserial",,"warning","Deserialization method called: com.esotericsoftware.kryo.Kryo.readClassAndObject","/src/main/java/marshalsec/Kryo.java","70","20","70","43"
"idDeserial",,"warning","Deserialization method called: org.yaml.snakeyaml.Yaml.load","/src/main/java/marshalsec/SnakeYAML.java","82","16","82","27"
"idDeserial",,"warning","Deserialization method called: com.thoughtworks.xstream.XStream.fromXML","/src/main/java/marshalsec/XStream.java","73","16","73","31"
"idDeserial",,"warning","Deserialization method called: java.io.ObjectInputStream.readObject","/src/main/java/marshalsec/jndi/RMIRefServer.java","307","34","307","49"
"idDeserial",,"warning","Deserialization method called: java.io.ObjectInputStream.readObject","/src/main/java/marshalsec/jndi/RMIRefServer.java","344","75","344","90"
