"idDeserial",,"warning","Deserialization method called: com.fasterxml.jackson.databind.ObjectMapper.readValue","/mockserver-core/src/main/java/org/mockserver/matchers/HttpRequestPropertiesMatcher.java","425","47","425","153"
"idDeserial",,"warning","Deserialization method called: com.fasterxml.jackson.databind.ObjectMapper.readValue","/mockserver-core/src/main/java/org/mockserver/openapi/examples/ExampleBuilder.java","282","30","282","93"
"idDeserial",,"warning","Deserialization method called: com.fasterxml.jackson.databind.ObjectMapper.readValue","/mockserver-core/src/main/java/org/mockserver/openapi/examples/ExampleBuilder.java","309","30","309","92"
"idDeserial",,"warning","Deserialization method called: com.fasterxml.jackson.databind.ObjectMapper.readValue","/mockserver-core/src/main/java/org/mockserver/serialization/ExpectationIdSerializer.java","136","37","136","98"
"idDeserial",,"warning","Deserialization method called: com.fasterxml.jackson.databind.ObjectMapper.readValue","/mockserver-core/src/main/java/org/mockserver/serialization/ExpectationSerializer.java","131","53","131","113"
"idDeserial",,"warning","Deserialization method called: com.fasterxml.jackson.databind.ObjectMapper.readValue","/mockserver-core/src/main/java/org/mockserver/openapi/examples/ExampleBuilder.java","377","30","377","93"
"idDeserial",,"warning","Deserialization method called: com.fasterxml.jackson.databind.ObjectMapper.readValue","/mockserver-core/src/main/java/org/mockserver/serialization/HttpRequestAndHttpResponseSerializer.java","118","68","118","143"
"idDeserial",,"warning","Deserialization method called: com.fasterxml.jackson.databind.ObjectMapper.readValue","/mockserver-core/src/main/java/org/mockserver/serialization/HttpRequestSerializer.java","142","53","142","113"
"idDeserial",,"warning","Deserialization method called: com.fasterxml.jackson.databind.ObjectMapper.readValue","/mockserver-core/src/main/java/org/mockserver/serialization/HttpResponseSerializer.java","117","55","117","117"
"idDeserial",,"warning","Deserialization method called: com.fasterxml.jackson.databind.ObjectMapper.readValue","/mockserver-core/src/main/java/org/mockserver/serialization/PortBindingSerializer.java","41","31","41","88"
"idDeserial",,"warning","Deserialization method called: com.fasterxml.jackson.databind.ObjectMapper.readValue","/mockserver-core/src/main/java/org/mockserver/serialization/LogEventRequestAndResponseSerializer.java","88","79","88","169"
"idDeserial",,"warning","Deserialization method called: com.fasterxml.jackson.databind.ObjectMapper.readValue","/mockserver-core/src/main/java/org/mockserver/serialization/OpenAPIExpectationSerializer.java","109","60","109","134"
"idDeserial",,"warning","Deserialization method called: com.fasterxml.jackson.databind.ObjectMapper.readValue","/mockserver-core/src/main/java/org/mockserver/serialization/RequestDefinitionSerializer.java","160","65","160","137"
"idDeserial",,"warning","Deserialization method called: com.fasterxml.jackson.databind.ObjectMapper.readValue","/mockserver-core/src/main/java/org/mockserver/serialization/VerificationSequenceSerializer.java","67","63","67","141"
"idDeserial",,"warning","Deserialization method called: com.fasterxml.jackson.databind.ObjectMapper.readValue","/mockserver-core/src/main/java/org/mockserver/serialization/VerificationSerializer.java","67","55","67","117"
"idDeserial",,"warning","Deserialization method called: com.fasterxml.jackson.databind.ObjectMapper.readValue","/mockserver-core/src/main/java/org/mockserver/serialization/WebSocketMessageSerializer.java","44","51","44","112"
"idDeserial",,"warning","Deserialization method called: com.fasterxml.jackson.databind.ObjectMapper.readValue","/mockserver-core/src/main/java/org/mockserver/serialization/WebSocketMessageSerializer.java","50","24","50","85"
"idDeserial",,"warning","Deserialization method called: com.fasterxml.jackson.databind.ObjectMapper.readValue","/mockserver-core/src/main/java/org/mockserver/serialization/deserializers/body/StrictBodyDTODeserializer.java","209","38","209","128"
"idDeserial",,"warning","Deserialization method called: com.fasterxml.jackson.databind.ObjectMapper.readValue","/mockserver-core/src/main/java/org/mockserver/serialization/deserializers/body/BodyDTODeserializer.java","243","38","243","128"
"idDeserial",,"warning","Deserialization method called: com.fasterxml.jackson.databind.ObjectMapper.readValue","/mockserver-core/src/main/java/org/mockserver/serialization/deserializers/body/StrictBodyDTODeserializer.java","218","45","218","161"
"idDeserial",,"warning","Deserialization method called: com.fasterxml.jackson.databind.ObjectMapper.readValue","/mockserver-core/src/main/java/org/mockserver/templates/engine/serializer/HttpTemplateOutputDeserializer.java","46","26","46","63"
"idDeserial",,"warning","Deserialization method called: com.fasterxml.jackson.databind.ObjectMapper.readValue","/mockserver-core/src/test/java/org/mockserver/serialization/ExpectationWithErrorSerializerTest.java","133","14","133","83"
"idDeserial",,"warning","Deserialization method called: com.fasterxml.jackson.databind.ObjectMapper.readValue","/mockserver-core/src/test/java/org/mockserver/serialization/ExpectationWithErrorSerializerTest.java","146","14","146","83"
"idDeserial",,"warning","Deserialization method called: com.fasterxml.jackson.databind.ObjectMapper.readValue","/mockserver-core/src/test/java/org/mockserver/serialization/ExpectationWithForwardClassCallbackSerializerTest.java","126","14","126","83"
"idDeserial",,"warning","Deserialization method called: com.fasterxml.jackson.databind.ObjectMapper.readValue","/mockserver-core/src/test/java/org/mockserver/serialization/ExpectationWithForwardClassCallbackSerializerTest.java","139","14","139","83"
"idDeserial",,"warning","Deserialization method called: com.fasterxml.jackson.databind.ObjectMapper.readValue","/mockserver-core/src/test/java/org/mockserver/serialization/ExpectationWithForwardObjectCallbackSerializerTest.java","125","14","125","83"
"idDeserial",,"warning","Deserialization method called: com.fasterxml.jackson.databind.ObjectMapper.readValue","/mockserver-core/src/test/java/org/mockserver/serialization/ExpectationWithForwardObjectCallbackSerializerTest.java","138","14","138","83"
"idDeserial",,"warning","Deserialization method called: com.fasterxml.jackson.databind.ObjectMapper.readValue","/mockserver-core/src/test/java/org/mockserver/serialization/ExpectationWithForwardSerializerTest.java","139","14","139","83"
"idDeserial",,"warning","Deserialization method called: com.fasterxml.jackson.databind.ObjectMapper.readValue","/mockserver-core/src/test/java/org/mockserver/serialization/ExpectationWithForwardSerializerTest.java","152","14","152","83"
"idDeserial",,"warning","Deserialization method called: com.fasterxml.jackson.databind.ObjectMapper.readValue","/mockserver-core/src/test/java/org/mockserver/serialization/ExpectationWithForwardTemplateSerializerTest.java","134","14","134","83"
"idDeserial",,"warning","Deserialization method called: com.fasterxml.jackson.databind.ObjectMapper.readValue","/mockserver-core/src/test/java/org/mockserver/serialization/ExpectationWithForwardTemplateSerializerTest.java","147","14","147","83"
"idDeserial",,"warning","Deserialization method called: com.fasterxml.jackson.databind.ObjectMapper.readValue","/mockserver-core/src/test/java/org/mockserver/serialization/ExpectationWithResponseClassCallbackSerializerTest.java","126","14","126","83"
"idDeserial",,"warning","Deserialization method called: com.fasterxml.jackson.databind.ObjectMapper.readValue","/mockserver-core/src/test/java/org/mockserver/serialization/ExpectationWithResponseClassCallbackSerializerTest.java","139","14","139","83"
"idDeserial",,"warning","Deserialization method called: com.fasterxml.jackson.databind.ObjectMapper.readValue","/mockserver-core/src/test/java/org/mockserver/serialization/ExpectationWithResponseObjectCallbackSerializerTest.java","125","14","125","83"
"idDeserial",,"warning","Deserialization method called: com.fasterxml.jackson.databind.ObjectMapper.readValue","/mockserver-core/src/test/java/org/mockserver/serialization/ExpectationWithResponseObjectCallbackSerializerTest.java","138","14","138","83"
"idDeserial",,"warning","Deserialization method called: com.fasterxml.jackson.databind.ObjectMapper.readValue","/mockserver-core/src/test/java/org/mockserver/serialization/ExpectationWithOverrideForwardedRequestSerializerTest.java","144","14","144","83"
"idDeserial",,"warning","Deserialization method called: com.fasterxml.jackson.databind.ObjectMapper.readValue","/mockserver-core/src/test/java/org/mockserver/serialization/ExpectationWithOverrideForwardedRequestSerializerTest.java","157","14","157","83"
"idDeserial",,"warning","Deserialization method called: com.fasterxml.jackson.databind.ObjectMapper.readValue","/mockserver-core/src/test/java/org/mockserver/serialization/ExpectationWithResponseSerializerTest.java","140","14","140","83"
"idDeserial",,"warning","Deserialization method called: com.fasterxml.jackson.databind.ObjectMapper.readValue","/mockserver-core/src/test/java/org/mockserver/serialization/ExpectationWithResponseSerializerTest.java","155","14","155","87"
"idDeserial",,"warning","Deserialization method called: com.fasterxml.jackson.databind.ObjectMapper.readValue","/mockserver-core/src/test/java/org/mockserver/serialization/ExpectationWithResponseSerializerTest.java","167","14","167","83"
"idDeserial",,"warning","Deserialization method called: com.fasterxml.jackson.databind.ObjectMapper.readValue","/mockserver-core/src/test/java/org/mockserver/serialization/ExpectationWithResponseSerializerTest.java","183","14","183","87"
"idDeserial",,"warning","Deserialization method called: com.fasterxml.jackson.databind.ObjectMapper.readValue","/mockserver-core/src/test/java/org/mockserver/serialization/ExpectationWithResponseTemplateSerializerTest.java","124","14","124","83"
"idDeserial",,"warning","Deserialization method called: com.fasterxml.jackson.databind.ObjectMapper.readValue","/mockserver-core/src/test/java/org/mockserver/serialization/ExpectationWithResponseTemplateSerializerTest.java","137","14","137","83"
"idDeserial",,"warning","Deserialization method called: com.fasterxml.jackson.databind.ObjectMapper.readValue","/mockserver-core/src/test/java/org/mockserver/serialization/HttpRequestAndHttpResponseSerializerTest.java","130","14","130","98"
"idDeserial",,"warning","Deserialization method called: com.fasterxml.jackson.databind.ObjectMapper.readValue","/mockserver-core/src/test/java/org/mockserver/serialization/HttpRequestSerializerTest.java","99","14","99","83"
"idDeserial",,"warning","Deserialization method called: com.fasterxml.jackson.databind.ObjectMapper.readValue","/mockserver-core/src/test/java/org/mockserver/serialization/HttpResponseSerializerTest.java","79","14","79","85"
"idDeserial",,"warning","Deserialization method called: com.fasterxml.jackson.databind.ObjectMapper.readValue","/mockserver-core/src/test/java/org/mockserver/serialization/ObjectMapperFactoryTest.java","80","41","80","118"
"idDeserial",,"warning","Deserialization method called: com.fasterxml.jackson.databind.ObjectMapper.readValue","/mockserver-core/src/test/java/org/mockserver/serialization/ObjectMapperFactoryTest.java","123","39","123","109"
"idDeserial",,"warning","Deserialization method called: com.fasterxml.jackson.databind.ObjectMapper.readValue","/mockserver-core/src/test/java/org/mockserver/serialization/OpenAPIExpectationSerializerTest.java","64","14","64","90"
"idDeserial",,"warning","Deserialization method called: com.fasterxml.jackson.databind.ObjectMapper.readValue","/mockserver-core/src/test/java/org/mockserver/serialization/PortBindingSerializerTest.java","49","14","49","80"
"idDeserial",,"warning","Deserialization method called: com.fasterxml.jackson.databind.ObjectMapper.readValue","/mockserver-core/src/test/java/org/mockserver/serialization/PortBindingSerializerTest.java","64","14","64","80"
"idDeserial",,"warning","Deserialization method called: com.fasterxml.jackson.databind.ObjectMapper.readValue","/mockserver-core/src/test/java/org/mockserver/serialization/VerificationSequenceSerializerTest.java","65","14","65","92"
"idDeserial",,"warning","Deserialization method called: com.fasterxml.jackson.databind.ObjectMapper.readValue","/mockserver-core/src/test/java/org/mockserver/serialization/VerificationSerializerTest.java","71","14","71","84"
"idDeserial",,"warning","Deserialization method called: com.fasterxml.jackson.databind.ObjectMapper.readValue","/mockserver-core/src/test/java/org/mockserver/serialization/deserializers/body/BodyDTODeserializerTest.java","31","41","31","118"
"idDeserial",,"warning","Deserialization method called: com.fasterxml.jackson.databind.ObjectMapper.readValue","/mockserver-core/src/test/java/org/mockserver/serialization/deserializers/body/BodyDTODeserializerTest.java","64","41","64","118"
"idDeserial",,"warning","Deserialization method called: com.fasterxml.jackson.databind.ObjectMapper.readValue","/mockserver-core/src/test/java/org/mockserver/serialization/deserializers/body/BodyWithContentTypeDTODeserializerTest.java","27","41","27","118"
"idDeserial",,"warning","Deserialization method called: com.fasterxml.jackson.databind.ObjectMapper.readValue","/mockserver-core/src/test/java/org/mockserver/serialization/deserializers/body/BodyDTODeserializerTest.java","85","41","85","118"
"idDeserial",,"warning","Deserialization method called: com.fasterxml.jackson.databind.ObjectMapper.readValue","/mockserver-core/src/test/java/org/mockserver/serialization/deserializers/body/BodyWithContentTypeDTODeserializerTest.java","60","41","60","118"
"idDeserial",,"warning","Deserialization method called: com.fasterxml.jackson.databind.ObjectMapper.readValue","/mockserver-core/src/test/java/org/mockserver/serialization/deserializers/body/BodyDTODeserializerTest.java","108","41","108","118"
"idDeserial",,"warning","Deserialization method called: com.fasterxml.jackson.databind.ObjectMapper.readValue","/mockserver-core/src/test/java/org/mockserver/serialization/deserializers/body/BodyWithContentTypeDTODeserializerTest.java","83","41","83","118"
"idDeserial",,"warning","Deserialization method called: com.fasterxml.jackson.databind.ObjectMapper.readValue","/mockserver-core/src/test/java/org/mockserver/serialization/deserializers/body/BodyDTODeserializerTest.java","131","41","131","118"
"idDeserial",,"warning","Deserialization method called: com.fasterxml.jackson.databind.ObjectMapper.readValue","/mockserver-core/src/test/java/org/mockserver/serialization/deserializers/body/ParameterBodyDTODeserializerTest.java","37","27","37","97"
"idDeserial",,"warning","Deserialization method called: com.fasterxml.jackson.databind.ObjectMapper.readValue","/mockserver-core/src/test/java/org/mockserver/serialization/deserializers/body/BodyDTODeserializerTest.java","154","41","154","118"
"idDeserial",,"warning","Deserialization method called: com.fasterxml.jackson.databind.ObjectMapper.readValue","/mockserver-core/src/test/java/org/mockserver/serialization/deserializers/body/BodyWithContentTypeDTODeserializerTest.java","106","41","106","118"
"idDeserial",,"warning","Deserialization method called: com.fasterxml.jackson.databind.ObjectMapper.readValue","/mockserver-core/src/test/java/org/mockserver/serialization/deserializers/body/ParameterBodyDTODeserializerTest.java","60","27","60","97"
"idDeserial",,"warning","Deserialization method called: com.fasterxml.jackson.databind.ObjectMapper.readValue","/mockserver-core/src/test/java/org/mockserver/serialization/deserializers/body/BodyWithContentTypeDTODeserializerTest.java","129","41","129","118"
"idDeserial",,"warning","Deserialization method called: com.fasterxml.jackson.databind.ObjectMapper.readValue","/mockserver-core/src/test/java/org/mockserver/serialization/deserializers/body/BodyDTODeserializerTest.java","177","41","177","118"
"idDeserial",,"warning","Deserialization method called: com.fasterxml.jackson.databind.ObjectMapper.readValue","/mockserver-core/src/test/java/org/mockserver/serialization/deserializers/body/ParameterBodyDTODeserializerTest.java","84","27","84","97"
"idDeserial",,"warning","Deserialization method called: com.fasterxml.jackson.databind.ObjectMapper.readValue","/mockserver-core/src/test/java/org/mockserver/serialization/deserializers/body/BodyWithContentTypeDTODeserializerTest.java","152","41","152","118"
"idDeserial",,"warning","Deserialization method called: com.fasterxml.jackson.databind.ObjectMapper.readValue","/mockserver-core/src/test/java/org/mockserver/serialization/deserializers/body/BodyDTODeserializerTest.java","200","41","200","118"
"idDeserial",,"warning","Deserialization method called: com.fasterxml.jackson.databind.ObjectMapper.readValue","/mockserver-core/src/test/java/org/mockserver/serialization/deserializers/body/BodyDTODeserializerTest.java","222","41","222","118"
"idDeserial",,"warning","Deserialization method called: com.fasterxml.jackson.databind.ObjectMapper.readValue","/mockserver-core/src/test/java/org/mockserver/serialization/deserializers/body/ParameterBodyDTODeserializerTest.java","111","27","111","97"
"idDeserial",,"warning","Deserialization method called: com.fasterxml.jackson.databind.ObjectMapper.readValue","/mockserver-core/src/test/java/org/mockserver/serialization/deserializers/body/BodyWithContentTypeDTODeserializerTest.java","174","41","174","118"
"idDeserial",,"warning","Deserialization method called: com.fasterxml.jackson.databind.ObjectMapper.readValue","/mockserver-core/src/test/java/org/mockserver/serialization/deserializers/body/BodyDTODeserializerTest.java","245","41","245","118"
"idDeserial",,"warning","Deserialization method called: com.fasterxml.jackson.databind.ObjectMapper.readValue","/mockserver-core/src/test/java/org/mockserver/serialization/deserializers/body/ParameterBodyDTODeserializerTest.java","135","27","135","97"
"idDeserial",,"warning","Deserialization method called: com.fasterxml.jackson.databind.ObjectMapper.readValue","/mockserver-core/src/test/java/org/mockserver/serialization/deserializers/body/BodyWithContentTypeDTODeserializerTest.java","197","41","197","118"
"idDeserial",,"warning","Deserialization method called: com.fasterxml.jackson.databind.ObjectMapper.readValue","/mockserver-core/src/test/java/org/mockserver/serialization/deserializers/body/BodyWithContentTypeDTODeserializerTest.java","220","41","220","118"
"idDeserial",,"warning","Deserialization method called: com.fasterxml.jackson.databind.ObjectMapper.readValue","/mockserver-core/src/test/java/org/mockserver/serialization/deserializers/body/ParameterBodyDTODeserializerTest.java","158","27","158","97"
"idDeserial",,"warning","Deserialization method called: com.fasterxml.jackson.databind.ObjectMapper.readValue","/mockserver-core/src/test/java/org/mockserver/serialization/deserializers/body/BodyDTODeserializerTest.java","268","41","268","118"
"idDeserial",,"warning","Deserialization method called: com.fasterxml.jackson.databind.ObjectMapper.readValue","/mockserver-core/src/test/java/org/mockserver/serialization/deserializers/body/BodyWithContentTypeDTODeserializerTest.java","243","41","243","118"
"idDeserial",,"warning","Deserialization method called: com.fasterxml.jackson.databind.ObjectMapper.readValue","/mockserver-core/src/test/java/org/mockserver/serialization/deserializers/body/ParameterBodyDTODeserializerTest.java","181","27","181","97"
"idDeserial",,"warning","Deserialization method called: com.fasterxml.jackson.databind.ObjectMapper.readValue","/mockserver-core/src/test/java/org/mockserver/serialization/deserializers/body/BodyDTODeserializerTest.java","291","41","291","118"
"idDeserial",,"warning","Deserialization method called: com.fasterxml.jackson.databind.ObjectMapper.readValue","/mockserver-core/src/test/java/org/mockserver/serialization/deserializers/body/StrictBodyDTODeserializerTest.java","40","41","40","90"
"idDeserial",,"warning","Deserialization method called: com.fasterxml.jackson.databind.ObjectMapper.readValue","/mockserver-core/src/test/java/org/mockserver/serialization/deserializers/body/ParameterBodyDTODeserializerTest.java","204","27","204","97"
"idDeserial",,"warning","Deserialization method called: com.fasterxml.jackson.databind.ObjectMapper.readValue","/mockserver-core/src/test/java/org/mockserver/serialization/deserializers/body/BodyWithContentTypeDTODeserializerTest.java","263","41","263","118"
"idDeserial",,"warning","Deserialization method called: com.fasterxml.jackson.databind.ObjectMapper.readValue","/mockserver-core/src/test/java/org/mockserver/serialization/deserializers/body/StrictBodyDTODeserializerTest.java","61","41","61","90"
"idDeserial",,"warning","Deserialization method called: com.fasterxml.jackson.databind.ObjectMapper.readValue","/mockserver-core/src/test/java/org/mockserver/serialization/deserializers/body/ParameterBodyDTODeserializerTest.java","227","27","227","97"
"idDeserial",,"warning","Deserialization method called: com.fasterxml.jackson.databind.ObjectMapper.readValue","/mockserver-core/src/test/java/org/mockserver/serialization/deserializers/body/BodyWithContentTypeDTODeserializerTest.java","286","41","286","118"
"idDeserial",,"warning","Deserialization method called: com.fasterxml.jackson.databind.ObjectMapper.readValue","/mockserver-core/src/test/java/org/mockserver/serialization/deserializers/body/BodyDTODeserializerTest.java","314","41","314","118"
"idDeserial",,"warning","Deserialization method called: com.fasterxml.jackson.databind.ObjectMapper.readValue","/mockserver-core/src/test/java/org/mockserver/serialization/deserializers/body/StrictBodyDTODeserializerTest.java","82","41","82","90"
"idDeserial",,"warning","Deserialization method called: com.fasterxml.jackson.databind.ObjectMapper.readValue","/mockserver-core/src/test/java/org/mockserver/serialization/deserializers/body/BodyWithContentTypeDTODeserializerTest.java","309","41","309","118"
"idDeserial",,"warning","Deserialization method called: com.fasterxml.jackson.databind.ObjectMapper.readValue","/mockserver-core/src/test/java/org/mockserver/serialization/deserializers/body/ParameterBodyDTODeserializerTest.java","250","27","250","97"
"idDeserial",,"warning","Deserialization method called: com.fasterxml.jackson.databind.ObjectMapper.readValue","/mockserver-core/src/test/java/org/mockserver/serialization/deserializers/body/BodyDTODeserializerTest.java","340","41","340","118"
"idDeserial",,"warning","Deserialization method called: com.fasterxml.jackson.databind.ObjectMapper.readValue","/mockserver-core/src/test/java/org/mockserver/serialization/deserializers/body/StrictBodyDTODeserializerTest.java","105","41","105","90"
"idDeserial",,"warning","Deserialization method called: com.fasterxml.jackson.databind.ObjectMapper.readValue","/mockserver-core/src/test/java/org/mockserver/serialization/deserializers/body/BodyWithContentTypeDTODeserializerTest.java","331","41","331","118"
"idDeserial",,"warning","Deserialization method called: com.fasterxml.jackson.databind.ObjectMapper.readValue","/mockserver-core/src/test/java/org/mockserver/serialization/deserializers/body/ParameterBodyDTODeserializerTest.java","274","27","274","97"
"idDeserial",,"warning","Deserialization method called: com.fasterxml.jackson.databind.ObjectMapper.readValue","/mockserver-core/src/test/java/org/mockserver/serialization/deserializers/body/BodyDTODeserializerTest.java","363","41","363","118"
"idDeserial",,"warning","Deserialization method called: com.fasterxml.jackson.databind.ObjectMapper.readValue","/mockserver-core/src/test/java/org/mockserver/serialization/deserializers/body/StrictBodyDTODeserializerTest.java","128","41","128","90"
"idDeserial",,"warning","Deserialization method called: com.fasterxml.jackson.databind.ObjectMapper.readValue","/mockserver-core/src/test/java/org/mockserver/serialization/deserializers/body/BodyDTODeserializerTest.java","392","41","392","118"
"idDeserial",,"warning","Deserialization method called: com.fasterxml.jackson.databind.ObjectMapper.readValue","/mockserver-core/src/test/java/org/mockserver/serialization/deserializers/body/BodyWithContentTypeDTODeserializerTest.java","355","41","355","118"
"idDeserial",,"warning","Deserialization method called: com.fasterxml.jackson.databind.ObjectMapper.readValue","/mockserver-core/src/test/java/org/mockserver/serialization/deserializers/body/ParameterBodyDTODeserializerTest.java","298","27","298","97"
"idDeserial",,"warning","Deserialization method called: com.fasterxml.jackson.databind.ObjectMapper.readValue","/mockserver-core/src/test/java/org/mockserver/serialization/deserializers/body/StrictBodyDTODeserializerTest.java","151","41","151","90"
"idDeserial",,"warning","Deserialization method called: com.fasterxml.jackson.databind.ObjectMapper.readValue","/mockserver-core/src/test/java/org/mockserver/serialization/deserializers/body/ParameterBodyDTODeserializerTest.java","321","27","321","97"
"idDeserial",,"warning","Deserialization method called: com.fasterxml.jackson.databind.ObjectMapper.readValue","/mockserver-core/src/test/java/org/mockserver/serialization/deserializers/body/StrictBodyDTODeserializerTest.java","174","41","174","90"
"idDeserial",,"warning","Deserialization method called: com.fasterxml.jackson.databind.ObjectMapper.readValue","/mockserver-core/src/test/java/org/mockserver/serialization/deserializers/body/BodyWithContentTypeDTODeserializerTest.java","379","41","379","118"
"idDeserial",,"warning","Deserialization method called: com.fasterxml.jackson.databind.ObjectMapper.readValue","/mockserver-core/src/test/java/org/mockserver/serialization/deserializers/body/BodyDTODeserializerTest.java","425","41","425","118"
"idDeserial",,"warning","Deserialization method called: com.fasterxml.jackson.databind.ObjectMapper.readValue","/mockserver-core/src/test/java/org/mockserver/serialization/deserializers/body/BodyWithContentTypeDTODeserializerTest.java","402","41","402","118"
"idDeserial",,"warning","Deserialization method called: com.fasterxml.jackson.databind.ObjectMapper.readValue","/mockserver-core/src/test/java/org/mockserver/serialization/deserializers/body/BodyDTODeserializerTest.java","458","41","458","118"
"idDeserial",,"warning","Deserialization method called: com.fasterxml.jackson.databind.ObjectMapper.readValue","/mockserver-core/src/test/java/org/mockserver/serialization/deserializers/body/StrictBodyDTODeserializerTest.java","197","41","197","90"
"idDeserial",,"warning","Deserialization method called: com.fasterxml.jackson.databind.ObjectMapper.readValue","/mockserver-core/src/test/java/org/mockserver/serialization/deserializers/body/BodyWithContentTypeDTODeserializerTest.java","424","41","424","118"
"idDeserial",,"warning","Deserialization method called: com.fasterxml.jackson.databind.ObjectMapper.readValue","/mockserver-core/src/test/java/org/mockserver/serialization/deserializers/body/StrictBodyDTODeserializerTest.java","219","41","219","90"
"idDeserial",,"warning","Deserialization method called: com.fasterxml.jackson.databind.ObjectMapper.readValue","/mockserver-core/src/test/java/org/mockserver/serialization/deserializers/body/BodyWithContentTypeDTODeserializerTest.java","447","41","447","118"
"idDeserial",,"warning","Deserialization method called: com.fasterxml.jackson.databind.ObjectMapper.readValue","/mockserver-core/src/test/java/org/mockserver/serialization/deserializers/body/BodyDTODeserializerTest.java","490","41","490","118"
"idDeserial",,"warning","Deserialization method called: com.fasterxml.jackson.databind.ObjectMapper.readValue","/mockserver-core/src/test/java/org/mockserver/serialization/deserializers/body/StrictBodyDTODeserializerTest.java","242","41","242","90"
"idDeserial",,"warning","Deserialization method called: com.fasterxml.jackson.databind.ObjectMapper.readValue","/mockserver-core/src/test/java/org/mockserver/serialization/deserializers/body/BodyWithContentTypeDTODeserializerTest.java","470","41","470","118"
"idDeserial",,"warning","Deserialization method called: com.fasterxml.jackson.databind.ObjectMapper.readValue","/mockserver-core/src/test/java/org/mockserver/serialization/deserializers/body/StrictBodyDTODeserializerTest.java","265","41","265","90"
"idDeserial",,"warning","Deserialization method called: com.fasterxml.jackson.databind.ObjectMapper.readValue","/mockserver-core/src/test/java/org/mockserver/serialization/deserializers/body/BodyDTODeserializerTest.java","524","41","524","118"
"idDeserial",,"warning","Deserialization method called: com.fasterxml.jackson.databind.ObjectMapper.readValue","/mockserver-core/src/test/java/org/mockserver/serialization/deserializers/body/BodyWithContentTypeDTODeserializerTest.java","493","41","493","118"
"idDeserial",,"warning","Deserialization method called: com.fasterxml.jackson.databind.ObjectMapper.readValue","/mockserver-core/src/test/java/org/mockserver/serialization/deserializers/body/StrictBodyDTODeserializerTest.java","288","41","288","90"
"idDeserial",,"warning","Deserialization method called: com.fasterxml.jackson.databind.ObjectMapper.readValue","/mockserver-core/src/test/java/org/mockserver/serialization/deserializers/body/BodyDTODeserializerTest.java","550","41","550","118"
"idDeserial",,"warning","Deserialization method called: com.fasterxml.jackson.databind.ObjectMapper.readValue","/mockserver-core/src/test/java/org/mockserver/serialization/deserializers/body/BodyWithContentTypeDTODeserializerTest.java","521","41","521","118"
"idDeserial",,"warning","Deserialization method called: com.fasterxml.jackson.databind.ObjectMapper.readValue","/mockserver-core/src/test/java/org/mockserver/serialization/deserializers/body/StrictBodyDTODeserializerTest.java","311","41","311","90"
"idDeserial",,"warning","Deserialization method called: com.fasterxml.jackson.databind.ObjectMapper.readValue","/mockserver-core/src/test/java/org/mockserver/serialization/deserializers/body/BodyDTODeserializerTest.java","573","41","573","118"
"idDeserial",,"warning","Deserialization method called: com.fasterxml.jackson.databind.ObjectMapper.readValue","/mockserver-core/src/test/java/org/mockserver/serialization/deserializers/body/BodyWithContentTypeDTODeserializerTest.java","552","41","552","118"
"idDeserial",,"warning","Deserialization method called: com.fasterxml.jackson.databind.ObjectMapper.readValue","/mockserver-core/src/test/java/org/mockserver/serialization/deserializers/body/StrictBodyDTODeserializerTest.java","333","41","333","90"
"idDeserial",,"warning","Deserialization method called: com.fasterxml.jackson.databind.ObjectMapper.readValue","/mockserver-core/src/test/java/org/mockserver/serialization/deserializers/body/BodyDTODeserializerTest.java","596","41","596","118"
"idDeserial",,"warning","Deserialization method called: com.fasterxml.jackson.databind.ObjectMapper.readValue","/mockserver-core/src/test/java/org/mockserver/serialization/deserializers/body/StrictBodyDTODeserializerTest.java","352","41","352","90"
"idDeserial",,"warning","Deserialization method called: com.fasterxml.jackson.databind.ObjectMapper.readValue","/mockserver-core/src/test/java/org/mockserver/serialization/deserializers/body/BodyDTODeserializerTest.java","618","41","618","118"
"idDeserial",,"warning","Deserialization method called: com.fasterxml.jackson.databind.ObjectMapper.readValue","/mockserver-core/src/test/java/org/mockserver/serialization/deserializers/body/BodyWithContentTypeDTODeserializerTest.java","580","41","580","118"
"idDeserial",,"warning","Deserialization method called: com.fasterxml.jackson.databind.ObjectMapper.readValue","/mockserver-core/src/test/java/org/mockserver/serialization/deserializers/body/BodyDTODeserializerTest.java","642","41","642","118"
"idDeserial",,"warning","Deserialization method called: com.fasterxml.jackson.databind.ObjectMapper.readValue","/mockserver-core/src/test/java/org/mockserver/serialization/deserializers/body/BodyDTODeserializerTest.java","666","41","666","118"
"idDeserial",,"warning","Deserialization method called: com.fasterxml.jackson.databind.ObjectMapper.readValue","/mockserver-core/src/test/java/org/mockserver/serialization/deserializers/body/BodyWithContentTypeDTODeserializerTest.java","602","41","602","118"
"idDeserial",,"warning","Deserialization method called: com.fasterxml.jackson.databind.ObjectMapper.readValue","/mockserver-core/src/test/java/org/mockserver/serialization/deserializers/body/BodyDTODeserializerTest.java","689","41","689","118"
"idDeserial",,"warning","Deserialization method called: com.fasterxml.jackson.databind.ObjectMapper.readValue","/mockserver-core/src/test/java/org/mockserver/serialization/deserializers/body/BodyWithContentTypeDTODeserializerTest.java","623","41","623","118"
"idDeserial",,"warning","Deserialization method called: com.fasterxml.jackson.databind.ObjectMapper.readValue","/mockserver-core/src/test/java/org/mockserver/serialization/deserializers/body/BodyDTODeserializerTest.java","712","41","712","118"
"idDeserial",,"warning","Deserialization method called: com.fasterxml.jackson.databind.ObjectMapper.readValue","/mockserver-core/src/test/java/org/mockserver/serialization/deserializers/body/BodyWithContentTypeDTODeserializerTest.java","647","41","647","118"
"idDeserial",,"warning","Deserialization method called: com.fasterxml.jackson.databind.ObjectMapper.readValue","/mockserver-core/src/test/java/org/mockserver/serialization/deserializers/body/BodyDTODeserializerTest.java","735","41","735","118"
"idDeserial",,"warning","Deserialization method called: com.fasterxml.jackson.databind.ObjectMapper.readValue","/mockserver-core/src/test/java/org/mockserver/serialization/deserializers/body/BodyWithContentTypeDTODeserializerTest.java","678","41","678","118"
"idDeserial",,"warning","Deserialization method called: com.fasterxml.jackson.databind.ObjectMapper.readValue","/mockserver-core/src/test/java/org/mockserver/serialization/deserializers/body/BodyDTODeserializerTest.java","759","41","759","118"
"idDeserial",,"warning","Deserialization method called: com.fasterxml.jackson.databind.ObjectMapper.readValue","/mockserver-core/src/test/java/org/mockserver/serialization/deserializers/body/BodyDTODeserializerTest.java","782","41","782","118"
"idDeserial",,"warning","Deserialization method called: com.fasterxml.jackson.databind.ObjectMapper.readValue","/mockserver-core/src/test/java/org/mockserver/serialization/deserializers/body/BodyWithContentTypeDTODeserializerTest.java","717","41","717","118"
"idDeserial",,"warning","Deserialization method called: com.fasterxml.jackson.databind.ObjectMapper.readValue","/mockserver-core/src/test/java/org/mockserver/serialization/deserializers/body/BodyDTODeserializerTest.java","805","41","805","118"
"idDeserial",,"warning","Deserialization method called: com.fasterxml.jackson.databind.ObjectMapper.readValue","/mockserver-core/src/test/java/org/mockserver/serialization/deserializers/body/BodyDTODeserializerTest.java","830","41","830","118"
"idDeserial",,"warning","Deserialization method called: com.fasterxml.jackson.databind.ObjectMapper.readValue","/mockserver-core/src/test/java/org/mockserver/serialization/deserializers/body/BodyWithContentTypeDTODeserializerTest.java","749","41","749","118"
"idDeserial",,"warning","Deserialization method called: com.fasterxml.jackson.databind.ObjectMapper.readValue","/mockserver-core/src/test/java/org/mockserver/serialization/deserializers/body/BodyWithContentTypeDTODeserializerTest.java","773","41","773","118"
"idDeserial",,"warning","Deserialization method called: com.fasterxml.jackson.databind.ObjectMapper.readValue","/mockserver-core/src/test/java/org/mockserver/serialization/deserializers/body/BodyWithContentTypeDTODeserializerTest.java","795","41","795","118"
"idDeserial",,"warning","Deserialization method called: com.fasterxml.jackson.databind.ObjectMapper.readValue","/mockserver-core/src/test/java/org/mockserver/serialization/deserializers/body/BodyWithContentTypeDTODeserializerTest.java","818","41","818","118"
"idDeserial",,"warning","Deserialization method called: com.fasterxml.jackson.databind.ObjectMapper.readValue","/mockserver-core/src/test/java/org/mockserver/serialization/deserializers/body/BodyWithContentTypeDTODeserializerTest.java","841","41","841","118"
"idDeserial",,"warning","Deserialization method called: com.fasterxml.jackson.databind.ObjectMapper.readValue","/mockserver-core/src/test/java/org/mockserver/serialization/deserializers/body/BodyWithContentTypeDTODeserializerTest.java","864","41","864","118"
"idDeserial",,"warning","Deserialization method called: com.fasterxml.jackson.databind.ObjectMapper.readValue","/mockserver-core/src/test/java/org/mockserver/serialization/deserializers/body/BodyWithContentTypeDTODeserializerTest.java","887","41","887","118"
"idDeserial",,"warning","Deserialization method called: com.fasterxml.jackson.databind.ObjectMapper.readValue","/mockserver-core/src/test/java/org/mockserver/serialization/deserializers/body/BodyWithContentTypeDTODeserializerTest.java","910","41","910","118"
"idDeserial",,"warning","Deserialization method called: com.fasterxml.jackson.databind.ObjectMapper.readValue","/mockserver-core/src/test/java/org/mockserver/serialization/deserializers/body/BodyWithContentTypeDTODeserializerTest.java","932","41","932","118"
"idDeserial",,"warning","Deserialization method called: com.fasterxml.jackson.databind.ObjectMapper.readValue","/mockserver-core/src/test/java/org/mockserver/serialization/deserializers/body/BodyWithContentTypeDTODeserializerTest.java","955","41","955","118"
"idDeserial",,"warning","Deserialization method called: com.fasterxml.jackson.databind.ObjectMapper.readValue","/mockserver-core/src/test/java/org/mockserver/serialization/deserializers/body/BodyWithContentTypeDTODeserializerTest.java","978","41","978","118"
"idDeserial",,"warning","Deserialization method called: com.fasterxml.jackson.databind.ObjectMapper.readValue","/mockserver-core/src/test/java/org/mockserver/serialization/deserializers/body/BodyWithContentTypeDTODeserializerTest.java","1001","41","1001","118"
"idDeserial",,"warning","Deserialization method called: com.fasterxml.jackson.databind.ObjectMapper.readValue","/mockserver-core/src/test/java/org/mockserver/serialization/deserializers/body/BodyWithContentTypeDTODeserializerTest.java","1025","41","1025","118"
"idDeserial",,"warning","Deserialization method called: com.fasterxml.jackson.databind.ObjectMapper.readValue","/mockserver-core/src/test/java/org/mockserver/serialization/deserializers/body/BodyDTODeserializerTest.java","855","41","855","118"
"idDeserial",,"warning","Deserialization method called: com.fasterxml.jackson.databind.ObjectMapper.readValue","/mockserver-core/src/test/java/org/mockserver/serialization/deserializers/collections/CookiesDeserializerTest.java","36","33","36","88"
"idDeserial",,"warning","Deserialization method called: com.fasterxml.jackson.databind.ObjectMapper.readValue","/mockserver-core/src/test/java/org/mockserver/serialization/deserializers/body/BodyDTODeserializerTest.java","879","41","879","118"
"idDeserial",,"warning","Deserialization method called: com.fasterxml.jackson.databind.ObjectMapper.readValue","/mockserver-core/src/test/java/org/mockserver/serialization/deserializers/body/BodyDTODeserializerTest.java","901","41","901","118"
"idDeserial",,"warning","Deserialization method called: com.fasterxml.jackson.databind.ObjectMapper.readValue","/mockserver-core/src/test/java/org/mockserver/serialization/deserializers/body/StrictBodyDTODeserializerTest.java","380","41","380","90"
"idDeserial",,"warning","Deserialization method called: com.fasterxml.jackson.databind.ObjectMapper.readValue","/mockserver-core/src/test/java/org/mockserver/serialization/deserializers/collections/CookiesDeserializerTest.java","54","33","57","31"
"idDeserial",,"warning","Deserialization method called: com.fasterxml.jackson.databind.ObjectMapper.readValue","/mockserver-core/src/test/java/org/mockserver/serialization/deserializers/body/BodyDTODeserializerTest.java","924","41","924","118"
"idDeserial",,"warning","Deserialization method called: com.fasterxml.jackson.databind.ObjectMapper.readValue","/mockserver-core/src/test/java/org/mockserver/serialization/deserializers/body/BodyDTODeserializerTest.java","947","41","947","118"
"idDeserial",,"warning","Deserialization method called: com.fasterxml.jackson.databind.ObjectMapper.readValue","/mockserver-core/src/test/java/org/mockserver/serialization/deserializers/collections/CookiesDeserializerTest.java","72","33","81","31"
"idDeserial",,"warning","Deserialization method called: com.fasterxml.jackson.databind.ObjectMapper.readValue","/mockserver-core/src/test/java/org/mockserver/serialization/deserializers/body/StrictBodyDTODeserializerTest.java","413","41","413","90"
"idDeserial",,"warning","Deserialization method called: com.fasterxml.jackson.databind.ObjectMapper.readValue","/mockserver-core/src/test/java/org/mockserver/serialization/deserializers/collections/HeadersDeserializerTest.java","38","33","38","88"
"idDeserial",,"warning","Deserialization method called: com.fasterxml.jackson.databind.ObjectMapper.readValue","/mockserver-core/src/test/java/org/mockserver/serialization/deserializers/body/BodyDTODeserializerTest.java","970","41","970","118"
"idDeserial",,"warning","Deserialization method called: com.fasterxml.jackson.databind.ObjectMapper.readValue","/mockserver-core/src/test/java/org/mockserver/serialization/deserializers/body/StrictBodyDTODeserializerTest.java","446","41","446","90"
"idDeserial",,"warning","Deserialization method called: com.fasterxml.jackson.databind.ObjectMapper.readValue","/mockserver-core/src/test/java/org/mockserver/serialization/deserializers/collections/HeadersDeserializerTest.java","58","33","61","31"
"idDeserial",,"warning","Deserialization method called: com.fasterxml.jackson.databind.ObjectMapper.readValue","/mockserver-core/src/test/java/org/mockserver/serialization/deserializers/body/BodyDTODeserializerTest.java","992","41","992","118"
"idDeserial",,"warning","Deserialization method called: com.fasterxml.jackson.databind.ObjectMapper.readValue","/mockserver-core/src/test/java/org/mockserver/serialization/deserializers/body/BodyDTODeserializerTest.java","1015","41","1015","118"
"idDeserial",,"warning","Deserialization method called: com.fasterxml.jackson.databind.ObjectMapper.readValue","/mockserver-core/src/test/java/org/mockserver/serialization/deserializers/collections/HeadersDeserializerTest.java","77","33","92","31"
"idDeserial",,"warning","Deserialization method called: com.fasterxml.jackson.databind.ObjectMapper.readValue","/mockserver-core/src/test/java/org/mockserver/serialization/deserializers/body/StrictBodyDTODeserializerTest.java","478","41","478","90"
"idDeserial",,"warning","Deserialization method called: com.fasterxml.jackson.databind.ObjectMapper.readValue","/mockserver-core/src/test/java/org/mockserver/serialization/deserializers/body/BodyDTODeserializerTest.java","1038","41","1038","118"
"idDeserial",,"warning","Deserialization method called: com.fasterxml.jackson.databind.ObjectMapper.readValue","/mockserver-core/src/test/java/org/mockserver/serialization/deserializers/collections/ParametersDeserializerTest.java","44","39","44","100"
"idDeserial",,"warning","Deserialization method called: com.fasterxml.jackson.databind.ObjectMapper.readValue","/mockserver-core/src/test/java/org/mockserver/serialization/deserializers/body/StrictBodyDTODeserializerTest.java","512","41","512","90"
"idDeserial",,"warning","Deserialization method called: com.fasterxml.jackson.databind.ObjectMapper.readValue","/mockserver-core/src/test/java/org/mockserver/serialization/deserializers/body/BodyDTODeserializerTest.java","1061","41","1061","118"
"idDeserial",,"warning","Deserialization method called: com.fasterxml.jackson.databind.ObjectMapper.readValue","/mockserver-core/src/test/java/org/mockserver/serialization/deserializers/condition/TimeToLiveDeserializerTest.java","21","20","21","158"
"idDeserial",,"warning","Deserialization method called: com.fasterxml.jackson.databind.ObjectMapper.readValue","/mockserver-core/src/test/java/org/mockserver/serialization/deserializers/body/StrictBodyDTODeserializerTest.java","538","41","538","90"
"idDeserial",,"warning","Deserialization method called: com.fasterxml.jackson.databind.ObjectMapper.readValue","/mockserver-core/src/test/java/org/mockserver/serialization/deserializers/body/BodyDTODeserializerTest.java","1089","41","1089","118"
"idDeserial",,"warning","Deserialization method called: com.fasterxml.jackson.databind.ObjectMapper.readValue","/mockserver-core/src/test/java/org/mockserver/serialization/deserializers/collections/ParametersDeserializerTest.java","65","39","68","34"
"idDeserial",,"warning","Deserialization method called: com.fasterxml.jackson.databind.ObjectMapper.readValue","/mockserver-core/src/test/java/org/mockserver/serialization/deserializers/condition/VerificationTimesDTODeserializerTest.java","21","20","21","130"
"idDeserial",,"warning","Deserialization method called: com.fasterxml.jackson.databind.ObjectMapper.readValue","/mockserver-core/src/test/java/org/mockserver/serialization/deserializers/body/StrictBodyDTODeserializerTest.java","560","41","560","90"
"idDeserial",,"warning","Deserialization method called: com.fasterxml.jackson.databind.ObjectMapper.readValue","/mockserver-core/src/test/java/org/mockserver/serialization/deserializers/condition/VerificationTimesDTODeserializerTest.java","24","20","24","130"
"idDeserial",,"warning","Deserialization method called: com.fasterxml.jackson.databind.ObjectMapper.readValue","/mockserver-core/src/test/java/org/mockserver/serialization/deserializers/condition/VerificationTimesDTODeserializerTest.java","27","20","27","129"
"idDeserial",,"warning","Deserialization method called: com.fasterxml.jackson.databind.ObjectMapper.readValue","/mockserver-core/src/test/java/org/mockserver/serialization/deserializers/condition/VerificationTimesDTODeserializerTest.java","30","20","30","114"
"idDeserial",,"warning","Deserialization method called: com.fasterxml.jackson.databind.ObjectMapper.readValue","/mockserver-core/src/test/java/org/mockserver/serialization/deserializers/collections/ParametersDeserializerTest.java","84","39","99","34"
"idDeserial",,"warning","Deserialization method called: com.fasterxml.jackson.databind.ObjectMapper.readValue","/mockserver-core/src/test/java/org/mockserver/serialization/deserializers/body/StrictBodyDTODeserializerTest.java","583","41","583","90"
"idDeserial",,"warning","Deserialization method called: com.fasterxml.jackson.databind.ObjectMapper.readValue","/mockserver-core/src/test/java/org/mockserver/serialization/deserializers/condition/VerificationTimesDTODeserializerTest.java","36","20","36","129"
"idDeserial",,"warning","Deserialization method called: com.fasterxml.jackson.databind.ObjectMapper.readValue","/mockserver-core/src/test/java/org/mockserver/serialization/deserializers/condition/VerificationTimesDTODeserializerTest.java","39","20","39","116"
"idDeserial",,"warning","Deserialization method called: com.fasterxml.jackson.databind.ObjectMapper.readValue","/mockserver-core/src/test/java/org/mockserver/serialization/deserializers/body/BodyDTODeserializerTest.java","1120","41","1120","118"
"idDeserial",,"warning","Deserialization method called: com.fasterxml.jackson.databind.ObjectMapper.readValue","/mockserver-core/src/test/java/org/mockserver/serialization/deserializers/condition/VerificationTimesDTODeserializerTest.java","42","20","42","115"
"idDeserial",,"warning","Deserialization method called: com.fasterxml.jackson.databind.ObjectMapper.readValue","/mockserver-core/src/test/java/org/mockserver/serialization/deserializers/condition/VerificationTimesDTODeserializerTest.java","45","20","45","130"
"idDeserial",,"warning","Deserialization method called: com.fasterxml.jackson.databind.ObjectMapper.readValue","/mockserver-core/src/test/java/org/mockserver/serialization/deserializers/body/StrictBodyDTODeserializerTest.java","605","41","605","90"
"idDeserial",,"warning","Deserialization method called: com.fasterxml.jackson.databind.ObjectMapper.readValue","/mockserver-core/src/test/java/org/mockserver/serialization/deserializers/condition/VerificationTimesDTODeserializerTest.java","48","20","48","127"
"idDeserial",,"warning","Deserialization method called: com.fasterxml.jackson.databind.ObjectMapper.readValue","/mockserver-core/src/test/java/org/mockserver/serialization/deserializers/collections/ParametersDeserializerTest.java","116","39","120","34"
"idDeserial",,"warning","Deserialization method called: com.fasterxml.jackson.databind.ObjectMapper.readValue","/mockserver-core/src/test/java/org/mockserver/serialization/deserializers/condition/VerificationTimesDTODeserializerTest.java","51","20","51","103"
"idDeserial",,"warning","Deserialization method called: com.fasterxml.jackson.databind.ObjectMapper.readValue","/mockserver-core/src/test/java/org/mockserver/serialization/deserializers/body/BodyDTODeserializerTest.java","1148","41","1148","118"
"idDeserial",,"warning","Deserialization method called: com.fasterxml.jackson.databind.ObjectMapper.readValue","/mockserver-core/src/test/java/org/mockserver/serialization/deserializers/body/StrictBodyDTODeserializerTest.java","629","41","629","90"
"idDeserial",,"warning","Deserialization method called: com.fasterxml.jackson.databind.ObjectMapper.readValue","/mockserver-core/src/test/java/org/mockserver/serialization/deserializers/collections/ParametersDeserializerTest.java","137","39","141","34"
"idDeserial",,"warning","Deserialization method called: com.fasterxml.jackson.databind.ObjectMapper.readValue","/mockserver-core/src/test/java/org/mockserver/serialization/deserializers/body/BodyDTODeserializerTest.java","1170","41","1170","118"
"idDeserial",,"warning","Deserialization method called: com.fasterxml.jackson.databind.ObjectMapper.readValue","/mockserver-core/src/test/java/org/mockserver/serialization/deserializers/expectation/OpenAPIExpectationDTODeserializerTest.java","20","20","20","105"
"idDeserial",,"warning","Deserialization method called: com.fasterxml.jackson.databind.ObjectMapper.readValue","/mockserver-core/src/test/java/org/mockserver/serialization/deserializers/body/StrictBodyDTODeserializerTest.java","653","41","653","90"
"idDeserial",,"warning","Deserialization method called: com.fasterxml.jackson.databind.ObjectMapper.readValue","/mockserver-core/src/test/java/org/mockserver/serialization/deserializers/body/BodyDTODeserializerTest.java","1191","41","1191","118"
"idDeserial",,"warning","Deserialization method called: com.fasterxml.jackson.databind.ObjectMapper.readValue","/mockserver-core/src/test/java/org/mockserver/serialization/deserializers/expectation/OpenAPIExpectationDTODeserializerTest.java","25","20","32","45"
"idDeserial",,"warning","Deserialization method called: com.fasterxml.jackson.databind.ObjectMapper.readValue","/mockserver-core/src/test/java/org/mockserver/serialization/deserializers/collections/ParametersDeserializerTest.java","158","39","169","34"
"idDeserial",,"warning","Deserialization method called: com.fasterxml.jackson.databind.ObjectMapper.readValue","/mockserver-core/src/test/java/org/mockserver/serialization/deserializers/body/StrictBodyDTODeserializerTest.java","676","41","676","90"
"idDeserial",,"warning","Deserialization method called: com.fasterxml.jackson.databind.ObjectMapper.readValue","/mockserver-core/src/test/java/org/mockserver/serialization/deserializers/body/BodyDTODeserializerTest.java","1215","41","1215","118"
"idDeserial",,"warning","Deserialization method called: com.fasterxml.jackson.databind.ObjectMapper.readValue","/mockserver-core/src/test/java/org/mockserver/serialization/deserializers/expectation/OpenAPIExpectationDTODeserializerTest.java","44","20","47","45"
"idDeserial",,"warning","Deserialization method called: com.fasterxml.jackson.databind.ObjectMapper.readValue","/mockserver-core/src/test/java/org/mockserver/serialization/deserializers/body/StrictBodyDTODeserializerTest.java","699","41","699","90"
"idDeserial",,"warning","Deserialization method called: com.fasterxml.jackson.databind.ObjectMapper.readValue","/mockserver-core/src/test/java/org/mockserver/serialization/deserializers/expectation/OpenAPIExpectationDTODeserializerTest.java","55","20","62","45"
"idDeserial",,"warning","Deserialization method called: com.fasterxml.jackson.databind.ObjectMapper.readValue","/mockserver-core/src/test/java/org/mockserver/serialization/deserializers/body/BodyDTODeserializerTest.java","1246","41","1246","118"
"idDeserial",,"warning","Deserialization method called: com.fasterxml.jackson.databind.ObjectMapper.readValue","/mockserver-core/src/test/java/org/mockserver/serialization/deserializers/body/StrictBodyDTODeserializerTest.java","722","41","722","90"
"idDeserial",,"warning","Deserialization method called: com.fasterxml.jackson.databind.ObjectMapper.readValue","/mockserver-core/src/test/java/org/mockserver/serialization/deserializers/expectation/OpenAPIExpectationDTODeserializerTest.java","74","20","77","45"
"idDeserial",,"warning","Deserialization method called: com.fasterxml.jackson.databind.ObjectMapper.readValue","/mockserver-core/src/test/java/org/mockserver/serialization/deserializers/expectation/OpenAPIExpectationDTODeserializerTest.java","85","20","92","45"
"idDeserial",,"warning","Deserialization method called: com.fasterxml.jackson.databind.ObjectMapper.readValue","/mockserver-core/src/test/java/org/mockserver/serialization/deserializers/body/StrictBodyDTODeserializerTest.java","746","41","746","90"
"idDeserial",,"warning","Deserialization method called: com.fasterxml.jackson.databind.ObjectMapper.readValue","/mockserver-core/src/test/java/org/mockserver/serialization/deserializers/expectation/OpenAPIExpectationDTODeserializerTest.java","104","20","107","45"
"idDeserial",,"warning","Deserialization method called: com.fasterxml.jackson.databind.ObjectMapper.readValue","/mockserver-core/src/test/java/org/mockserver/serialization/deserializers/body/BodyDTODeserializerTest.java","1285","41","1285","118"
"idDeserial",,"warning","Deserialization method called: com.fasterxml.jackson.databind.ObjectMapper.readValue","/mockserver-core/src/test/java/org/mockserver/serialization/deserializers/body/StrictBodyDTODeserializerTest.java","769","41","769","90"
"idDeserial",,"warning","Deserialization method called: com.fasterxml.jackson.databind.ObjectMapper.readValue","/mockserver-core/src/test/java/org/mockserver/serialization/deserializers/body/StrictBodyDTODeserializerTest.java","792","41","792","90"
"idDeserial",,"warning","Deserialization method called: com.fasterxml.jackson.databind.ObjectMapper.readValue","/mockserver-core/src/test/java/org/mockserver/serialization/deserializers/body/BodyDTODeserializerTest.java","1318","41","1318","118"
"idDeserial",,"warning","Deserialization method called: com.fasterxml.jackson.databind.ObjectMapper.readValue","/mockserver-core/src/test/java/org/mockserver/serialization/deserializers/request/RequestDefinitionDTODeserializerTest.java","41","20","41","104"
"idDeserial",,"warning","Deserialization method called: com.fasterxml.jackson.databind.ObjectMapper.readValue","/mockserver-core/src/test/java/org/mockserver/serialization/deserializers/body/StrictBodyDTODeserializerTest.java","817","41","817","90"
"idDeserial",,"warning","Deserialization method called: com.fasterxml.jackson.databind.ObjectMapper.readValue","/mockserver-core/src/test/java/org/mockserver/serialization/deserializers/body/BodyDTODeserializerTest.java","1342","41","1342","118"
"idDeserial",,"warning","Deserialization method called: com.fasterxml.jackson.databind.ObjectMapper.readValue","/mockserver-core/src/test/java/org/mockserver/serialization/deserializers/request/RequestDefinitionDTODeserializerTest.java","46","20","50","44"
"idDeserial",,"warning","Deserialization method called: com.fasterxml.jackson.databind.ObjectMapper.readValue","/mockserver-core/src/test/java/org/mockserver/serialization/deserializers/string/NottableStringDeserializerTest.java","27","20","27","110"
"idDeserial",,"warning","Deserialization method called: com.fasterxml.jackson.databind.ObjectMapper.readValue","/mockserver-core/src/test/java/org/mockserver/serialization/deserializers/request/RequestDefinitionDTODeserializerTest.java","59","20","62","44"
"idDeserial",,"warning","Deserialization method called: com.fasterxml.jackson.databind.ObjectMapper.readValue","/mockserver-core/src/test/java/org/mockserver/serialization/deserializers/string/NottableStringDeserializerTest.java","33","20","33","111"
"idDeserial",,"warning","Deserialization method called: com.fasterxml.jackson.databind.ObjectMapper.readValue","/mockserver-core/src/test/java/org/mockserver/serialization/deserializers/request/RequestDefinitionDTODeserializerTest.java","70","20","74","44"
"idDeserial",,"warning","Deserialization method called: com.fasterxml.jackson.databind.ObjectMapper.readValue","/mockserver-core/src/test/java/org/mockserver/serialization/deserializers/body/StrictBodyDTODeserializerTest.java","842","41","842","90"
"idDeserial",,"warning","Deserialization method called: com.fasterxml.jackson.databind.ObjectMapper.readValue","/mockserver-core/src/test/java/org/mockserver/serialization/deserializers/string/NottableStringDeserializerTest.java","35","20","35","135"
"idDeserial",,"warning","Deserialization method called: com.fasterxml.jackson.databind.ObjectMapper.readValue","/mockserver-core/src/test/java/org/mockserver/serialization/deserializers/string/NottableStringDeserializerTest.java","37","20","37","154"
"idDeserial",,"warning","Deserialization method called: com.fasterxml.jackson.databind.ObjectMapper.readValue","/mockserver-core/src/test/java/org/mockserver/serialization/deserializers/string/NottableStringDeserializerTest.java","43","20","43","111"
"idDeserial",,"warning","Deserialization method called: com.fasterxml.jackson.databind.ObjectMapper.readValue","/mockserver-core/src/test/java/org/mockserver/serialization/deserializers/string/NottableStringDeserializerTest.java","45","20","45","140"
"idDeserial",,"warning","Deserialization method called: com.fasterxml.jackson.databind.ObjectMapper.readValue","/mockserver-core/src/test/java/org/mockserver/serialization/deserializers/string/NottableStringDeserializerTest.java","47","20","47","154"
"idDeserial",,"warning","Deserialization method called: com.fasterxml.jackson.databind.ObjectMapper.readValue","/mockserver-core/src/test/java/org/mockserver/serialization/deserializers/body/StrictBodyDTODeserializerTest.java","866","41","866","90"
"idDeserial",,"warning","Deserialization method called: com.fasterxml.jackson.databind.ObjectMapper.readValue","/mockserver-core/src/test/java/org/mockserver/serialization/deserializers/request/RequestDefinitionDTODeserializerTest.java","83","20","86","44"
"idDeserial",,"warning","Deserialization method called: com.fasterxml.jackson.databind.ObjectMapper.readValue","/mockserver-core/src/test/java/org/mockserver/serialization/deserializers/body/BodyDTODeserializerTest.java","1378","41","1378","118"
"idDeserial",,"warning","Deserialization method called: com.fasterxml.jackson.databind.ObjectMapper.readValue","/mockserver-core/src/test/java/org/mockserver/serialization/deserializers/string/NottableStringDeserializerTest.java","53","20","53","112"
"idDeserial",,"warning","Deserialization method called: com.fasterxml.jackson.databind.ObjectMapper.readValue","/mockserver-core/src/test/java/org/mockserver/serialization/deserializers/request/RequestDefinitionDTODeserializerTest.java","94","20","98","44"
"idDeserial",,"warning","Deserialization method called: com.fasterxml.jackson.databind.ObjectMapper.readValue","/mockserver-core/src/test/java/org/mockserver/serialization/deserializers/string/NottableStringDeserializerTest.java","55","20","55","112"
"idDeserial",,"warning","Deserialization method called: com.fasterxml.jackson.databind.ObjectMapper.readValue","/mockserver-core/src/test/java/org/mockserver/serialization/deserializers/string/NottableStringDeserializerTest.java","57","20","57","153"
"idDeserial",,"warning","Deserialization method called: com.fasterxml.jackson.databind.ObjectMapper.readValue","/mockserver-core/src/test/java/org/mockserver/serialization/deserializers/string/NottableStringDeserializerTest.java","63","20","63","170"
"idDeserial",,"warning","Deserialization method called: com.fasterxml.jackson.databind.ObjectMapper.readValue","/mockserver-core/src/test/java/org/mockserver/serialization/deserializers/body/StrictBodyDTODeserializerTest.java","888","41","888","90"
"idDeserial",,"warning","Deserialization method called: com.fasterxml.jackson.databind.ObjectMapper.readValue","/mockserver-core/src/test/java/org/mockserver/serialization/deserializers/request/RequestDefinitionDTODeserializerTest.java","107","20","110","44"
"idDeserial",,"warning","Deserialization method called: com.fasterxml.jackson.databind.ObjectMapper.readValue","/mockserver-core/src/test/java/org/mockserver/serialization/deserializers/string/NottableStringDeserializerTest.java","65","20","65","184"
"idDeserial",,"warning","Deserialization method called: com.fasterxml.jackson.databind.ObjectMapper.readValue","/mockserver-core/src/test/java/org/mockserver/serialization/deserializers/string/NottableStringDeserializerTest.java","71","20","71","183"
"idDeserial",,"warning","Deserialization method called: com.fasterxml.jackson.databind.ObjectMapper.readValue","/mockserver-core/src/test/java/org/mockserver/serialization/deserializers/body/BodyDTODeserializerTest.java","1414","41","1414","118"
"idDeserial",,"warning","Deserialization method called: com.fasterxml.jackson.databind.ObjectMapper.readValue","/mockserver-core/src/test/java/org/mockserver/serialization/deserializers/body/StrictBodyDTODeserializerTest.java","911","41","911","90"
"idDeserial",,"warning","Deserialization method called: com.fasterxml.jackson.databind.ObjectMapper.readValue","/mockserver-core/src/test/java/org/mockserver/serialization/deserializers/string/NottableStringDeserializerTest.java","77","20","77","129"
"idDeserial",,"warning","Deserialization method called: com.fasterxml.jackson.databind.ObjectMapper.readValue","/mockserver-core/src/test/java/org/mockserver/serialization/deserializers/string/NottableStringDeserializerTest.java","85","20","85","142"
"idDeserial",,"warning","Deserialization method called: com.fasterxml.jackson.databind.ObjectMapper.readValue","/mockserver-core/src/test/java/org/mockserver/serialization/deserializers/string/NottableStringDeserializerTest.java","93","20","93","172"
"idDeserial",,"warning","Deserialization method called: com.fasterxml.jackson.databind.ObjectMapper.readValue","/mockserver-core/src/test/java/org/mockserver/serialization/deserializers/string/NottableStringDeserializerTest.java","101","20","101","172"
"idDeserial",,"warning","Deserialization method called: com.fasterxml.jackson.databind.ObjectMapper.readValue","/mockserver-core/src/test/java/org/mockserver/serialization/deserializers/body/StrictBodyDTODeserializerTest.java","934","41","934","90"
"idDeserial",,"warning","Deserialization method called: com.fasterxml.jackson.databind.ObjectMapper.readValue","/mockserver-core/src/test/java/org/mockserver/serialization/deserializers/body/BodyDTODeserializerTest.java","1449","41","1449","118"
"idDeserial",,"warning","Deserialization method called: com.fasterxml.jackson.databind.ObjectMapper.readValue","/mockserver-core/src/test/java/org/mockserver/serialization/deserializers/string/NottableStringDeserializerTest.java","117","41","117","118"
"idDeserial",,"warning","Deserialization method called: com.fasterxml.jackson.databind.ObjectMapper.readValue","/mockserver-core/src/test/java/org/mockserver/serialization/deserializers/request/RequestDefinitionDTODeserializerTest.java","153","53","153","144"
"idDeserial",,"warning","Deserialization method called: com.fasterxml.jackson.databind.ObjectMapper.readValue","/mockserver-core/src/test/java/org/mockserver/serialization/deserializers/body/StrictBodyDTODeserializerTest.java","957","41","957","90"
"idDeserial",,"warning","Deserialization method called: com.fasterxml.jackson.databind.ObjectMapper.readValue","/mockserver-core/src/test/java/org/mockserver/serialization/deserializers/string/NottableStringDeserializerTest.java","137","41","137","118"
"idDeserial",,"warning","Deserialization method called: com.fasterxml.jackson.databind.ObjectMapper.readValue","/mockserver-core/src/test/java/org/mockserver/serialization/deserializers/body/BodyDTODeserializerTest.java","1485","41","1485","118"
"idDeserial",,"warning","Deserialization method called: com.fasterxml.jackson.databind.ObjectMapper.readValue","/mockserver-core/src/test/java/org/mockserver/serialization/deserializers/string/NottableStringDeserializerTest.java","156","41","156","118"
"idDeserial",,"warning","Deserialization method called: com.fasterxml.jackson.databind.ObjectMapper.readValue","/mockserver-core/src/test/java/org/mockserver/serialization/deserializers/body/StrictBodyDTODeserializerTest.java","979","41","979","90"
"idDeserial",,"warning","Deserialization method called: com.fasterxml.jackson.databind.ObjectMapper.readValue","/mockserver-core/src/test/java/org/mockserver/serialization/deserializers/body/StrictBodyDTODeserializerTest.java","1002","41","1002","90"
"idDeserial",,"warning","Deserialization method called: com.fasterxml.jackson.databind.ObjectMapper.readValue","/mockserver-core/src/test/java/org/mockserver/serialization/deserializers/string/NottableStringDeserializerTest.java","176","41","176","118"
"idDeserial",,"warning","Deserialization method called: com.fasterxml.jackson.databind.ObjectMapper.readValue","/mockserver-core/src/test/java/org/mockserver/serialization/deserializers/string/NottableStringDeserializerTest.java","196","41","196","118"
"idDeserial",,"warning","Deserialization method called: com.fasterxml.jackson.databind.ObjectMapper.readValue","/mockserver-core/src/test/java/org/mockserver/serialization/deserializers/body/StrictBodyDTODeserializerTest.java","1025","41","1025","90"
"idDeserial",,"warning","Deserialization method called: com.fasterxml.jackson.databind.ObjectMapper.readValue","/mockserver-core/src/test/java/org/mockserver/serialization/deserializers/string/NottableStringDeserializerTest.java","218","41","218","118"
"idDeserial",,"warning","Deserialization method called: com.fasterxml.jackson.databind.ObjectMapper.readValue","/mockserver-core/src/test/java/org/mockserver/serialization/deserializers/body/BodyDTODeserializerTest.java","1514","41","1514","118"
"idDeserial",,"warning","Deserialization method called: com.fasterxml.jackson.databind.ObjectMapper.readValue","/mockserver-core/src/test/java/org/mockserver/serialization/deserializers/body/StrictBodyDTODeserializerTest.java","1048","41","1048","90"
"idDeserial",,"warning","Deserialization method called: com.fasterxml.jackson.databind.ObjectMapper.readValue","/mockserver-core/src/test/java/org/mockserver/serialization/deserializers/string/NottableStringDeserializerTest.java","240","41","240","118"
"idDeserial",,"warning","Deserialization method called: com.fasterxml.jackson.databind.ObjectMapper.readValue","/mockserver-core/src/test/java/org/mockserver/serialization/deserializers/body/BodyDTODeserializerTest.java","1538","41","1538","118"
"idDeserial",,"warning","Deserialization method called: com.fasterxml.jackson.databind.ObjectMapper.readValue","/mockserver-core/src/test/java/org/mockserver/serialization/deserializers/body/StrictBodyDTODeserializerTest.java","1076","41","1076","90"
"idDeserial",,"warning","Deserialization method called: com.fasterxml.jackson.databind.ObjectMapper.readValue","/mockserver-core/src/test/java/org/mockserver/serialization/deserializers/string/NottableStringDeserializerTest.java","260","41","260","118"
"idDeserial",,"warning","Deserialization method called: com.fasterxml.jackson.databind.ObjectMapper.readValue","/mockserver-core/src/test/java/org/mockserver/serialization/deserializers/string/NottableStringDeserializerTest.java","280","41","280","118"
"idDeserial",,"warning","Deserialization method called: com.fasterxml.jackson.databind.ObjectMapper.readValue","/mockserver-core/src/test/java/org/mockserver/serialization/deserializers/body/BodyDTODeserializerTest.java","1561","41","1561","118"
"idDeserial",,"warning","Deserialization method called: com.fasterxml.jackson.databind.ObjectMapper.readValue","/mockserver-core/src/test/java/org/mockserver/serialization/deserializers/string/NottableStringDeserializerTest.java","300","41","300","118"
"idDeserial",,"warning","Deserialization method called: com.fasterxml.jackson.databind.ObjectMapper.readValue","/mockserver-core/src/test/java/org/mockserver/serialization/deserializers/body/StrictBodyDTODeserializerTest.java","1107","41","1107","90"
"idDeserial",,"warning","Deserialization method called: com.fasterxml.jackson.databind.ObjectMapper.readValue","/mockserver-core/src/test/java/org/mockserver/serialization/deserializers/body/BodyDTODeserializerTest.java","1584","41","1584","118"
"idDeserial",,"warning","Deserialization method called: com.fasterxml.jackson.databind.ObjectMapper.readValue","/mockserver-core/src/test/java/org/mockserver/serialization/deserializers/string/NottableStringDeserializerTest.java","320","41","320","118"
"idDeserial",,"warning","Deserialization method called: com.fasterxml.jackson.databind.ObjectMapper.readValue","/mockserver-core/src/test/java/org/mockserver/serialization/deserializers/request/RequestDefinitionDTODeserializerTest.java","191","53","191","144"
"idDeserial",,"warning","Deserialization method called: com.fasterxml.jackson.databind.ObjectMapper.readValue","/mockserver-core/src/test/java/org/mockserver/serialization/deserializers/body/BodyDTODeserializerTest.java","1607","41","1607","118"
"idDeserial",,"warning","Deserialization method called: com.fasterxml.jackson.databind.ObjectMapper.readValue","/mockserver-core/src/test/java/org/mockserver/serialization/deserializers/string/NottableStringDeserializerTest.java","342","41","342","118"
"idDeserial",,"warning","Deserialization method called: com.fasterxml.jackson.databind.ObjectMapper.readValue","/mockserver-core/src/test/java/org/mockserver/serialization/deserializers/request/RequestDefinitionDTODeserializerTest.java","210","53","210","144"
"idDeserial",,"warning","Deserialization method called: com.fasterxml.jackson.databind.ObjectMapper.readValue","/mockserver-core/src/test/java/org/mockserver/serialization/deserializers/body/StrictBodyDTODeserializerTest.java","1135","41","1135","90"
"idDeserial",,"warning","Deserialization method called: com.fasterxml.jackson.databind.ObjectMapper.readValue","/mockserver-core/src/test/java/org/mockserver/serialization/deserializers/body/StrictBodyDTODeserializerTest.java","1161","41","1161","90"
"idDeserial",,"warning","Deserialization method called: com.fasterxml.jackson.databind.ObjectMapper.readValue","/mockserver-core/src/test/java/org/mockserver/serialization/deserializers/request/RequestDefinitionDTODeserializerTest.java","229","53","229","144"
"idDeserial",,"warning","Deserialization method called: com.fasterxml.jackson.databind.ObjectMapper.readValue","/mockserver-core/src/test/java/org/mockserver/serialization/deserializers/body/BodyDTODeserializerTest.java","1643","41","1643","118"
"idDeserial",,"warning","Deserialization method called: com.fasterxml.jackson.databind.ObjectMapper.readValue","/mockserver-core/src/test/java/org/mockserver/serialization/deserializers/request/RequestDefinitionDTODeserializerTest.java","248","53","248","144"
"idDeserial",,"warning","Deserialization method called: com.fasterxml.jackson.databind.ObjectMapper.readValue","/mockserver-core/src/test/java/org/mockserver/serialization/deserializers/body/StrictBodyDTODeserializerTest.java","1192","41","1192","90"
"idDeserial",,"warning","Deserialization method called: com.fasterxml.jackson.databind.ObjectMapper.readValue","/mockserver-core/src/test/java/org/mockserver/serialization/deserializers/request/RequestDefinitionDTODeserializerTest.java","267","53","267","144"
"idDeserial",,"warning","Deserialization method called: com.fasterxml.jackson.databind.ObjectMapper.readValue","/mockserver-core/src/test/java/org/mockserver/serialization/deserializers/body/BodyDTODeserializerTest.java","1679","41","1679","118"
"idDeserial",,"warning","Deserialization method called: com.fasterxml.jackson.databind.ObjectMapper.readValue","/mockserver-core/src/test/java/org/mockserver/serialization/deserializers/request/RequestDefinitionDTODeserializerTest.java","286","53","286","144"
"idDeserial",,"warning","Deserialization method called: com.fasterxml.jackson.databind.ObjectMapper.readValue","/mockserver-core/src/test/java/org/mockserver/serialization/deserializers/request/RequestDefinitionDTODeserializerTest.java","305","53","305","144"
"idDeserial",,"warning","Deserialization method called: com.fasterxml.jackson.databind.ObjectMapper.readValue","/mockserver-core/src/test/java/org/mockserver/serialization/deserializers/body/StrictBodyDTODeserializerTest.java","1231","41","1231","90"
"idDeserial",,"warning","Deserialization method called: com.fasterxml.jackson.databind.ObjectMapper.readValue","/mockserver-core/src/test/java/org/mockserver/serialization/deserializers/request/RequestDefinitionDTODeserializerTest.java","346","53","346","144"
"idDeserial",,"warning","Deserialization method called: com.fasterxml.jackson.databind.ObjectMapper.readValue","/mockserver-core/src/test/java/org/mockserver/serialization/deserializers/body/BodyDTODeserializerTest.java","1714","41","1714","118"
"idDeserial",,"warning","Deserialization method called: com.fasterxml.jackson.databind.ObjectMapper.readValue","/mockserver-core/src/test/java/org/mockserver/serialization/deserializers/body/StrictBodyDTODeserializerTest.java","1264","41","1264","90"
"idDeserial",,"warning","Deserialization method called: com.fasterxml.jackson.databind.ObjectMapper.readValue","/mockserver-core/src/test/java/org/mockserver/serialization/deserializers/request/RequestDefinitionDTODeserializerTest.java","365","53","365","144"
"idDeserial",,"warning","Deserialization method called: com.fasterxml.jackson.databind.ObjectMapper.readValue","/mockserver-core/src/test/java/org/mockserver/serialization/deserializers/body/BodyDTODeserializerTest.java","1750","41","1750","118"
"idDeserial",,"warning","Deserialization method called: com.fasterxml.jackson.databind.ObjectMapper.readValue","/mockserver-core/src/test/java/org/mockserver/serialization/deserializers/body/StrictBodyDTODeserializerTest.java","1288","41","1288","90"
"idDeserial",,"warning","Deserialization method called: com.fasterxml.jackson.databind.ObjectMapper.readValue","/mockserver-core/src/test/java/org/mockserver/serialization/deserializers/request/RequestDefinitionDTODeserializerTest.java","390","53","390","144"
"idDeserial",,"warning","Deserialization method called: com.fasterxml.jackson.databind.ObjectMapper.readValue","/mockserver-core/src/test/java/org/mockserver/serialization/deserializers/body/BodyDTODeserializerTest.java","1773","41","1773","118"
"idDeserial",,"warning","Deserialization method called: com.fasterxml.jackson.databind.ObjectMapper.readValue","/mockserver-core/src/test/java/org/mockserver/serialization/deserializers/body/StrictBodyDTODeserializerTest.java","1324","41","1324","90"
"idDeserial",,"warning","Deserialization method called: com.fasterxml.jackson.databind.ObjectMapper.readValue","/mockserver-core/src/test/java/org/mockserver/serialization/deserializers/body/BodyDTODeserializerTest.java","1796","41","1796","118"
"idDeserial",,"warning","Deserialization method called: com.fasterxml.jackson.databind.ObjectMapper.readValue","/mockserver-core/src/test/java/org/mockserver/serialization/deserializers/request/RequestDefinitionDTODeserializerTest.java","412","53","412","144"
"idDeserial",,"warning","Deserialization method called: com.fasterxml.jackson.databind.ObjectMapper.readValue","/mockserver-core/src/test/java/org/mockserver/serialization/deserializers/request/RequestDefinitionDTODeserializerTest.java","428","53","428","144"
"idDeserial",,"warning","Deserialization method called: com.fasterxml.jackson.databind.ObjectMapper.readValue","/mockserver-core/src/test/java/org/mockserver/serialization/deserializers/body/BodyDTODeserializerTest.java","1819","41","1819","118"
"idDeserial",,"warning","Deserialization method called: com.fasterxml.jackson.databind.ObjectMapper.readValue","/mockserver-core/src/test/java/org/mockserver/serialization/deserializers/body/StrictBodyDTODeserializerTest.java","1360","41","1360","90"
"idDeserial",,"warning","Deserialization method called: com.fasterxml.jackson.databind.ObjectMapper.readValue","/mockserver-core/src/test/java/org/mockserver/serialization/deserializers/body/BodyDTODeserializerTest.java","1841","41","1841","118"
"idDeserial",,"warning","Deserialization method called: com.fasterxml.jackson.databind.ObjectMapper.readValue","/mockserver-core/src/test/java/org/mockserver/serialization/deserializers/request/RequestDefinitionDTODeserializerTest.java","450","53","450","144"
"idDeserial",,"warning","Deserialization method called: com.fasterxml.jackson.databind.ObjectMapper.readValue","/mockserver-core/src/test/java/org/mockserver/serialization/deserializers/body/BodyDTODeserializerTest.java","1864","41","1864","118"
"idDeserial",,"warning","Deserialization method called: com.fasterxml.jackson.databind.ObjectMapper.readValue","/mockserver-core/src/test/java/org/mockserver/serialization/deserializers/body/StrictBodyDTODeserializerTest.java","1395","41","1395","90"
"idDeserial",,"warning","Deserialization method called: com.fasterxml.jackson.databind.ObjectMapper.readValue","/mockserver-core/src/test/java/org/mockserver/serialization/deserializers/body/BodyDTODeserializerTest.java","1886","41","1886","118"
"idDeserial",,"warning","Deserialization method called: com.fasterxml.jackson.databind.ObjectMapper.readValue","/mockserver-core/src/test/java/org/mockserver/serialization/deserializers/body/StrictBodyDTODeserializerTest.java","1431","41","1431","90"
"idDeserial",,"warning","Deserialization method called: com.fasterxml.jackson.databind.ObjectMapper.readValue","/mockserver-core/src/test/java/org/mockserver/serialization/deserializers/body/StrictBodyDTODeserializerTest.java","1453","41","1453","90"
"idDeserial",,"warning","Deserialization method called: com.fasterxml.jackson.databind.ObjectMapper.readValue","/mockserver-core/src/test/java/org/mockserver/serialization/deserializers/body/StrictBodyDTODeserializerTest.java","1476","41","1476","90"
"idDeserial",,"warning","Deserialization method called: com.fasterxml.jackson.databind.ObjectMapper.readValue","/mockserver-core/src/test/java/org/mockserver/serialization/deserializers/body/StrictBodyDTODeserializerTest.java","1499","41","1499","90"
"idDeserial",,"warning","Deserialization method called: com.fasterxml.jackson.databind.ObjectMapper.readValue","/mockserver-core/src/test/java/org/mockserver/serialization/deserializers/body/StrictBodyDTODeserializerTest.java","1522","41","1522","90"
"idDeserial",,"warning","Deserialization method called: com.fasterxml.jackson.databind.ObjectMapper.readValue","/mockserver-core/src/test/java/org/mockserver/serialization/deserializers/body/StrictBodyDTODeserializerTest.java","1558","41","1558","90"
"idDeserial",,"warning","Deserialization method called: com.fasterxml.jackson.databind.ObjectMapper.readValue","/mockserver-core/src/test/java/org/mockserver/serialization/deserializers/body/StrictBodyDTODeserializerTest.java","1594","41","1594","90"
"idDeserial",,"warning","Deserialization method called: com.fasterxml.jackson.databind.ObjectMapper.readValue","/mockserver-core/src/test/java/org/mockserver/serialization/deserializers/body/StrictBodyDTODeserializerTest.java","1629","41","1629","90"
"idDeserial",,"warning","Deserialization method called: com.fasterxml.jackson.databind.ObjectMapper.readValue","/mockserver-core/src/test/java/org/mockserver/serialization/deserializers/body/StrictBodyDTODeserializerTest.java","1665","41","1665","90"
"idDeserial",,"warning","Deserialization method called: com.fasterxml.jackson.databind.ObjectMapper.readValue","/mockserver-core/src/test/java/org/mockserver/serialization/deserializers/body/StrictBodyDTODeserializerTest.java","1688","41","1688","90"
"idDeserial",,"warning","Deserialization method called: com.fasterxml.jackson.databind.ObjectMapper.readValue","/mockserver-core/src/test/java/org/mockserver/serialization/deserializers/body/StrictBodyDTODeserializerTest.java","1711","41","1711","90"
"idDeserial",,"warning","Deserialization method called: com.fasterxml.jackson.databind.ObjectMapper.readValue","/mockserver-core/src/test/java/org/mockserver/serialization/deserializers/body/StrictBodyDTODeserializerTest.java","1734","41","1734","90"
"idDeserial",,"warning","Deserialization method called: com.fasterxml.jackson.databind.ObjectMapper.readValue","/mockserver-core/src/test/java/org/mockserver/serialization/deserializers/body/StrictBodyDTODeserializerTest.java","1757","41","1757","90"
"idDeserial",,"warning","Deserialization method called: com.fasterxml.jackson.databind.ObjectMapper.readValue","/mockserver-core/src/test/java/org/mockserver/serialization/deserializers/body/StrictBodyDTODeserializerTest.java","1780","41","1780","90"
"idDeserial",,"warning","Deserialization method called: com.fasterxml.jackson.databind.ObjectMapper.readValue","/mockserver-core/src/test/java/org/mockserver/serialization/deserializers/body/StrictBodyDTODeserializerTest.java","1802","41","1802","90"
"idDeserial",,"warning","Deserialization method called: com.fasterxml.jackson.databind.ObjectMapper.readValue","/mockserver-core/src/test/java/org/mockserver/serialization/deserializers/body/StrictBodyDTODeserializerTest.java","1825","41","1825","90"
"idDeserial",,"warning","Deserialization method called: com.fasterxml.jackson.databind.ObjectMapper.readValue","/mockserver-core/src/test/java/org/mockserver/serialization/deserializers/body/StrictBodyDTODeserializerTest.java","1848","41","1848","90"
"idDeserial",,"warning","Deserialization method called: com.fasterxml.jackson.databind.ObjectMapper.readValue","/mockserver-core/src/test/java/org/mockserver/serialization/deserializers/body/StrictBodyDTODeserializerTest.java","1871","41","1871","90"
"idDeserial",,"warning","Deserialization method called: com.fasterxml.jackson.databind.ObjectMapper.readValue","/mockserver-core/src/test/java/org/mockserver/serialization/deserializers/body/StrictBodyDTODeserializerTest.java","1894","41","1894","90"
"idDeserial",,"warning","Deserialization method called: com.fasterxml.jackson.databind.ObjectMapper.readValue","/mockserver-core/src/test/java/org/mockserver/serialization/deserializers/body/StrictBodyDTODeserializerTest.java","1917","41","1917","90"
"idDeserial",,"warning","Deserialization method called: com.fasterxml.jackson.databind.ObjectMapper.readValue","/mockserver-core/src/test/java/org/mockserver/serialization/deserializers/body/StrictBodyDTODeserializerTest.java","1939","41","1939","90"
"idDeserial",,"warning","Deserialization method called: com.fasterxml.jackson.databind.ObjectMapper.readValue","/mockserver-core/src/test/java/org/mockserver/serialization/deserializers/body/StrictBodyDTODeserializerTest.java","1962","41","1962","90"
"idDeserial",,"warning","Deserialization method called: com.fasterxml.jackson.databind.ObjectMapper.readValue","/mockserver-core/src/test/java/org/mockserver/serialization/deserializers/body/StrictBodyDTODeserializerTest.java","1985","41","1985","90"
"idDeserial",,"warning","Deserialization method called: com.fasterxml.jackson.databind.ObjectMapper.readValue","/mockserver-core/src/test/java/org/mockserver/serialization/deserializers/body/StrictBodyDTODeserializerTest.java","2008","41","2008","90"
"idDeserial",,"warning","Deserialization method called: com.fasterxml.jackson.databind.ObjectMapper.readValue","/mockserver-core/src/test/java/org/mockserver/serialization/deserializers/body/StrictBodyDTODeserializerTest.java","2032","41","2032","90"
"idDeserial",,"warning","Deserialization method called: com.fasterxml.jackson.databind.ObjectMapper.readValue","/mockserver-core/src/test/java/org/mockserver/serialization/deserializers/body/StrictBodyDTODeserializerTest.java","2061","41","2061","90"
"idDeserial",,"warning","Deserialization method called: com.fasterxml.jackson.databind.ObjectMapper.readValue","/mockserver-core/src/test/java/org/mockserver/serialization/deserializers/body/BodyDTODeserializerTest.java","1909","41","1909","118"
"idDeserial",,"warning","Deserialization method called: com.fasterxml.jackson.databind.ObjectMapper.readValue","/mockserver-core/src/test/java/org/mockserver/serialization/deserializers/body/StrictBodyDTODeserializerTest.java","2090","41","2090","90"
"idDeserial",,"warning","Deserialization method called: com.fasterxml.jackson.databind.ObjectMapper.readValue","/mockserver-core/src/test/java/org/mockserver/serialization/deserializers/body/BodyDTODeserializerTest.java","1932","41","1932","118"
"idDeserial",,"warning","Deserialization method called: com.fasterxml.jackson.databind.ObjectMapper.readValue","/mockserver-core/src/test/java/org/mockserver/serialization/deserializers/body/StrictBodyDTODeserializerTest.java","2121","41","2121","90"
"idDeserial",,"warning","Deserialization method called: com.fasterxml.jackson.databind.ObjectMapper.readValue","/mockserver-core/src/test/java/org/mockserver/serialization/deserializers/body/BodyDTODeserializerTest.java","1955","41","1955","118"
"idDeserial",,"warning","Deserialization method called: com.fasterxml.jackson.databind.ObjectMapper.readValue","/mockserver-core/src/test/java/org/mockserver/serialization/deserializers/body/StrictBodyDTODeserializerTest.java","2149","41","2149","90"
"idDeserial",,"warning","Deserialization method called: com.fasterxml.jackson.databind.ObjectMapper.readValue","/mockserver-core/src/test/java/org/mockserver/serialization/deserializers/body/BodyDTODeserializerTest.java","1978","41","1978","118"
"idDeserial",,"warning","Deserialization method called: com.fasterxml.jackson.databind.ObjectMapper.readValue","/mockserver-core/src/test/java/org/mockserver/serialization/deserializers/body/BodyDTODeserializerTest.java","2001","41","2001","118"
"idDeserial",,"warning","Deserialization method called: com.fasterxml.jackson.databind.ObjectMapper.readValue","/mockserver-core/src/test/java/org/mockserver/serialization/deserializers/body/BodyDTODeserializerTest.java","2023","41","2023","118"
"idDeserial",,"warning","Deserialization method called: com.fasterxml.jackson.databind.ObjectMapper.readValue","/mockserver-core/src/test/java/org/mockserver/serialization/deserializers/body/BodyDTODeserializerTest.java","2046","41","2046","118"
"idDeserial",,"warning","Deserialization method called: com.fasterxml.jackson.databind.ObjectMapper.readValue","/mockserver-core/src/test/java/org/mockserver/serialization/deserializers/body/BodyDTODeserializerTest.java","2069","41","2069","118"
"idDeserial",,"warning","Deserialization method called: com.fasterxml.jackson.databind.ObjectMapper.readValue","/mockserver-core/src/test/java/org/mockserver/serialization/deserializers/body/BodyDTODeserializerTest.java","2092","41","2092","118"
"idDeserial",,"warning","Deserialization method called: com.fasterxml.jackson.databind.ObjectMapper.readValue","/mockserver-core/src/test/java/org/mockserver/serialization/deserializers/body/BodyDTODeserializerTest.java","2116","41","2116","118"
"idDeserial",,"warning","Deserialization method called: com.fasterxml.jackson.databind.ObjectMapper.readValue","/mockserver-core/src/test/java/org/mockserver/serialization/deserializers/body/BodyDTODeserializerTest.java","2145","41","2145","118"
"idDeserial",,"warning","Deserialization method called: com.fasterxml.jackson.databind.ObjectMapper.readValue","/mockserver-core/src/test/java/org/mockserver/serialization/deserializers/body/BodyDTODeserializerTest.java","2174","41","2174","118"
"idDeserial",,"warning","Deserialization method called: com.fasterxml.jackson.databind.ObjectMapper.readValue","/mockserver-core/src/test/java/org/mockserver/serialization/deserializers/body/BodyDTODeserializerTest.java","2205","41","2205","118"
"idDeserial",,"warning","Deserialization method called: com.fasterxml.jackson.databind.ObjectMapper.readValue","/mockserver-core/src/test/java/org/mockserver/serialization/deserializers/body/BodyDTODeserializerTest.java","2233","41","2233","118"
"idDeserial",,"warning","Deserialization method called: com.fasterxml.jackson.databind.ObjectMapper.readValue","/mockserver-core/src/test/java/org/mockserver/serialization/serializers/response/TimeToLiveDTOSerializerTest.java","25","13","29","41"
"idDeserial",,"warning","Deserialization method called: com.fasterxml.jackson.databind.ObjectMapper.readValue","/mockserver-core/src/test/java/org/mockserver/serialization/serializers/response/TimeToLiveDTOSerializerTest.java","38","13","42","41"
"idDeserial",,"warning","Deserialization method called: com.fasterxml.jackson.databind.ObjectMapper.readValue","/mockserver-examples/src/main/java/org/mockserver/examples/proxy/service/apacheclient/BookServiceApacheHttpClient.java","65","20","65","69"
"idDeserial",,"warning","Deserialization method called: com.fasterxml.jackson.databind.ObjectMapper.readValue","/mockserver-examples/src/main/java/org/mockserver/examples/proxy/service/apacheclient/BookServiceApacheHttpClient.java","80","20","80","100"
"idDeserial",,"warning","Deserialization method called: com.fasterxml.jackson.databind.ObjectMapper.readValue","/mockserver-examples/src/main/java/org/mockserver/examples/proxy/service/googleclient/http/BookServiceGoogleHttpClient.java","67","20","67","82"
"idDeserial",,"warning","Deserialization method called: com.fasterxml.jackson.databind.ObjectMapper.readValue","/mockserver-examples/src/main/java/org/mockserver/examples/proxy/service/googleclient/http/BookServiceGoogleHttpClient.java","79","20","79","80"
"idDeserial",,"warning","Deserialization method called: com.fasterxml.jackson.databind.ObjectMapper.readValue","/mockserver-examples/src/main/java/org/mockserver/examples/proxy/service/javaclient/http/BookServiceJavaHttpClient.java","49","20","49","84"
"idDeserial",,"warning","Deserialization method called: com.fasterxml.jackson.databind.ObjectMapper.readValue","/mockserver-examples/src/main/java/org/mockserver/examples/proxy/service/javaclient/http/BookServiceJavaHttpClient.java","62","20","62","82"
"idDeserial",,"warning","Deserialization method called: com.fasterxml.jackson.databind.ObjectMapper.readValue","/mockserver-examples/src/main/java/org/mockserver/examples/proxy/service/javaclient/https/BookServiceJavaHttpClient.java","58","20","58","84"
"idDeserial",,"warning","Deserialization method called: com.fasterxml.jackson.databind.ObjectMapper.readValue","/mockserver-examples/src/main/java/org/mockserver/examples/proxy/service/javaclient/https/BookServiceJavaHttpClient.java","71","20","71","82"
"idDeserial",,"warning","Deserialization method called: com.fasterxml.jackson.databind.ObjectMapper.readValue","/mockserver-examples/src/main/java/org/mockserver/examples/proxy/service/javaclient/socks/BookServiceJavaHttpClient.java","49","20","49","84"
"idDeserial",,"warning","Deserialization method called: com.fasterxml.jackson.databind.ObjectMapper.readValue","/mockserver-examples/src/main/java/org/mockserver/examples/proxy/service/javaclient/socks/BookServiceJavaHttpClient.java","62","20","62","82"
"idDeserial",,"warning","Deserialization method called: com.fasterxml.jackson.databind.ObjectMapper.readValue","/mockserver-examples/src/main/java/org/mockserver/examples/proxy/service/googleclient/socks/BookServiceGoogleHttpClient.java","67","20","67","82"
"idDeserial",,"warning","Deserialization method called: com.fasterxml.jackson.databind.ObjectMapper.readValue","/mockserver-examples/src/main/java/org/mockserver/examples/proxy/service/googleclient/socks/BookServiceGoogleHttpClient.java","79","20","79","80"
"idDeserial",,"warning","Deserialization method called: com.fasterxml.jackson.databind.ObjectMapper.readValue","/mockserver-examples/src/main/java/org/mockserver/examples/proxy/service/jettyclient/BookServiceJettyHttpClient.java","62","20","62","138"
"idDeserial",,"warning","Deserialization method called: com.fasterxml.jackson.databind.ObjectMapper.readValue","/mockserver-examples/src/main/java/org/mockserver/examples/proxy/service/jettyclient/BookServiceJettyHttpClient.java","73","20","73","149"
