"idDeserial",,"warning","Deserialization method called: com.google.gson.Gson.fromJson","/engine/src/main/java/org/terasology/engine/config/Config.java","136","18","136","68"
"idDeserial",,"warning","Deserialization method called: com.google.gson.Gson.fromJson","/engine/src/main/java/org/terasology/engine/config/Config.java","150","18","150","68"
"idDeserial",,"warning","Deserialization method called: com.google.gson.Gson.fromJson","/engine/src/main/java/org/terasology/engine/config/Config.java","250","16","250","44"
"idDeserial",,"warning","Deserialization method called: com.google.gson.Gson.fromJson","/engine/src/main/java/org/terasology/engine/core/module/ModuleListDownloader.java","57","35","57","72"
"idDeserial",,"warning","Deserialization method called: com.google.gson.Gson.fromJson","/engine/src/main/java/org/terasology/engine/game/GameManifest.java","156","16","156","44"
"idDeserial",,"warning","Deserialization method called: com.google.gson.Gson.fromJson","/engine/src/main/java/org/terasology/engine/game/GameManifest.java","161","20","161","68"
"idDeserial",,"warning","Deserialization method called: com.google.gson.Gson.fromJson","/engine/src/main/java/org/terasology/engine/i18n/assets/TranslationFormat.java","97","41","97","79"
"idDeserial",,"warning","Deserialization method called: com.google.gson.Gson.fromJson","/engine/src/main/java/org/terasology/engine/identity/storageServiceClient/ServiceApiRequest.java","41","51","41","101"
"idDeserial",,"warning","Deserialization method called: com.google.gson.Gson.fromJson","/engine/src/main/java/org/terasology/engine/identity/storageServiceClient/ServiceApiRequest.java","94","24","94","84"
"idDeserial",,"warning","Deserialization method called: com.google.gson.Gson.fromJson","/engine/src/main/java/org/terasology/engine/logic/behavior/asset/GroupBuilder.java","34","29","34","87"
"idDeserial",,"warning","Deserialization method called: com.google.gson.Gson.fromJson","/engine/src/main/java/org/terasology/engine/logic/behavior/core/BehaviorTreeBuilder.java","82","16","82","54"
"idDeserial",,"warning","Deserialization method called: com.google.gson.Gson.fromJson","/engine/src/main/java/org/terasology/engine/logic/behavior/core/BehaviorTreeBuilder.java","92","16","92","93"
"idDeserial",,"warning","Deserialization method called: com.google.gson.Gson.fromJson","/engine/src/main/java/org/terasology/engine/network/internal/ServerConnectListManager.java","47","34","47","97"
"idDeserial",,"warning","Deserialization method called: com.google.gson.Gson.fromJson","/engine/src/main/java/org/terasology/engine/network/internal/ServerConnectListManager.java","48","34","48","97"
"idDeserial",,"warning","Deserialization method called: com.google.gson.Gson.fromJson","/engine/src/main/java/org/terasology/engine/persistence/serializers/EntityDataJSONFormat.java","60","20","60","75"
"idDeserial",,"warning","Deserialization method called: com.google.gson.Gson.fromJson","/engine/src/main/java/org/terasology/engine/persistence/serializers/EntityDataJSONFormat.java","68","20","68","70"
"idDeserial",,"warning","Deserialization method called: com.google.gson.Gson.fromJson","/engine/src/main/java/org/terasology/engine/persistence/typeHandling/gson/GsonPersistedDataReader.java","33","33","33","99"
"idDeserial",,"warning","Deserialization method called: com.google.gson.Gson.fromJson","/engine/src/main/java/org/terasology/engine/persistence/typeHandling/gson/GsonPersistedDataReader.java","39","33","39","96"
"idDeserial",,"warning","Deserialization method called: com.google.gson.Gson.fromJson","/engine/src/main/java/org/terasology/engine/recording/RecordAndReplaySerializer.java","122","48","122","86"
"idDeserial",,"warning","Deserialization method called: com.google.gson.Gson.fromJson","/engine/src/main/java/org/terasology/engine/recording/RecordAndReplaySerializer.java","147","52","147","92"
"idDeserial",,"warning","Deserialization method called: com.google.gson.Gson.fromJson","/engine/src/main/java/org/terasology/engine/recording/RecordAndReplaySerializer.java","173","61","173","92"
"idDeserial",,"warning","Deserialization method called: com.google.gson.Gson.fromJson","/engine/src/main/java/org/terasology/engine/rendering/assets/atlas/AtlasFormat.java","50","35","50","78"
"idDeserial",,"warning","Deserialization method called: com.google.gson.Gson.fromJson","/engine/src/main/java/org/terasology/engine/rendering/assets/material/MaterialFormat.java","47","24","47","79"
"idDeserial",,"warning","Deserialization method called: com.google.gson.Gson.fromJson","/engine/src/main/java/org/terasology/engine/rendering/assets/shader/GLSLShaderFormat.java","91","20","91","62"
"idDeserial",,"warning","Deserialization method called: com.google.gson.Gson.fromJson","/engine/src/main/java/org/terasology/engine/rendering/assets/texture/TextureInfoFormat.java","29","40","29","83"
"idDeserial",,"warning","Deserialization method called: com.google.gson.Gson.fromJson","/engine/src/main/java/org/terasology/engine/rendering/gltf/GLTFAnimationFormat.java","52","25","52","53"
"idDeserial",,"warning","Deserialization method called: com.google.gson.Gson.fromJson","/engine/src/main/java/org/terasology/engine/rendering/gltf/GLTFMeshFormat.java","51","25","51","53"
"idDeserial",,"warning","Deserialization method called: com.google.gson.Gson.fromJson","/engine/src/main/java/org/terasology/engine/rendering/gltf/GLTFSkeletalMeshFormat.java","45","25","45","53"
"idDeserial",,"warning","Deserialization method called: com.google.gson.Gson.fromJson","/engine/src/main/java/org/terasology/engine/rendering/nui/asset/UIFormat.java","105","16","105","51"
"idDeserial",,"warning","Deserialization method called: com.google.gson.Gson.fromJson","/engine/src/main/java/org/terasology/engine/rendering/nui/layers/mainMenu/settings/IdentityIOHelper.java","62","33","62","63"
"idDeserial",,"warning","Deserialization method called: com.google.gson.Gson.fromJson","/engine/src/main/java/org/terasology/engine/rendering/nui/skin/UISkinFormat.java","71","31","71","69"
"idDeserial",,"warning","Deserialization method called: com.google.gson.Gson.fromJson","/engine/src/main/java/org/terasology/engine/rendering/nui/skin/UISkinFormat.java","80","16","80","55"
"idDeserial",,"warning","Deserialization method called: com.google.gson.Gson.fromJson","/engine/src/main/java/org/terasology/engine/world/block/loader/BlockFamilyDefinitionFormat.java","81","46","81","99"
"idDeserial",,"warning","Deserialization method called: com.google.gson.Gson.fromJson","/engine/src/main/java/org/terasology/engine/world/block/shapes/JsonBlockShapeLoader.java","59","20","59","62"
"idDeserial",,"warning","Deserialization method called: com.google.gson.Gson.fromJson","/engine-tests/src/test/java/org/terasology/engine/logic/behavior/CountCallsTest.java","68","16","68","70"
"idDeserial",,"warning","Deserialization method called: com.google.gson.Gson.fromJson","/engine-tests/src/test/java/org/terasology/engine/persistence/typeHandling/extensionTypes/ColorTypeHandlerTest.java","41","27","41","82"
"idDeserial",,"warning","Deserialization method called: com.google.gson.Gson.fromJson","/engine-tests/src/test/java/org/terasology/engine/persistence/typeHandling/gson/GsonTypeHandlerAdapterTest.java","33","40","33","88"
"idDeserial",,"warning","Deserialization method called: com.google.gson.Gson.fromJson","/engine-tests/src/test/java/org/terasology/engine/persistence/typeHandling/gson/GsonTypeHandlerAdapterTest.java","38","30","38","76"
"idDeserial",,"warning","Deserialization method called: com.google.gson.Gson.fromJson","/engine-tests/src/test/java/org/terasology/engine/persistence/typeHandling/gson/GsonTypeHandlerLibraryAdapterFactoryTest.java","55","40","55","82"
"idDeserial",,"warning","Deserialization method called: com.google.gson.Gson.fromJson","/engine-tests/src/test/java/org/terasology/engine/persistence/typeHandling/gson/PolymorphicTypeAdapterFactoryTest.java","33","28","33","69"
"idDeserial",,"warning","Deserialization method called: com.google.gson.Gson.fromJson","/engine-tests/src/test/java/org/terasology/engine/persistence/typeHandling/gson/PolymorphicTypeAdapterFactoryTest.java","42","28","42","69"
"idDeserial",,"warning","Deserialization method called: com.google.gson.Gson.fromJson","/engine-tests/src/test/java/org/terasology/engine/persistence/typeHandling/gson/PolymorphicTypeAdapterFactoryTest.java","53","30","53","72"
"idDeserial",,"warning","Deserialization method called: com.google.gson.Gson.fromJson","/engine-tests/src/test/java/org/terasology/engine/persistence/typeHandling/gson/PolymorphicTypeAdapterFactoryTest.java","63","35","64","20"
"idDeserial",,"warning","Deserialization method called: com.google.gson.Gson.fromJson","/engine-tests/src/test/java/org/terasology/engine/persistence/typeHandling/gson/PolymorphicTypeAdapterFactoryTest.java","76","35","77","20"
