"idDeserial",,"warning","Deserialization method called: com.google.gson.Gson.fromJson","/app/src/main/java/io/github/muntashirakon/AppManager/StaticDataset.java","125","64","125","112"
"idDeserial",,"warning","Deserialization method called: com.google.gson.Gson.fromJson","/app/src/main/java/io/github/muntashirakon/AppManager/StaticDataset.java","143","52","143","103"
"idDeserial",,"warning","Deserialization method called: com.google.gson.Gson.fromJson","/app/src/main/java/io/github/muntashirakon/AppManager/scanner/vt/VirusTotal.java","160","16","160","61"
"idDeserial",,"warning","Deserialization method called: com.google.gson.Gson.fromJson","/app/src/main/java/io/github/muntashirakon/AppManager/scanner/vt/VirusTotal.java","185","34","185","79"
"idDeserial",,"warning","Deserialization method called: com.google.gson.Gson.fromJson","/app/src/main/java/io/github/muntashirakon/AppManager/scanner/vt/VirusTotal.java","187","42","187","85"
