"idDeserial",,"warning","Deserialization method called: com.fasterxml.jackson.databind.ObjectMapper.readValue","/api-key/src/test/java/com/networknt/apikey/ApiKeyHandlerTest.java","200","29","200","98"
"idDeserial",,"warning","Deserialization method called: com.fasterxml.jackson.databind.ObjectMapper.readValue","/api-key/src/test/java/com/networknt/apikey/ApiKeyHandlerTest.java","239","29","239","98"
"idDeserial",,"warning","Deserialization method called: com.fasterxml.jackson.databind.ObjectMapper.readValue","/apikey-config/src/main/java/com/networknt/apikey/ApiKeyConfig.java","102","60","102","130"
"idDeserial",,"warning","Deserialization method called: com.fasterxml.jackson.databind.ObjectMapper.readValue","/audit-config/src/main/java/com/networknt/audit/AuditConfig.java","167","34","167","116"
"idDeserial",,"warning","Deserialization method called: com.fasterxml.jackson.databind.ObjectMapper.readValue","/audit-config/src/main/java/com/networknt/audit/AuditConfig.java","187","33","187","115"
"idDeserial",,"warning","Deserialization method called: com.fasterxml.jackson.databind.ObjectMapper.readValue","/basic-auth/src/test/java/com/networknt/basicauth/BasicAuthHandlerTest.java","224","29","224","142"
"idDeserial",,"warning","Deserialization method called: com.fasterxml.jackson.databind.ObjectMapper.readValue","/basic-auth/src/test/java/com/networknt/basicauth/BasicAuthHandlerTest.java","256","29","256","142"
"idDeserial",,"warning","Deserialization method called: com.fasterxml.jackson.databind.ObjectMapper.readValue","/basic-auth/src/test/java/com/networknt/basicauth/BasicAuthHandlerTest.java","288","29","288","142"
"idDeserial",,"warning","Deserialization method called: com.fasterxml.jackson.databind.ObjectMapper.readValue","/basic-auth/src/test/java/com/networknt/basicauth/BasicAuthHandlerTest.java","320","29","320","142"
"idDeserial",,"warning","Deserialization method called: com.fasterxml.jackson.databind.ObjectMapper.readValue","/basic-auth/src/test/java/com/networknt/basicauth/BasicAuthHandlerTest.java","352","29","352","142"
"idDeserial",,"warning","Deserialization method called: com.fasterxml.jackson.databind.ObjectMapper.readValue","/basic-auth/src/test/java/com/networknt/basicauth/BasicAuthHandlerTest.java","388","29","388","142"
"idDeserial",,"warning","Deserialization method called: com.fasterxml.jackson.databind.ObjectMapper.readValue","/basic-auth/src/test/java/com/networknt/basicauth/LdapAuthTest.java","193","29","193","142"
"idDeserial",,"warning","Deserialization method called: com.fasterxml.jackson.databind.ObjectMapper.readValue","/basic-auth/src/test/java/com/networknt/basicauth/LdapAuthTest.java","225","29","225","142"
"idDeserial",,"warning","Deserialization method called: com.fasterxml.jackson.databind.ObjectMapper.readValue","/basic-auth/src/test/java/com/networknt/basicauth/LdapAuthTest.java","257","29","257","142"
"idDeserial",,"warning","Deserialization method called: com.fasterxml.jackson.databind.ObjectMapper.readValue","/basic-auth/src/test/java/com/networknt/basicauth/LdapAuthTest.java","289","29","289","142"
"idDeserial",,"warning","Deserialization method called: com.fasterxml.jackson.databind.ObjectMapper.readValue","/body/src/main/java/com/networknt/body/BodyHandler.java","176","24","177","18"
"idDeserial",,"warning","Deserialization method called: com.fasterxml.jackson.databind.ObjectMapper.readValue","/body/src/main/java/com/networknt/body/BodyHandler.java","179","24","180","18"
"idDeserial",,"warning","Deserialization method called: com.fasterxml.jackson.databind.ObjectMapper.readValue","/body/src/test/java/com/networknt/body/BodyHandlerTest.java","204","29","204","142"
"idDeserial",,"warning","Deserialization method called: com.fasterxml.jackson.databind.ObjectMapper.readValue","/body/src/test/java/com/networknt/body/BodyHandlerTest.java","245","29","245","142"
"idDeserial",,"warning","Deserialization method called: com.fasterxml.jackson.databind.ObjectMapper.readValue","/body/src/test/java/com/networknt/body/RequestBodyInterceptorTest.java","180","29","180","142"
"idDeserial",,"warning","Deserialization method called: com.fasterxml.jackson.databind.ObjectMapper.readValue","/body/src/test/java/com/networknt/body/RequestBodyInterceptorTest.java","222","29","222","142"
"idDeserial",,"warning","Deserialization method called: com.fasterxml.jackson.databind.ObjectMapper.readValue","/cache-manager/src/main/java/com/networknt/cache/CacheConfig.java","80","34","80","119"
"idDeserial",,"warning","Deserialization method called: com.fasterxml.jackson.databind.ObjectMapper.readValue","/client/src/main/java/com/networknt/client/http/Http2ServiceResponse.java","33","20","33","83"
"idDeserial",,"warning","Deserialization method called: com.fasterxml.jackson.databind.ObjectMapper.readValue","/client/src/main/java/com/networknt/client/http/Http2ServiceResponse.java","37","16","37","146"
"idDeserial",,"warning","Deserialization method called: java.io.ObjectInputStream.readObject","/client/src/test/java/com/networknt/client/http/HttpResponseValueTest.java","94","24","94","38"
"idDeserial",,"warning","Deserialization method called: com.fasterxml.jackson.databind.ObjectMapper.readValue","/client/src/test/java/com/networknt/client/oauth/TokenInfoTest.java","20","30","20","68"
"idDeserial",,"warning","Deserialization method called: com.fasterxml.jackson.databind.ObjectMapper.readValue","/client/src/test/java/com/networknt/client/oauth/TokenInfoTest.java","30","31","30","69"
"idDeserial",,"warning","Deserialization method called: com.fasterxml.jackson.databind.ObjectMapper.readValue","/client/src/test/java/com/networknt/client/oauth/TokenInfoTest.java","38","28","38","66"
"idDeserial",,"warning","Deserialization method called: com.fasterxml.jackson.databind.ObjectMapper.readValue","/client/src/test/java/com/networknt/client/oauth/TokenResponseTest.java","29","39","29","104"
"idDeserial",,"warning","Deserialization method called: com.fasterxml.jackson.databind.ObjectMapper.readValue","/client/src/test/java/com/networknt/client/oauth/TokenResponseTest.java","35","39","35","104"
"idDeserial",,"warning","Deserialization method called: com.fasterxml.jackson.databind.ObjectMapper.readValue","/client/src/test/java/com/networknt/client/oauth/TokenResponseTest.java","41","39","41","104"
"idDeserial",,"warning","Deserialization method called: com.fasterxml.jackson.databind.ObjectMapper.readValue","/client/src/test/java/com/networknt/client/oauth/TokenResponseTest.java","48","39","48","104"
"idDeserial",,"warning","Deserialization method called: org.yaml.snakeyaml.Yaml.load","/config/src/main/java/com/networknt/config/Config.java","421","57","421","80"
"idDeserial",,"warning","Deserialization method called: org.yaml.snakeyaml.Yaml.load","/config/src/main/java/com/networknt/config/Config.java","453","30","453","53"
"idDeserial",,"warning","Deserialization method called: org.yaml.snakeyaml.Yaml.load","/config/src/main/java/com/networknt/config/Config.java","582","34","582","51"
"idDeserial",,"warning","Deserialization method called: com.fasterxml.jackson.databind.ObjectMapper.readValue","/config/src/main/java/com/networknt/config/JsonMapper.java","54","20","54","59"
"idDeserial",,"warning","Deserialization method called: com.fasterxml.jackson.databind.ObjectMapper.readValue","/config/src/main/java/com/networknt/config/JsonMapper.java","62","20","62","88"
"idDeserial",,"warning","Deserialization method called: com.fasterxml.jackson.databind.ObjectMapper.readValue","/config/src/main/java/com/networknt/config/JsonMapper.java","70","20","70","94"
"idDeserial",,"warning","Deserialization method called: org.yaml.snakeyaml.Yaml.load","/config/src/test/java/com/networknt/config/ConfigDecryptTest.java","94","36","94","113"
"idDeserial",,"warning","Deserialization method called: org.yaml.snakeyaml.Yaml.load","/config/src/test/java/com/networknt/config/ConfigDecryptTest.java","106","36","106","113"
"idDeserial",,"warning","Deserialization method called: com.fasterxml.jackson.databind.ObjectMapper.readValue","/config/src/test/java/com/networknt/config/ConfigDefaultTest.java","239","33","239","122"
"idDeserial",,"warning","Deserialization method called: com.fasterxml.jackson.databind.ObjectMapper.readValue","/config/src/test/java/com/networknt/config/ConfigDefaultTest.java","248","29","248","114"
"idDeserial",,"warning","Deserialization method called: com.fasterxml.jackson.databind.ObjectMapper.readValue","/config/src/test/java/com/networknt/config/PathPrefixAuthTest.java","20","31","20","101"
"idDeserial",,"warning","Deserialization method called: com.fasterxml.jackson.databind.ObjectMapper.readValue","/config-reload/src/test/java/com/networknt/config/reload/handler/ConfigReloadHandlerTest.java","76","32","76","90"
"idDeserial",,"warning","Deserialization method called: com.fasterxml.jackson.databind.ObjectMapper.readValue","/config-reload/src/test/java/com/networknt/config/reload/handler/ModuleRegistryGetHandlerTest.java","77","32","77","90"
"idDeserial",,"warning","Deserialization method called: com.fasterxml.jackson.databind.ObjectMapper.readValue","/consul/src/main/java/com/networknt/consul/client/ConsulClientImpl.java","224","42","224","139"
"idDeserial",,"warning","Deserialization method called: com.fasterxml.jackson.databind.ObjectMapper.readValue","/cors/src/main/java/com/networknt/cors/CorsConfig.java","128","42","128","124"
"idDeserial",,"warning","Deserialization method called: com.fasterxml.jackson.databind.ObjectMapper.readValue","/cors/src/main/java/com/networknt/cors/CorsConfig.java","155","42","155","124"
"idDeserial",,"warning","Deserialization method called: com.fasterxml.jackson.databind.ObjectMapper.readValue","/encode-decode/src/main/java/com/networknt/decode/RequestDecodeConfig.java","113","36","113","118"
"idDeserial",,"warning","Deserialization method called: com.fasterxml.jackson.databind.ObjectMapper.readValue","/encode-decode/src/main/java/com/networknt/encode/ResponseEncodeConfig.java","115","36","115","118"
"idDeserial",,"warning","Deserialization method called: com.fasterxml.jackson.databind.ObjectMapper.readValue","/exception/src/test/java/com/networknt/exception/ExceptionHandlerTest.java","153","29","153","90"
"idDeserial",,"warning","Deserialization method called: com.fasterxml.jackson.databind.ObjectMapper.readValue","/handler/src/main/java/com/networknt/handler/Interceptor.java","75","35","75","126"
"idDeserial",,"warning","Deserialization method called: com.fasterxml.jackson.databind.ObjectMapper.readValue","/handler/src/main/java/com/networknt/handler/Interceptor.java","85","35","85","119"
"idDeserial",,"warning","Deserialization method called: com.fasterxml.jackson.databind.ObjectMapper.readValue","/handler/src/main/java/com/networknt/handler/RequestInjectionConfig.java","96","65","96","135"
"idDeserial",,"warning","Deserialization method called: com.fasterxml.jackson.databind.ObjectMapper.readValue","/handler/src/main/java/com/networknt/handler/ResponseInjectionConfig.java","94","60","95","26"
"idDeserial",,"warning","Deserialization method called: com.fasterxml.jackson.databind.ObjectMapper.readValue","/handler-config/src/main/java/com/networknt/handler/config/HandlerConfig.java","190","36","190","106"
"idDeserial",,"warning","Deserialization method called: com.fasterxml.jackson.databind.ObjectMapper.readValue","/handler-config/src/main/java/com/networknt/handler/config/HandlerConfig.java","214","45","214","115"
"idDeserial",,"warning","Deserialization method called: com.fasterxml.jackson.databind.ObjectMapper.readValue","/handler-config/src/main/java/com/networknt/handler/config/HandlerConfig.java","240","43","240","113"
"idDeserial",,"warning","Deserialization method called: com.fasterxml.jackson.databind.ObjectMapper.readValue","/handler-config/src/main/java/com/networknt/handler/config/HandlerConfig.java","265","33","265","118"
"idDeserial",,"warning","Deserialization method called: com.fasterxml.jackson.databind.ObjectMapper.readValue","/handler-config/src/main/java/com/networknt/handler/config/HandlerConfig.java","296","42","296","127"
"idDeserial",,"warning","Deserialization method called: com.fasterxml.jackson.databind.ObjectMapper.readValue","/handler-config/src/main/java/com/networknt/handler/config/HandlerConfig.java","333","38","333","133"
"idDeserial",,"warning","Deserialization method called: com.fasterxml.jackson.databind.ObjectMapper.readValue","/handler-config/src/main/java/com/networknt/handler/config/HandlerConfig.java","356","44","357","38"
"idDeserial",,"warning","Deserialization method called: com.fasterxml.jackson.databind.ObjectMapper.readValue","/handler-config/src/main/java/com/networknt/handler/config/HandlerConfig.java","386","47","386","142"
"idDeserial",,"warning","Deserialization method called: com.fasterxml.jackson.databind.ObjectMapper.readValue","/handler-config/src/main/java/com/networknt/handler/config/HandlerConfig.java","407","48","408","42"
"idDeserial",,"warning","Deserialization method called: com.fasterxml.jackson.databind.ObjectMapper.readValue","/header-config/src/main/java/com/networknt/header/HeaderConfig.java","129","49","129","131"
"idDeserial",,"warning","Deserialization method called: com.fasterxml.jackson.databind.ObjectMapper.readValue","/header-config/src/main/java/com/networknt/header/HeaderConfig.java","156","50","156","132"
"idDeserial",,"warning","Deserialization method called: com.fasterxml.jackson.databind.ObjectMapper.readValue","/info/src/test/java/com/networknt/info/ServerInfoDisabledTest.java","133","29","133","90"
"idDeserial",,"warning","Deserialization method called: com.fasterxml.jackson.databind.ObjectMapper.readValue","/info-config/src/main/java/com/networknt/info/ServerInfoConfig.java","134","37","134","119"
"idDeserial",,"warning","Deserialization method called: com.fasterxml.jackson.databind.ObjectMapper.readValue","/ingress-proxy/src/main/java/com/networknt/proxy/ProxyServerInfoHandler.java","56","30","56","97"
"idDeserial",,"warning","Deserialization method called: com.fasterxml.jackson.databind.ObjectMapper.readValue","/ingress-proxy/src/main/java/com/networknt/proxy/salesforce/SalesforceConfig.java","215","43","215","133"
"idDeserial",,"warning","Deserialization method called: com.fasterxml.jackson.databind.ObjectMapper.readValue","/ingress-proxy/src/main/java/com/networknt/proxy/tableau/TableauSimpleAuthHandler.java","139","51","139","151"
"idDeserial",,"warning","Deserialization method called: com.fasterxml.jackson.databind.ObjectMapper.readValue","/logger-handler/src/main/java/com/networknt/logging/handler/LoggerGetHandler.java","172","43","172","143"
"idDeserial",,"warning","Deserialization method called: com.fasterxml.jackson.databind.ObjectMapper.readValue","/logger-handler/src/main/java/com/networknt/logging/handler/LoggerGetHandler.java","184","24","184","121"
"idDeserial",,"warning","Deserialization method called: com.fasterxml.jackson.databind.ObjectMapper.readValue","/logger-handler/src/main/java/com/networknt/logging/handler/LoggerGetLogContentsHandler.java","137","47","137","86"
"idDeserial",,"warning","Deserialization method called: com.fasterxml.jackson.databind.ObjectMapper.readValue","/logger-handler/src/main/java/com/networknt/logging/handler/LoggerPostHandler.java","232","43","232","143"
"idDeserial",,"warning","Deserialization method called: com.fasterxml.jackson.databind.ObjectMapper.readValue","/logger-handler/src/main/java/com/networknt/logging/handler/LoggerPostHandler.java","244","24","244","121"
"idDeserial",,"warning","Deserialization method called: com.fasterxml.jackson.databind.ObjectMapper.readValue","/registry/src/main/java/com/networknt/registry/support/DirectRegistryConfig.java","78","31","78","86"
"idDeserial",,"warning","Deserialization method called: com.fasterxml.jackson.databind.ObjectMapper.readValue","/reqtrans-config/src/main/java/com/networknt/reqtrans/RequestTransformerConfig.java","108","47","108","129"
"idDeserial",,"warning","Deserialization method called: com.fasterxml.jackson.databind.ObjectMapper.readValue","/restrans-config/src/main/java/com/networknt/restrans/ResponseTransformerConfig.java","100","47","100","129"
"idDeserial",,"warning","Deserialization method called: com.fasterxml.jackson.databind.ObjectMapper.readValue","/router-config/src/main/java/com/networknt/router/OAuthServerConfig.java","109","45","109","127"
"idDeserial",,"warning","Deserialization method called: com.fasterxml.jackson.databind.ObjectMapper.readValue","/router-config/src/main/java/com/networknt/router/RouterConfig.java","432","52","432","107"
"idDeserial",,"warning","Deserialization method called: com.fasterxml.jackson.databind.ObjectMapper.readValue","/router-config/src/main/java/com/networknt/router/middleware/PathPrefixServiceConfig.java","86","35","86","90"
"idDeserial",,"warning","Deserialization method called: com.fasterxml.jackson.databind.ObjectMapper.readValue","/router-config/src/main/java/com/networknt/router/middleware/PathServiceConfig.java","84","35","84","90"
"idDeserial",,"warning","Deserialization method called: com.fasterxml.jackson.databind.ObjectMapper.readValue","/router-config/src/main/java/com/networknt/router/middleware/ServiceDictConfig.java","88","35","88","90"
"idDeserial",,"warning","Deserialization method called: com.fasterxml.jackson.databind.ObjectMapper.readValue","/rule-loader/src/main/java/com/networknt/rule/RuleLoaderStartupHook.java","154","33","154","94"
"idDeserial",,"warning","Deserialization method called: com.fasterxml.jackson.databind.ObjectMapper.readValue","/rule-loader/src/main/java/com/networknt/rule/RuleLoaderStartupHook.java","184","33","184","94"
"idDeserial",,"warning","Deserialization method called: com.fasterxml.jackson.databind.ObjectMapper.readValue","/sanitizer/src/test/java/com/networknt/sanitizer/SanitizerHandlerTest.java","184","23","184","119"
"idDeserial",,"warning","Deserialization method called: com.fasterxml.jackson.databind.ObjectMapper.readValue","/sanitizer/src/test/java/com/networknt/sanitizer/SanitizerHandlerTest.java","192","43","192","137"
"idDeserial",,"warning","Deserialization method called: com.fasterxml.jackson.databind.ObjectMapper.readValue","/sanitizer/src/test/java/com/networknt/sanitizer/SanitizerHandlerWithEncodeTest.java","95","23","95","119"
"idDeserial",,"warning","Deserialization method called: com.fasterxml.jackson.databind.ObjectMapper.readValue","/sanitizer/src/test/java/com/networknt/sanitizer/SanitizerHandlerWithIgnoreTest.java","97","23","97","119"
"idDeserial",,"warning","Deserialization method called: com.fasterxml.jackson.databind.ObjectMapper.readValue","/sanitizer-config/src/main/java/com/networknt/sanitizer/SanitizerConfig.java","232","50","232","132"
"idDeserial",,"warning","Deserialization method called: com.fasterxml.jackson.databind.ObjectMapper.readValue","/sanitizer-config/src/main/java/com/networknt/sanitizer/SanitizerConfig.java","256","50","256","132"
"idDeserial",,"warning","Deserialization method called: com.fasterxml.jackson.databind.ObjectMapper.readValue","/sanitizer-config/src/main/java/com/networknt/sanitizer/SanitizerConfig.java","280","52","280","134"
"idDeserial",,"warning","Deserialization method called: com.fasterxml.jackson.databind.ObjectMapper.readValue","/sanitizer-config/src/main/java/com/networknt/sanitizer/SanitizerConfig.java","304","52","304","134"
"idDeserial",,"warning","Deserialization method called: com.fasterxml.jackson.databind.ObjectMapper.readValue","/security-config/src/main/java/com/networknt/security/SecurityConfig.java","253","44","253","126"
"idDeserial",,"warning","Deserialization method called: com.fasterxml.jackson.databind.ObjectMapper.readValue","/security-config/src/main/java/com/networknt/security/SecurityConfig.java","281","45","281","100"
"idDeserial",,"warning","Deserialization method called: org.yaml.snakeyaml.Yaml.load","/server/src/main/java/com/networknt/server/DefaultConfigLoader.java","342","35","342","88"
"idDeserial",,"warning","Deserialization method called: org.yaml.snakeyaml.Yaml.load","/server/src/main/java/com/networknt/server/UrlConfigLoader.java","164","20","164","94"
"idDeserial",,"warning","Deserialization method called: org.yaml.snakeyaml.Yaml.load","/server/src/main/java/com/networknt/server/UrlConfigLoader.java","230","40","230","84"
"idDeserial",,"warning","Deserialization method called: com.fasterxml.jackson.databind.ObjectMapper.readValue","/server/src/main/java/com/networknt/server/UrlConfigLoader.java","232","12","232","46"
"idDeserial",,"warning","Deserialization method called: com.fasterxml.jackson.databind.ObjectMapper.readValue","/status/src/test/java/com/networknt/status/StatusDefaultTest.java","90","48","91","10"
"idDeserial",,"warning","Deserialization method called: com.fasterxml.jackson.databind.ObjectMapper.readValue","/token-config/src/main/java/com/networknt/router/middleware/TokenConfig.java","79","47","79","129"
