"idDeserial",,"warning","Deserialization method called: java.io.ObjectInputStream.readObject","/app/src/main/java/com/nextcloud/android/sso/PlainHeader.java","32","25","32","39"
"idDeserial",,"warning","Deserialization method called: java.io.ObjectInputStream.readObject","/app/src/main/java/com/nextcloud/android/sso/PlainHeader.java","33","26","33","40"
"idDeserial",,"warning","Deserialization method called: java.io.ObjectInputStream.readObject","/app/src/main/java/com/nextcloud/android/sso/InputStreamBinder.java","211","24","211","39"
"idDeserial",,"warning","Deserialization method called: com.google.gson.Gson.fromJson","/app/src/gplay/java/com/owncloud/android/utils/PushUtils.java","147","64","148","57"
"idDeserial",,"warning","Deserialization method called: com.google.gson.Gson.fromJson","/app/src/gplay/java/com/owncloud/android/utils/PushUtils.java","193","43","194","61"
"idDeserial",,"warning","Deserialization method called: com.google.gson.Gson.fromJson","/app/src/gplay/java/com/owncloud/android/utils/PushUtils.java","407","45","407","103"
"idDeserial",,"warning","Deserialization method called: com.google.gson.Gson.fromJson","/app/src/main/java/com/nextcloud/client/NominatimClient.kt","50","32","50","84"
"idDeserial",,"warning","Deserialization method called: com.google.gson.Gson.fromJson","/app/src/main/java/com/nextcloud/client/jobs/AccountRemovalWork.kt","159","37","162","13"
"idDeserial",,"warning","Deserialization method called: com.google.gson.Gson.fromJson","/app/src/main/java/com/nextcloud/client/jobs/NotificationWork.kt","99","52","102","25"
"idDeserial",,"warning","Deserialization method called: com.google.gson.Gson.fromJson","/app/src/main/java/com/nextcloud/client/jobs/MediaFoldersDetectionWork.kt","112","33","112","97"
"idDeserial",,"warning","Deserialization method called: com.google.gson.Gson.fromJson","/app/src/main/java/com/nextcloud/client/preferences/AppPreferencesImpl.java","511","16","511","44"
"idDeserial",,"warning","Deserialization method called: com.google.gson.Gson.fromJson","/app/src/main/java/com/nextcloud/client/preferences/AppPreferencesImpl.java","779","16","779","61"
"idDeserial",,"warning","Deserialization method called: com.google.gson.Gson.fromJson","/app/src/main/java/com/nextcloud/ui/SetStatusDialogFragment.kt","119","36","119","64"
"idDeserial",,"warning","Deserialization method called: com.google.gson.Gson.fromJson","/app/src/main/java/com/nextcloud/utils/EditorUtils.kt","24","23","24","70"
"idDeserial",,"warning","Deserialization method called: com.google.gson.Gson.fromJson","/app/src/main/java/com/owncloud/android/datamodel/FileDataStorageManager.java","1027","45","1027","86"
"idDeserial",,"warning","Deserialization method called: com.google.gson.Gson.fromJson","/app/src/main/java/com/owncloud/android/datamodel/FileDataStorageManager.java","1041","38","1041","72"
"idDeserial",,"warning","Deserialization method called: com.google.gson.Gson.fromJson","/app/src/main/java/com/owncloud/android/datamodel/FileDataStorageManager.java","1053","45","1053","93"
"idDeserial",,"warning","Deserialization method called: com.google.gson.Gson.fromJson","/app/src/main/java/com/owncloud/android/datamodel/FileDataStorageManager.java","1063","39","1063","83"
"idDeserial",,"warning","Deserialization method called: com.google.gson.Gson.fromJson","/app/src/main/java/com/owncloud/android/ui/fragment/OCFileListBottomSheetDialog.java","102","43","102","88"
"idDeserial",,"warning","Deserialization method called: com.google.gson.Gson.fromJson","/app/src/main/java/com/owncloud/android/utils/EncryptionUtils.java","147","20","147","60"
"idDeserial",,"warning","Deserialization method called: com.google.gson.Gson.fromJson","/app/src/main/java/com/owncloud/android/utils/EncryptionUtils.java","149","20","149","106"
"idDeserial",,"warning","Deserialization method called: com.google.gson.Gson.fromJson","/app/src/main/java/com/owncloud/android/utils/EncryptionUtils.java","1609","37","1609","71"
"idDeserial",,"warning","Deserialization method called: com.google.gson.Gson.fromJson","/app/src/main/java/com/owncloud/android/utils/EncryptionUtils.java","1634","37","1635","20"
