"idDeserial",,"warning","Deserialization method called: com.google.gson.Gson.fromJson","/app/src/main/java/com/raincat/dolby_beta/helper/EAPIHelper.java","34","40","34","89"
"idDeserial",,"warning","Deserialization method called: com.google.gson.Gson.fromJson","/app/src/main/java/com/raincat/dolby_beta/helper/SignSongHelper.java","155","16","156","73"
"idDeserial",,"warning","Deserialization method called: com.google.gson.Gson.fromJson","/app/src/main/java/com/raincat/dolby_beta/helper/SignSongHelper.java","168","42","168","103"
"idDeserial",,"warning","Deserialization method called: com.google.gson.Gson.fromJson","/app/src/main/java/com/raincat/dolby_beta/helper/UserHelper.java","28","37","28","79"
"idDeserial",,"warning","Deserialization method called: com.google.gson.Gson.fromJson","/app/src/main/java/com/raincat/dolby_beta/hook/BlackHook.java","62","71","62","127"
