"idDeserial",,"warning","Deserialization method called: java.io.ObjectInputStream.readObject","/src/main/java/net/openhft/chronicle/hash/serialization/impl/SerializableDataAccess.java","84","28","84","65"
"idDeserial",,"warning","Deserialization method called: java.io.ObjectInputStream.readObject","/src/main/java/net/openhft/chronicle/hash/serialization/impl/SerializableReader.java","43","24","43","75"
"idDeserial",,"warning","Deserialization method called: com.thoughtworks.xstream.XStream.fromXML","/src/main/java/net/openhft/chronicle/map/JsonSerializer.java","68","13","68","40"
"idDeserial",,"warning","Deserialization method called: java.io.ObjectInputStream.readObject","/src/test/java/net/openhft/chronicle/map/jsr166/JSR166TestCase.java","754","27","754","42"
"idDeserial",,"warning","Deserialization method called: java.io.ObjectInputStream.readObject","/src/test/java/net/openhft/chronicle/map/jsr166/map/MapCheck.java","380","23","380","37"
