"idDeserial",,"warning","Deserialization method called: java.io.ObjectInputStream.readObject","/opengrok-indexer/src/main/java/org/opengrok/indexer/analysis/Definitions.java","364","34","364","48"
"idDeserial",,"warning","Deserialization method called: java.io.ObjectInputStream.readObject","/opengrok-indexer/src/main/java/org/opengrok/indexer/analysis/Scopes.java","179","29","179","43"
"idDeserial",,"warning","Deserialization method called: com.fasterxml.jackson.databind.ObjectMapper.readValue","/opengrok-indexer/src/main/java/org/opengrok/indexer/history/FileAnnotationCache.java","73","31","73","74"
"idDeserial",,"warning","Deserialization method called: java.io.ObjectInputStream.readObject","/opengrok-indexer/src/main/java/org/opengrok/indexer/index/IndexAnalysisSettings.java","164","44","164","58"
"idDeserial",,"warning","Deserialization method called: java.io.ObjectInputStream.readObject","/opengrok-indexer/src/main/java/org/opengrok/indexer/index/IndexAnalysisSettings3.java","190","45","190","59"
"idDeserial",,"warning","Deserialization method called: com.fasterxml.jackson.databind.ObjectMapper.readValue","/opengrok-indexer/src/main/java/org/opengrok/indexer/util/ClassUtil.java","116","21","116","46"
"idDeserial",,"warning","Deserialization method called: java.io.ObjectInputStream.readObject","/suggester/src/main/java/org/opengrok/suggest/popular/impl/chronicle/ChronicleMapConfiguration.java","103","48","103","63"
