"idDeserial",,"warning","Deserialization method called: java.io.ObjectInputStream.readObject","/visualvm/libs.profiler/lib.profiler/src/org/graalvm/visualvm/lib/jfluid/global/CalibrationDataFileIO.java","110","57","110","77"
"idDeserial",,"warning","Deserialization method called: java.io.ObjectInputStream.readObject","/visualvm/libs.profiler/lib.profiler/src/org/graalvm/visualvm/lib/jfluid/global/CalibrationDataFileIO.java","111","58","111","78"
"idDeserial",,"warning","Deserialization method called: java.io.ObjectInputStream.readObject","/visualvm/libs.profiler/lib.profiler/src/org/graalvm/visualvm/lib/jfluid/global/CalibrationDataFileIO.java","112","58","112","78"
"idDeserial",,"warning","Deserialization method called: java.io.ObjectInputStream.readObject","/visualvm/libs.profiler/lib.profiler/src/org/graalvm/visualvm/lib/jfluid/global/CalibrationDataFileIO.java","113","51","113","71"
"idDeserial",,"warning","Deserialization method called: java.io.ObjectInputStream.readObject","/visualvm/libs.profiler/lib.profiler/src/org/graalvm/visualvm/lib/jfluid/wireprotocol/InitiateProfilingCommand.java","154","41","154","55"
"idDeserial",,"warning","Deserialization method called: java.io.ObjectInputStream.readObject","/visualvm/libs.profiler/lib.profiler/src/org/graalvm/visualvm/lib/jfluid/wireprotocol/InitiateProfilingCommand.java","155","49","155","63"
"idDeserial",,"warning","Deserialization method called: java.io.ObjectInputStream.readObject","/visualvm/libs.profiler/lib.profiler/src/org/graalvm/visualvm/lib/jfluid/wireprotocol/InitiateProfilingCommand.java","156","46","156","60"
"idDeserial",,"warning","Deserialization method called: java.io.ObjectInputStream.readObject","/visualvm/libs.profiler/lib.profiler/src/org/graalvm/visualvm/lib/jfluid/wireprotocol/ThreadDumpResponse.java","78","32","78","46"
"idDeserial",,"warning","Deserialization method called: java.io.ObjectInputStream.readObject","/visualvm/libs.profiler/lib.profiler/src/org/graalvm/visualvm/lib/jfluid/wireprotocol/VMPropertiesResponse.java","169","38","169","52"
"idDeserial",,"warning","Deserialization method called: java.io.ObjectInputStream.readObject","/visualvm/libs.profiler/profiler/src/org/graalvm/visualvm/lib/profiler/LoadedSnapshot.java","608","48","608","62"
