"idDeserial",,"warning","Deserialization method called: java.io.ObjectInputStream.readObject","/client/src/main/java/com/orientechnologies/orient/client/binary/OChannelBinaryAsynchClient.java","340","19","340","48"
"idDeserial",,"warning","Deserialization method called: java.io.ObjectInputStream.readObject","/client/src/main/java/com/orientechnologies/orient/client/binary/OChannelBinaryClientAbstract.java","264","19","264","48"
"idDeserial",,"warning","Deserialization method called: java.io.ObjectInputStream.readObject","/core/src/main/java/com/orientechnologies/orient/core/serialization/OStreamableHelper.java","136","22","136","37"
"idDeserial",,"warning","Deserialization method called: java.io.ObjectInputStream.readObject","/core/src/main/java/com/orientechnologies/orient/core/serialization/serializer/record/binary/OSerializableWrapper.java","44","37","44","55"
"idDeserial",,"warning","Deserialization method called: java.io.ObjectInputStream.readObject","/core/src/main/java/com/orientechnologies/orient/core/serialization/serializer/record/string/ORecordSerializerJSON.java","659","22","659","39"
"idDeserial",,"warning","Deserialization method called: java.io.ObjectInputStream.readObject","/core/src/test/java/com/orientechnologies/orient/core/db/record/DocumentJavaSerializationTest.java","49","34","49","49"
"idDeserial",,"warning","Deserialization method called: java.io.ObjectInputStream.readObject","/core/src/test/java/com/orientechnologies/orient/core/db/record/DocumentJavaSerializationTest.java","74","34","74","49"
"idDeserial",,"warning","Deserialization method called: java.io.ObjectInputStream.readObject","/core/src/test/java/com/orientechnologies/orient/core/db/record/DocumentJavaSerializationTest.java","99","34","99","49"
"idDeserial",,"warning","Deserialization method called: java.io.ObjectInputStream.readObject","/core/src/test/java/com/orientechnologies/orient/core/db/record/TrackedSetTest.java","251","58","251","75"
"idDeserial",,"warning","Deserialization method called: java.io.ObjectInputStream.readObject","/core/src/test/java/com/orientechnologies/orient/core/db/record/TrackedListTest.java","469","60","469","77"
"idDeserial",,"warning","Deserialization method called: java.io.ObjectInputStream.readObject","/core/src/test/java/com/orientechnologies/orient/core/db/record/TrackedMapTest.java","296","74","296","91"
"idDeserial",,"warning","Deserialization method called: java.io.ObjectInputStream.readObject","/core/src/test/java/com/orientechnologies/orient/core/record/DocumentIndependentJavaSerializationTest.java","47","33","47","50"
"idDeserial",,"warning","Deserialization method called: java.io.ObjectInputStream.readObject","/core/src/test/java/com/orientechnologies/orient/core/record/DocumentIndependentJavaSerializationTest.java","76","38","76","55"
"idDeserial",,"warning","Deserialization method called: java.io.ObjectInputStream.readObject","/core/src/test/java/com/orientechnologies/orient/core/record/impl/ODocumentSerializationPersistentTest.java","59","45","59","59"
"idDeserial",,"warning","Deserialization method called: java.io.ObjectInputStream.readObject","/graphdb/src/main/java/com/orientechnologies/orient/graph/gremlin/OGremlinHelper.java","303","18","303","32"
