"idDeserial",,"warning","Deserialization method called: com.google.gson.Gson.fromJson","/OsmAnd/src/net/osmand/plus/AppVersionUpgradeOnInit.java","394","47","394","68"
"idDeserial",,"warning","Deserialization method called: com.google.gson.Gson.fromJson","/OsmAnd/src/net/osmand/plus/AppVersionUpgradeOnInit.java","426","44","426","68"
"idDeserial",,"warning","Deserialization method called: com.google.gson.Gson.fromJson","/OsmAnd/src/net/osmand/plus/liveupdates/GetJsonAsyncTask.java","31","12","31","60"
"idDeserial",,"warning","Deserialization method called: com.google.gson.Gson.fromJson","/OsmAnd/src/net/osmand/plus/myplaces/tracks/filters/TrackFilterList.java","31","19","31","43"
"idDeserial",,"warning","Deserialization method called: com.google.gson.Gson.fromJson","/OsmAnd/src/net/osmand/plus/onlinerouting/OnlineRoutingUtils.java","65","38","65","75"
"idDeserial",,"warning","Deserialization method called: com.google.gson.Gson.fromJson","/OsmAnd/src/net/osmand/plus/plugins/externalsensors/DevicesSettingsCollection.java","154","43","155","15"
"idDeserial",,"warning","Deserialization method called: com.google.gson.Gson.fromJson","/OsmAnd/src/net/osmand/plus/plugins/osmedit/quickactions/AddPOIAction.java","492","19","492","49"
"idDeserial",,"warning","Deserialization method called: com.google.gson.Gson.fromJson","/OsmAnd/src/net/osmand/plus/plugins/rastermaps/MapOverlayAction.java","93","10","93","44"
"idDeserial",,"warning","Deserialization method called: com.google.gson.Gson.fromJson","/OsmAnd/src/net/osmand/plus/plugins/rastermaps/MapSourceAction.java","94","10","94","44"
"idDeserial",,"warning","Deserialization method called: com.google.gson.Gson.fromJson","/OsmAnd/src/net/osmand/plus/plugins/rastermaps/MapUnderlayAction.java","93","10","93","44"
"idDeserial",,"warning","Deserialization method called: com.google.gson.Gson.fromJson","/OsmAnd/src/net/osmand/plus/quickaction/actions/SwitchProfileAction.java","78","23","78","57"
"idDeserial",,"warning","Deserialization method called: com.google.gson.Gson.fromJson","/OsmAnd/src/net/osmand/plus/settings/backend/ApplicationMode.java","568","34","568","79"
"idDeserial",,"warning","Deserialization method called: com.google.gson.Gson.fromJson","/OsmAnd/src/net/osmand/plus/settings/backend/backup/items/OsmEditsSettingsItem.java","168","34","171","5"
"idDeserial",,"warning","Deserialization method called: com.google.gson.Gson.fromJson","/OsmAnd/src/net/osmand/plus/settings/backend/backup/items/PoiUiFiltersSettingsItem.java","151","60","151","99"
"idDeserial",,"warning","Deserialization method called: com.google.gson.Gson.fromJson","/OsmAnd/src/net/osmand/plus/settings/backend/backup/items/QuickActionsSettingsItem.java","183","39","183","71"
"idDeserial",,"warning","Deserialization method called: com.google.gson.Gson.fromJson","/OsmAnd/src/net/osmand/plus/views/mapwidgets/configure/buttons/QuickActionButtonState.java","165","37","165","61"
"idDeserial",,"warning","Deserialization method called: com.google.gson.Gson.fromJson","/OsmAnd/src/org/openplacereviews/opendb/util/JsonFormatter.java","108","10","108","49"
"idDeserial",,"warning","Deserialization method called: com.google.gson.Gson.fromJson","/OsmAnd/src/org/openplacereviews/opendb/util/JsonFormatter.java","112","10","112","46"
"idDeserial",,"warning","Deserialization method called: com.google.gson.Gson.fromJson","/OsmAnd/src/org/openplacereviews/opendb/util/JsonFormatter.java","127","10","127","43"
"idDeserial",,"warning","Deserialization method called: com.google.gson.Gson.fromJson","/OsmAnd/src/org/openplacereviews/opendb/util/JsonFormatter.java","132","10","132","38"
"idDeserial",,"warning","Deserialization method called: com.google.gson.Gson.fromJson","/OsmAnd/src/org/openplacereviews/opendb/util/JsonFormatter.java","136","10","136","37"
"idDeserial",,"warning","Deserialization method called: com.google.gson.Gson.fromJson","/OsmAnd-java/src/main/java/net/osmand/wiki/WikiCoreHelper.java","197","12","197","69"
"idDeserial",,"warning","Deserialization method called: com.google.gson.Gson.fromJson","/OsmAnd-java/src/test/java/net/osmand/rendering/OpenGLTest.java","73","21","73","60"
"idDeserial",,"warning","Deserialization method called: com.google.gson.Gson.fromJson","/OsmAnd-java/src/test/java/net/osmand/rendering/OpenGLTest.java","150","21","150","60"
"idDeserial",,"warning","Deserialization method called: com.google.gson.Gson.fromJson","/OsmAnd-java/src/test/java/net/osmand/rendering/OpenGLTest.java","186","24","186","92"
"idDeserial",,"warning","Deserialization method called: com.google.gson.Gson.fromJson","/OsmAnd-java/src/test/java/net/osmand/router/RouteResultPreparationTest.java","72","35","72","74"
"idDeserial",,"warning","Deserialization method called: com.google.gson.Gson.fromJson","/OsmAnd-java/src/test/java/net/osmand/router/RouteTestingTest.java","56","29","56","68"
