"idDeserial",,"warning","Deserialization method called: java.io.ObjectInputStream.readObject","/pac4j-core/src/main/java/org/pac4j/core/util/serializer/JavaSerializer.java","66","32","66","47"
"idDeserial",,"warning","Deserialization method called: com.fasterxml.jackson.databind.ObjectMapper.readValue","/pac4j-core/src/main/java/org/pac4j/core/util/serializer/JsonSerializer.java","62","20","62","57"
"idDeserial",,"warning","Deserialization method called: com.fasterxml.jackson.databind.ObjectMapper.readValue","/pac4j-couch/src/main/java/org/pac4j/couch/profile/service/CouchProfileService.java","122","23","122","74"
"idDeserial",,"warning","Deserialization method called: com.fasterxml.jackson.databind.ObjectMapper.readValue","/pac4j-couch/src/main/java/org/pac4j/couch/profile/service/CouchProfileService.java","169","27","169","78"
"idDeserial",,"warning","Deserialization method called: com.fasterxml.jackson.databind.ObjectMapper.readValue","/pac4j-couch/src/main/java/org/pac4j/couch/profile/service/CouchProfileService.java","188","27","188","77"
"idDeserial",,"warning","Deserialization method called: com.fasterxml.jackson.databind.ObjectMapper.readValue","/pac4j-http/src/main/java/org/pac4j/http/credentials/authenticator/RestAuthenticator.java","108","23","108","69"
"idDeserial",,"warning","Deserialization method called: com.fasterxml.jackson.databind.ObjectMapper.readValue","/pac4j-oauth/src/main/java/org/pac4j/oauth/profile/JsonHelper.java","48","24","48","61"
"idDeserial",,"warning","Deserialization method called: com.fasterxml.jackson.databind.ObjectMapper.readValue","/pac4j-oauth/src/main/java/org/pac4j/oauth/profile/converter/JsonConverter.java","60","32","60","81"
"idDeserial",,"warning","Deserialization method called: com.fasterxml.jackson.databind.ObjectMapper.readValue","/pac4j-oauth/src/main/java/org/pac4j/oauth/profile/converter/JsonConverter.java","62","32","62","73"
"idDeserial",,"warning","Deserialization method called: com.fasterxml.jackson.databind.ObjectMapper.readValue","/pac4j-oauth/src/main/java/org/pac4j/oauth/profile/linkedin2/LinkedIn2ProfileCreator.java","62","33","62","100"
"idDeserial",,"warning","Deserialization method called: com.fasterxml.jackson.databind.ObjectMapper.readValue","/pac4j-oauth/src/main/java/org/pac4j/oauth/profile/linkedin2/LinkedIn2ProfilePicture.java","477","26","477","74"
"idDeserial",,"warning","Deserialization method called: com.fasterxml.jackson.databind.ObjectMapper.readValue","/pac4j-oidc/src/main/java/org/pac4j/oidc/client/AzureAd2Client.java","96","45","96","81"
"idDeserial",,"warning","Deserialization method called: com.fasterxml.jackson.databind.ObjectMapper.readValue","/pac4j-oidc/src/main/java/org/pac4j/oidc/profile/OidcProfile.java","159","54","159","107"
"idDeserial",,"warning","Deserialization method called: org.apache.commons.lang3.SerializationUtils.deserialize","/pac4j-saml/src/test/java/org/pac4j/saml/credentials/SAML2CredentialsSerializationTests.java","70","55","70","90"
