"idDeserial",,"warning","Deserialization method called: java.io.ObjectInputStream.readObject","/src/java/KP2AKdbLibrary/app/src/main/java/org/apache/commons/collections/map/AbstractHashedMap.java","1212","26","1212","40"
"idDeserial",,"warning","Deserialization method called: java.io.ObjectInputStream.readObject","/src/java/KP2AKdbLibrary/app/src/main/java/org/apache/commons/collections/map/AbstractHashedMap.java","1213","28","1213","42"
"idDeserial",,"warning","Deserialization method called: java.io.ObjectInputStream.readObject","/src/java/KP2AKdbLibrary/app/src/main/java/org/apache/commons/collections/map/AbstractReferenceMap.java","970","26","970","40"
"idDeserial",,"warning","Deserialization method called: java.io.ObjectInputStream.readObject","/src/java/KP2AKdbLibrary/app/src/main/java/org/apache/commons/collections/map/AbstractReferenceMap.java","974","28","974","42"
"idDeserial",,"warning","Deserialization method called: java.io.ObjectInputStream.readObject","/src/java/KP2AKdbLibrary/app/src/main/java/org/bouncycastle/jce/provider/PKCS12BagAttributeCarrierImpl.java","106","22","106","36"
"idDeserial",,"warning","Deserialization method called: java.io.ObjectInputStream.readObject","/src/java/KP2AKdbLibrary/app/src/main/java/org/bouncycastle/jce/provider/PKCS12BagAttributeCarrierImpl.java","111","43","111","57"
