"idDeserial",,"warning","Deserialization method called: com.google.gson.Gson.fromJson","/name.abuchen.portfolio/src/name/abuchen/portfolio/json/JClient.java","69","16","69","110"
"idDeserial",,"warning","Deserialization method called: com.thoughtworks.xstream.XStream.fromXML","/name.abuchen.portfolio/src/name/abuchen/portfolio/model/ClientFactory.java","122","42","122","65"
"idDeserial",,"warning","Deserialization method called: com.thoughtworks.xstream.XStream.fromXML","/name.abuchen.portfolio/src/name/abuchen/portfolio/money/impl/ECBExchangeRateProvider.java","91","80","91","102"
"idDeserial",,"warning","Deserialization method called: com.thoughtworks.xstream.XStream.fromXML","/name.abuchen.portfolio/src/name/abuchen/portfolio/money/impl/ECBExchangeRateProvider.java","107","44","107","66"
"idDeserial",,"warning","Deserialization method called: com.google.gson.Gson.fromJson","/name.abuchen.portfolio/src/name/abuchen/portfolio/online/impl/PortfolioReportQuoteFeed.java","195","16","195","67"
"idDeserial",,"warning","Deserialization method called: com.google.gson.Gson.fromJson","/name.abuchen.portfolio/src/name/abuchen/portfolio/online/portfolioreport/PRApiClient.java","149","16","149","99"
"idDeserial",,"warning","Deserialization method called: com.google.gson.Gson.fromJson","/name.abuchen.portfolio/src/name/abuchen/portfolio/online/portfolioreport/PRApiClient.java","158","16","158","49"
"idDeserial",,"warning","Deserialization method called: com.google.gson.Gson.fromJson","/name.abuchen.portfolio/src/name/abuchen/portfolio/online/portfolioreport/PRApiClient.java","168","16","168","49"
"idDeserial",,"warning","Deserialization method called: com.google.gson.Gson.fromJson","/name.abuchen.portfolio/src/name/abuchen/portfolio/online/portfolioreport/PRApiClient.java","176","16","176","49"
"idDeserial",,"warning","Deserialization method called: com.google.gson.Gson.fromJson","/name.abuchen.portfolio.ui/src/name/abuchen/portfolio/ui/editor/ClientFilterMigration.java","92","29","92","63"
"idDeserial",,"warning","Deserialization method called: com.google.gson.Gson.fromJson","/name.abuchen.portfolio.ui/src/name/abuchen/portfolio/ui/util/viewers/ColumnConfiguration.java","93","16","93","69"
