"idDeserial",,"warning","Deserialization method called: org.yaml.snakeyaml.Yaml.load","/collector/src/main/java/io/prometheus/jmx/JmxCollector.java","117","29","117","63"
"idDeserial",,"warning","Deserialization method called: org.yaml.snakeyaml.Yaml.load","/collector/src/main/java/io/prometheus/jmx/JmxCollector.java","123","29","123","55"
"idDeserial",,"warning","Deserialization method called: org.yaml.snakeyaml.Yaml.load","/collector/src/main/java/io/prometheus/jmx/JmxCollector.java","128","29","128","56"
"idDeserial",,"warning","Deserialization method called: org.yaml.snakeyaml.Yaml.load","/collector/src/main/java/io/prometheus/jmx/JmxCollector.java","199","53","199","71"
"idDeserial",,"warning","Deserialization method called: org.yaml.snakeyaml.Yaml.load","/jmx_prometheus_common/src/main/java/io/prometheus/jmx/common/http/HTTPServerFactory.java","133","43","133","65"
"idDeserial",,"warning","Deserialization method called: org.yaml.snakeyaml.Yaml.load","/jmx_prometheus_common/src/test/java/io/prometheus/jmx/common/yaml/YamlMapAccessorTest.java","255","39","255","66"
