"idDeserial",,"warning","Deserialization method called: java.io.ObjectInputStream.readObject","/quasar-core/src/main/java/co/paralleluniverse/concurrent/util/ConcurrentSkipListPriorityQueue.java","1385","24","1385","37"
"idDeserial",,"warning","Deserialization method called: com.esotericsoftware.kryo.Kryo.readClassAndObject","/quasar-core/src/main/java/co/paralleluniverse/fibers/ThreadLocalSerializer.java","58","28","58","57"
"idDeserial",,"warning","Deserialization method called: java.io.ObjectInputStream.readObject","/quasar-core/src/main/java/co/paralleluniverse/io/serialization/JDKSerializer.java","73","26","73","41"
"idDeserial",,"warning","Deserialization method called: com.esotericsoftware.kryo.Kryo.readClassAndObject","/quasar-core/src/main/java/co/paralleluniverse/io/serialization/kryo/CollectionsSetFromMapSerializer.java","61","33","61","62"
"idDeserial",,"warning","Deserialization method called: com.esotericsoftware.kryo.Kryo.readClassAndObject","/quasar-core/src/main/java/co/paralleluniverse/io/serialization/kryo/KryoObjectInputStream.java","85","16","85","42"
"idDeserial",,"warning","Deserialization method called: com.esotericsoftware.kryo.Kryo.readClassAndObject","/quasar-core/src/main/java/co/paralleluniverse/io/serialization/kryo/KryoSerializer.java","119","16","119","42"
"idDeserial",,"warning","Deserialization method called: com.esotericsoftware.kryo.Kryo.readClassAndObject","/quasar-core/src/main/java/co/paralleluniverse/io/serialization/kryo/KryoSerializer.java","145","16","145","42"
"idDeserial",,"warning","Deserialization method called: com.esotericsoftware.kryo.Kryo.readClassAndObject","/quasar-core/src/main/java/co/paralleluniverse/io/serialization/kryo/ReferenceSerializer.java","46","28","46","57"
"idDeserial",,"warning","Deserialization method called: com.esotericsoftware.kryo.Kryo.readClassAndObject","/quasar-core/src/main/java/co/paralleluniverse/io/serialization/kryo/ReplaceableObjectKryo.java","112","28","112","58"
