"idDeserial",,"warning","Deserialization method called: com.google.gson.Gson.fromJson","/frontend/archive/src/main/java/org/pytorch/serve/archive/utils/ArchiveUtils.java","43","20","43","41"
"idDeserial",,"warning","Deserialization method called: org.yaml.snakeyaml.Yaml.load","/frontend/archive/src/main/java/org/pytorch/serve/archive/utils/ArchiveUtils.java","56","20","56","31"
"idDeserial",,"warning","Deserialization method called: org.yaml.snakeyaml.Yaml.load","/frontend/archive/src/main/java/org/pytorch/serve/archive/utils/ArchiveUtils.java","69","20","69","31"
"idDeserial",,"warning","Deserialization method called: com.google.gson.Gson.fromJson","/frontend/archive/src/main/java/org/pytorch/serve/archive/workflow/WorkflowArchive.java","114","20","114","41"
"idDeserial",,"warning","Deserialization method called: org.yaml.snakeyaml.Yaml.load","/frontend/server/src/main/java/org/pytorch/serve/ensemble/WorkFlow.java","164","68","164","79"
"idDeserial",,"warning","Deserialization method called: com.google.gson.Gson.fromJson","/frontend/server/src/main/java/org/pytorch/serve/http/api/rest/ManagementRequestHandler.java","266","21","267","98"
"idDeserial",,"warning","Deserialization method called: com.google.gson.Gson.fromJson","/frontend/server/src/main/java/org/pytorch/serve/job/GRPCJob.java","167","41","167","85"
"idDeserial",,"warning","Deserialization method called: com.google.gson.Gson.fromJson","/frontend/server/src/main/java/org/pytorch/serve/http/messages/DescribeModelResponse.java","296","39","296","95"
"idDeserial",,"warning","Deserialization method called: org.yaml.snakeyaml.Yaml.load","/frontend/server/src/main/java/org/pytorch/serve/metrics/configuration/MetricConfiguration.java","71","38","71","59"
"idDeserial",,"warning","Deserialization method called: com.google.gson.Gson.fromJson","/frontend/server/src/main/java/org/pytorch/serve/snapshot/FSSnapshotSerializer.java","57","16","57","58"
"idDeserial",,"warning","Deserialization method called: com.google.gson.Gson.fromJson","/frontend/server/src/main/java/org/pytorch/serve/util/ConfigManager.java","1049","32","1049","76"
"idDeserial",,"warning","Deserialization method called: com.google.gson.Gson.fromJson","/frontend/server/src/main/java/org/pytorch/serve/workflow/api/http/WorkflowMgmtRequestHandler.java","186","21","188","58"
"idDeserial",,"warning","Deserialization method called: com.google.gson.Gson.fromJson","/frontend/server/src/test/java/org/pytorch/serve/EnsembleTest.java","85","31","85","98"
"idDeserial",,"warning","Deserialization method called: com.google.gson.Gson.fromJson","/frontend/server/src/test/java/org/pytorch/serve/ModelServerTest.java","123","31","123","98"
"idDeserial",,"warning","Deserialization method called: com.google.gson.Gson.fromJson","/frontend/server/src/test/java/org/pytorch/serve/ModelServerTest.java","228","17","228","93"
"idDeserial",,"warning","Deserialization method called: com.google.gson.Gson.fromJson","/frontend/server/src/test/java/org/pytorch/serve/ModelServerTest.java","254","17","254","93"
"idDeserial",,"warning","Deserialization method called: com.google.gson.Gson.fromJson","/frontend/server/src/test/java/org/pytorch/serve/ModelServerTest.java","273","30","273","96"
"idDeserial",,"warning","Deserialization method called: com.google.gson.Gson.fromJson","/frontend/server/src/test/java/org/pytorch/serve/ModelServerTest.java","302","17","302","88"
"idDeserial",,"warning","Deserialization method called: com.google.gson.Gson.fromJson","/frontend/server/src/test/java/org/pytorch/serve/ModelServerTest.java","369","17","369","93"
"idDeserial",,"warning","Deserialization method called: com.google.gson.Gson.fromJson","/frontend/server/src/test/java/org/pytorch/serve/ModelServerTest.java","426","31","426","98"
"idDeserial",,"warning","Deserialization method called: com.google.gson.Gson.fromJson","/frontend/server/src/test/java/org/pytorch/serve/ModelServerTest.java","451","31","451","98"
"idDeserial",,"warning","Deserialization method called: com.google.gson.Gson.fromJson","/frontend/server/src/test/java/org/pytorch/serve/ModelServerTest.java","488","21","488","88"
"idDeserial",,"warning","Deserialization method called: com.google.gson.Gson.fromJson","/frontend/server/src/test/java/org/pytorch/serve/ModelServerTest.java","520","21","520","88"
"idDeserial",,"warning","Deserialization method called: com.google.gson.Gson.fromJson","/frontend/server/src/test/java/org/pytorch/serve/SnapshotTest.java","415","29","415","93"
"idDeserial",,"warning","Deserialization method called: com.google.gson.Gson.fromJson","/frontend/server/src/test/java/org/pytorch/serve/ModelServerTest.java","891","17","891","93"
"idDeserial",,"warning","Deserialization method called: com.google.gson.Gson.fromJson","/frontend/server/src/test/java/org/pytorch/serve/ModelServerTest.java","1074","17","1074","93"
"idDeserial",,"warning","Deserialization method called: com.google.gson.Gson.fromJson","/frontend/server/src/test/java/org/pytorch/serve/WorkflowTest.java","86","17","86","90"
"idDeserial",,"warning","Deserialization method called: com.google.gson.Gson.fromJson","/frontend/server/src/test/java/org/pytorch/serve/ModelServerTest.java","1167","30","1167","96"
"idDeserial",,"warning","Deserialization method called: com.google.gson.Gson.fromJson","/frontend/server/src/test/java/org/pytorch/serve/WorkflowTest.java","101","17","101","96"
"idDeserial",,"warning","Deserialization method called: com.google.gson.Gson.fromJson","/frontend/server/src/test/java/org/pytorch/serve/WorkflowTest.java","140","31","140","98"
"idDeserial",,"warning","Deserialization method called: com.google.gson.Gson.fromJson","/frontend/server/src/test/java/org/pytorch/serve/ModelServerTest.java","1305","17","1305","84"
"idDeserial",,"warning","Deserialization method called: com.google.gson.Gson.fromJson","/frontend/server/src/test/java/org/pytorch/serve/WorkflowTest.java","184","30","184","96"
"idDeserial",,"warning","Deserialization method called: com.google.gson.Gson.fromJson","/frontend/server/src/test/java/org/pytorch/serve/WorkflowTest.java","203","30","203","96"
"idDeserial",,"warning","Deserialization method called: com.google.gson.Gson.fromJson","/frontend/server/src/test/java/org/pytorch/serve/WorkflowTest.java","233","30","233","96"
"idDeserial",,"warning","Deserialization method called: com.google.gson.Gson.fromJson","/frontend/server/src/test/java/org/pytorch/serve/WorkflowTest.java","257","30","257","96"
"idDeserial",,"warning","Deserialization method called: com.google.gson.Gson.fromJson","/frontend/server/src/test/java/org/pytorch/serve/WorkflowTest.java","282","30","282","96"
"idDeserial",,"warning","Deserialization method called: com.google.gson.Gson.fromJson","/frontend/server/src/test/java/org/pytorch/serve/WorkflowTest.java","305","30","305","96"
"idDeserial",,"warning","Deserialization method called: com.google.gson.Gson.fromJson","/frontend/server/src/test/java/org/pytorch/serve/WorkflowTest.java","328","30","328","96"
"idDeserial",,"warning","Deserialization method called: com.google.gson.Gson.fromJson","/frontend/server/src/test/java/org/pytorch/serve/ModelServerTest.java","1380","30","1380","96"
"idDeserial",,"warning","Deserialization method called: com.google.gson.Gson.fromJson","/frontend/server/src/test/java/org/pytorch/serve/ModelServerTest.java","1401","30","1401","96"
"idDeserial",,"warning","Deserialization method called: com.google.gson.Gson.fromJson","/frontend/server/src/test/java/org/pytorch/serve/WorkflowTest.java","343","30","343","96"
"idDeserial",,"warning","Deserialization method called: com.google.gson.Gson.fromJson","/frontend/server/src/test/java/org/pytorch/serve/WorkflowTest.java","358","30","358","96"
"idDeserial",,"warning","Deserialization method called: com.google.gson.Gson.fromJson","/frontend/server/src/test/java/org/pytorch/serve/ModelServerTest.java","1420","30","1420","96"
"idDeserial",,"warning","Deserialization method called: com.google.gson.Gson.fromJson","/frontend/server/src/test/java/org/pytorch/serve/WorkflowTest.java","377","30","377","96"
"idDeserial",,"warning","Deserialization method called: com.google.gson.Gson.fromJson","/frontend/server/src/test/java/org/pytorch/serve/ModelServerTest.java","1441","30","1441","96"
"idDeserial",,"warning","Deserialization method called: com.google.gson.Gson.fromJson","/frontend/server/src/test/java/org/pytorch/serve/ModelServerTest.java","1460","30","1460","96"
"idDeserial",,"warning","Deserialization method called: com.google.gson.Gson.fromJson","/frontend/server/src/test/java/org/pytorch/serve/ModelServerTest.java","1479","30","1479","96"
"idDeserial",,"warning","Deserialization method called: com.google.gson.Gson.fromJson","/frontend/server/src/test/java/org/pytorch/serve/ModelServerTest.java","1498","30","1498","96"
"idDeserial",,"warning","Deserialization method called: com.google.gson.Gson.fromJson","/frontend/server/src/test/java/org/pytorch/serve/WorkflowTest.java","423","30","423","96"
"idDeserial",,"warning","Deserialization method called: com.google.gson.Gson.fromJson","/frontend/server/src/test/java/org/pytorch/serve/ModelServerTest.java","1519","30","1519","96"
"idDeserial",,"warning","Deserialization method called: com.google.gson.Gson.fromJson","/frontend/server/src/test/java/org/pytorch/serve/ModelServerTest.java","1537","30","1537","96"
"idDeserial",,"warning","Deserialization method called: com.google.gson.Gson.fromJson","/frontend/server/src/test/java/org/pytorch/serve/ModelServerTest.java","1556","30","1556","96"
"idDeserial",,"warning","Deserialization method called: com.google.gson.Gson.fromJson","/frontend/server/src/test/java/org/pytorch/serve/WorkflowTest.java","490","30","490","96"
"idDeserial",,"warning","Deserialization method called: com.google.gson.Gson.fromJson","/frontend/server/src/test/java/org/pytorch/serve/ModelServerTest.java","1578","30","1578","96"
"idDeserial",,"warning","Deserialization method called: com.google.gson.Gson.fromJson","/frontend/server/src/test/java/org/pytorch/serve/WorkflowTest.java","504","31","504","98"
"idDeserial",,"warning","Deserialization method called: com.google.gson.Gson.fromJson","/frontend/server/src/test/java/org/pytorch/serve/ModelServerTest.java","1597","30","1597","96"
"idDeserial",,"warning","Deserialization method called: com.google.gson.Gson.fromJson","/frontend/server/src/test/java/org/pytorch/serve/WorkflowTest.java","517","31","517","98"
"idDeserial",,"warning","Deserialization method called: com.google.gson.Gson.fromJson","/frontend/server/src/test/java/org/pytorch/serve/ModelServerTest.java","1618","30","1618","96"
"idDeserial",,"warning","Deserialization method called: com.google.gson.Gson.fromJson","/frontend/server/src/test/java/org/pytorch/serve/ModelServerTest.java","1637","30","1637","96"
"idDeserial",,"warning","Deserialization method called: com.google.gson.Gson.fromJson","/frontend/server/src/test/java/org/pytorch/serve/ModelServerTest.java","1669","30","1669","96"
"idDeserial",,"warning","Deserialization method called: com.google.gson.Gson.fromJson","/frontend/server/src/test/java/org/pytorch/serve/ModelServerTest.java","1690","30","1690","96"
"idDeserial",,"warning","Deserialization method called: com.google.gson.Gson.fromJson","/frontend/server/src/test/java/org/pytorch/serve/ModelServerTest.java","1712","30","1712","96"
"idDeserial",,"warning","Deserialization method called: com.google.gson.Gson.fromJson","/frontend/server/src/test/java/org/pytorch/serve/ModelServerTest.java","1735","30","1735","96"
"idDeserial",,"warning","Deserialization method called: com.google.gson.Gson.fromJson","/frontend/server/src/test/java/org/pytorch/serve/ModelServerTest.java","1758","30","1758","96"
"idDeserial",,"warning","Deserialization method called: com.google.gson.Gson.fromJson","/frontend/server/src/test/java/org/pytorch/serve/ModelServerTest.java","1776","30","1776","96"
"idDeserial",,"warning","Deserialization method called: com.google.gson.Gson.fromJson","/frontend/server/src/test/java/org/pytorch/serve/ModelServerTest.java","1793","30","1793","96"
"idDeserial",,"warning","Deserialization method called: com.google.gson.Gson.fromJson","/frontend/server/src/test/java/org/pytorch/serve/ModelServerTest.java","1812","30","1812","96"
"idDeserial",,"warning","Deserialization method called: com.google.gson.Gson.fromJson","/frontend/server/src/test/java/org/pytorch/serve/ModelServerTest.java","1830","30","1830","96"
"idDeserial",,"warning","Deserialization method called: com.google.gson.Gson.fromJson","/frontend/server/src/test/java/org/pytorch/serve/ModelServerTest.java","1850","30","1850","96"
"idDeserial",,"warning","Deserialization method called: com.google.gson.Gson.fromJson","/frontend/server/src/test/java/org/pytorch/serve/ModelServerTest.java","1892","30","1892","96"
"idDeserial",,"warning","Deserialization method called: com.google.gson.Gson.fromJson","/frontend/server/src/test/java/org/pytorch/serve/ModelServerTest.java","2086","30","2086","96"
"idDeserial",,"warning","Deserialization method called: com.google.gson.Gson.fromJson","/frontend/server/src/test/java/org/pytorch/serve/ModelServerTest.java","2106","30","2106","96"
"idDeserial",,"warning","Deserialization method called: com.google.gson.Gson.fromJson","/frontend/server/src/test/java/org/pytorch/serve/ModelServerTest.java","2155","31","2155","98"
"idDeserial",,"warning","Deserialization method called: com.google.gson.Gson.fromJson","/frontend/server/src/test/java/org/pytorch/serve/ModelServerTest.java","2172","31","2172","98"
"idDeserial",,"warning","Deserialization method called: com.google.gson.Gson.fromJson","/frontend/server/src/test/java/org/pytorch/serve/ModelServerTest.java","2184","31","2184","98"
"idDeserial",,"warning","Deserialization method called: com.google.gson.Gson.fromJson","/frontend/server/src/test/java/org/pytorch/serve/ModelServerTest.java","2204","17","2204","93"
"idDeserial",,"warning","Deserialization method called: com.google.gson.Gson.fromJson","/frontend/server/src/test/java/org/pytorch/serve/ModelServerTest.java","2221","31","2221","98"
"idDeserial",,"warning","Deserialization method called: com.google.gson.Gson.fromJson","/frontend/server/src/test/java/org/pytorch/serve/ModelServerTest.java","2402","31","2402","98"
