"idDeserial",,"warning","Deserialization method called: java.io.ObjectInputStream.readObject","/logback-classic/src/main/java/ch/qos/logback/classic/joran/SerializedModelConfigurator.java","106","35","106","51"
"idDeserial",,"warning","Deserialization method called: java.io.ObjectInputStream.readObject","/logback-classic/src/main/java/ch/qos/logback/classic/net/SocketNode.java","83","41","83","84"
"idDeserial",,"warning","Deserialization method called: java.io.ObjectInputStream.readObject","/logback-classic/src/main/java/ch/qos/logback/classic/net/SocketReceiver.java","165","55","165","70"
"idDeserial",,"warning","Deserialization method called: java.io.ObjectInputStream.readObject","/logback-classic/src/main/java/ch/qos/logback/classic/net/server/RemoteAppenderStreamClient.java","96","55","96","70"
"idDeserial",,"warning","Deserialization method called: java.io.ObjectInputStream.readObject","/logback-classic/src/main/java/ch/qos/logback/classic/spi/LoggingEventVO.java","218","30","218","44"
"idDeserial",,"warning","Deserialization method called: java.io.ObjectInputStream.readObject","/logback-classic/src/test/java/ch/qos/logback/classic/LoggerSerializationTest.java","136","16","136","39"
"idDeserial",,"warning","Deserialization method called: java.io.ObjectInputStream.readObject","/logback-classic/src/test/java/ch/qos/logback/classic/LoggerSerializationTest.java","151","29","151","44"
"idDeserial",,"warning","Deserialization method called: java.io.ObjectInputStream.readObject","/logback-classic/src/test/java/ch/qos/logback/classic/LoggerSerializationTest.java","165","29","165","44"
"idDeserial",,"warning","Deserialization method called: java.io.ObjectInputStream.readObject","/logback-classic/src/test/java/ch/qos/logback/classic/joran/JoranConfiguratorTest.java","754","31","754","47"
"idDeserial",,"warning","Deserialization method called: java.io.ObjectInputStream.readObject","/logback-classic/src/test/java/ch/qos/logback/classic/joran/serializedModel/ModelSerializationTest.java","70","33","70","56"
"idDeserial",,"warning","Deserialization method called: java.io.ObjectInputStream.readObject","/logback-classic/src/test/java/ch/qos/logback/classic/spi/LoggingEventSerializationTest.java","125","54","125","77"
"idDeserial",,"warning","Deserialization method called: java.io.ObjectInputStream.readObject","/logback-classic/src/test/java/ch/qos/logback/classic/spi/LoggingEventSerializationTest.java","124","9","124","32"
"idDeserial",,"warning","Deserialization method called: java.io.ObjectInputStream.readObject","/logback-classic/src/test/java/ch/qos/logback/classic/spi/LoggingEventSerializationTest.java","255","32","255","55"
"idDeserial",,"warning","Deserialization method called: java.io.ObjectInputStream.readObject","/logback-classic/src/test/java/ch/qos/logback/classic/spi/PubLoggingEventVO.java","191","30","191","44"
"idDeserial",,"warning","Deserialization method called: java.io.ObjectInputStream.readObject","/logback-core/src/test/java/ch/qos/logback/core/net/AbstractSocketAppenderIntegrationTest.java","100","34","100","49"
"idDeserial",,"warning","Deserialization method called: java.io.ObjectInputStream.readObject","/logback-core/src/test/java/ch/qos/logback/core/net/HardenedObjectInputStreamTest.java","50","39","50","62"
"idDeserial",,"warning","Deserialization method called: java.io.ObjectInputStream.readObject","/logback-core/src/test/java/ch/qos/logback/core/net/HardenedObjectInputStreamTest.java","66","61","66","84"
"idDeserial",,"warning","Deserialization method called: java.io.ObjectInputStream.readObject","/logback-core/src/test/java/ch/qos/logback/core/net/server/RemoteReceiverStreamClientTest.java","61","45","61","60"
"idDeserial",,"warning","Deserialization method called: java.io.ObjectInputStream.readObject","/logback-core/src/test/java/ch/qos/logback/core/net/server/RemoteReceiverStreamClientTest.java","77","53","77","68"
"idDeserial",,"warning","Deserialization method called: java.io.ObjectInputStream.readObject","/logback-core/src/test/java/ch/qos/logback/core/net/server/ServerSocketAppenderBaseFunctionalTest.java","76","53","76","68"
