"idDeserial",,"warning","Deserialization method called: com.fasterxml.jackson.databind.ObjectMapper.readValue","/bistoury-attach-common/src/main/java/qunar/tc/bistoury/attach/common/AttachJacksonSerializer.java","73","20","73","51"
"idDeserial",,"warning","Deserialization method called: com.fasterxml.jackson.databind.ObjectMapper.readValue","/bistoury-attach-common/src/main/java/qunar/tc/bistoury/attach/common/AttachJacksonSerializer.java","82","20","82","51"
"idDeserial",,"warning","Deserialization method called: com.fasterxml.jackson.databind.ObjectMapper.readValue","/bistoury-attach-common/src/main/java/qunar/tc/bistoury/attach/common/AttachJacksonSerializer.java","91","20","91","59"
"idDeserial",,"warning","Deserialization method called: com.fasterxml.jackson.databind.ObjectMapper.readValue","/bistoury-attach-common/src/main/java/qunar/tc/bistoury/attach/common/AttachJacksonSerializer.java","100","20","100","59"
"idDeserial",,"warning","Deserialization method called: com.fasterxml.jackson.databind.ObjectMapper.readValue","/bistoury-attach-common/src/main/java/qunar/tc/bistoury/attach/common/AttachJacksonSerializer.java","109","20","109","46"
"idDeserial",,"warning","Deserialization method called: com.fasterxml.jackson.databind.ObjectMapper.readValue","/bistoury-attach-common/src/main/java/qunar/tc/bistoury/attach/common/AttachJacksonSerializer.java","118","20","118","54"
"idDeserial",,"warning","Deserialization method called: com.fasterxml.jackson.databind.ObjectMapper.readValue","/bistoury-commands/src/main/java/qunar/tc/bistoury/commands/monitor/QMonitorStore.java","234","24","234","70"
"idDeserial",,"warning","Deserialization method called: com.fasterxml.jackson.databind.ObjectMapper.readValue","/bistoury-common/src/main/java/qunar/tc/bistoury/common/JacksonSerializer.java","73","20","73","51"
"idDeserial",,"warning","Deserialization method called: com.fasterxml.jackson.databind.ObjectMapper.readValue","/bistoury-common/src/main/java/qunar/tc/bistoury/common/JacksonSerializer.java","82","20","82","51"
"idDeserial",,"warning","Deserialization method called: com.fasterxml.jackson.databind.ObjectMapper.readValue","/bistoury-common/src/main/java/qunar/tc/bistoury/common/JacksonSerializer.java","91","20","91","59"
"idDeserial",,"warning","Deserialization method called: com.fasterxml.jackson.databind.ObjectMapper.readValue","/bistoury-common/src/main/java/qunar/tc/bistoury/common/JacksonSerializer.java","100","20","100","59"
"idDeserial",,"warning","Deserialization method called: com.fasterxml.jackson.databind.ObjectMapper.readValue","/bistoury-common/src/main/java/qunar/tc/bistoury/common/JacksonSerializer.java","109","20","109","46"
"idDeserial",,"warning","Deserialization method called: com.fasterxml.jackson.databind.ObjectMapper.readValue","/bistoury-common/src/main/java/qunar/tc/bistoury/common/JacksonSerializer.java","118","20","118","54"
