"idDeserial",,"warning","Deserialization method called: com.fasterxml.jackson.databind.ObjectMapper.readValue","/reactor-netty-core/src/test/java/reactor/netty/NativeConfigTest.java","44","62","44","97"
"idDeserial",,"warning","Deserialization method called: com.fasterxml.jackson.databind.ObjectMapper.readValue","/reactor-netty-core/src/test/java/reactor/netty/tcp/TcpServerTests.java","144","21","144","47"
"idDeserial",,"warning","Deserialization method called: com.fasterxml.jackson.databind.ObjectMapper.readValue","/reactor-netty-core/src/test/java/reactor/netty/tcp/TcpServerTests.java","562","12","562","42"
"idDeserial",,"warning","Deserialization method called: com.fasterxml.jackson.databind.ObjectMapper.readValue","/reactor-netty-core/src/test/java/reactor/netty/tcp/TcpServerTests.java","618","12","618","44"
"idDeserial",,"warning","Deserialization method called: com.fasterxml.jackson.databind.ObjectMapper.readValue","/reactor-netty-core/src/test/java/reactor/netty/tcp/TcpServerTests.java","687","12","687","44"
"idDeserial",,"warning","Deserialization method called: com.fasterxml.jackson.databind.ObjectMapper.readValue","/reactor-netty-http/src/test/java/reactor/netty/NativeConfigTest.java","44","62","44","97"
