"idDeserial",,"warning","Deserialization method called: com.fasterxml.jackson.databind.ObjectMapper.readValue","/telegrambots-abilities/src/main/java/org/telegram/telegrambots/abilitybots/api/db/MapDBContext.java","117","40","118","8"
"idDeserial",,"warning","Deserialization method called: com.fasterxml.jackson.databind.ObjectMapper.readValue","/telegrambots-meta/src/main/java/org/telegram/telegrambots/meta/api/methods/StopMessageLiveLocation.java","77","43","78","64"
"idDeserial",,"warning","Deserialization method called: com.fasterxml.jackson.databind.ObjectMapper.readValue","/telegrambots-meta/src/main/java/org/telegram/telegrambots/meta/api/methods/StopMessageLiveLocation.java","86","47","88","26"
"idDeserial",,"warning","Deserialization method called: com.fasterxml.jackson.databind.ObjectMapper.readValue","/telegrambots-meta/src/main/java/org/telegram/telegrambots/meta/api/methods/botapimethods/PartialBotApiMethod.java","57","37","57","81"
"idDeserial",,"warning","Deserialization method called: com.fasterxml.jackson.databind.ObjectMapper.readValue","/telegrambots-meta/src/main/java/org/telegram/telegrambots/meta/api/methods/updatingmessages/EditMessageMedia.java","94","43","95","64"
"idDeserial",,"warning","Deserialization method called: com.fasterxml.jackson.databind.ObjectMapper.readValue","/telegrambots-meta/src/main/java/org/telegram/telegrambots/meta/api/methods/updatingmessages/EditMessageMedia.java","103","47","105","26"
"idDeserial",,"warning","Deserialization method called: com.fasterxml.jackson.databind.ObjectMapper.readValue","/telegrambots-meta/src/main/java/org/telegram/telegrambots/meta/api/objects/inlinequery/inputmessagecontent/serialization/InputMessageContentDeserializer.java","34","20","35","99"
"idDeserial",,"warning","Deserialization method called: com.fasterxml.jackson.databind.ObjectMapper.readValue","/telegrambots-meta/src/main/java/org/telegram/telegrambots/meta/api/objects/inlinequery/inputmessagecontent/serialization/InputMessageContentDeserializer.java","40","20","41","100"
"idDeserial",,"warning","Deserialization method called: com.fasterxml.jackson.databind.ObjectMapper.readValue","/telegrambots-meta/src/main/java/org/telegram/telegrambots/meta/api/objects/inlinequery/inputmessagecontent/serialization/InputMessageContentDeserializer.java","46","20","47","103"
"idDeserial",,"warning","Deserialization method called: com.fasterxml.jackson.databind.ObjectMapper.readValue","/telegrambots-meta/src/main/java/org/telegram/telegrambots/meta/api/objects/inlinequery/inputmessagecontent/serialization/InputMessageContentDeserializer.java","51","20","52","102"
"idDeserial",,"warning","Deserialization method called: com.fasterxml.jackson.databind.ObjectMapper.readValue","/telegrambots-meta/src/main/java/org/telegram/telegrambots/meta/api/objects/inlinequery/inputmessagecontent/serialization/InputMessageContentDeserializer.java","56","20","57","102"
"idDeserial",,"warning","Deserialization method called: com.fasterxml.jackson.databind.ObjectMapper.readValue","/telegrambots-meta/src/test/java/org/telegram/telegrambots/meta/api/objects/boost/TestChatBoostSource.java","34","36","34","83"
"idDeserial",,"warning","Deserialization method called: com.fasterxml.jackson.databind.ObjectMapper.readValue","/telegrambots-meta/src/test/java/org/telegram/telegrambots/meta/api/objects/boost/TestChatBoostSource.java","53","37","53","85"
"idDeserial",,"warning","Deserialization method called: com.fasterxml.jackson.databind.ObjectMapper.readValue","/telegrambots-meta/src/test/java/org/telegram/telegrambots/meta/api/objects/boost/TestChatBoostSource.java","70","33","70","77"
"idDeserial",,"warning","Deserialization method called: com.fasterxml.jackson.databind.ObjectMapper.readValue","/telegrambots-meta/src/test/java/org/telegram/telegrambots/meta/api/objects/games/TestAnimation.java","47","35","47","73"
"idDeserial",,"warning","Deserialization method called: com.fasterxml.jackson.databind.ObjectMapper.readValue","/telegrambots-meta/src/test/java/org/telegram/telegrambots/meta/api/objects/message/TestMaybeInaccessibleMessage.java","33","44","33","97"
"idDeserial",,"warning","Deserialization method called: com.fasterxml.jackson.databind.ObjectMapper.readValue","/telegrambots-meta/src/test/java/org/telegram/telegrambots/meta/api/objects/message/TestMaybeInaccessibleMessage.java","38","45","38","99"
"idDeserial",,"warning","Deserialization method called: com.fasterxml.jackson.databind.ObjectMapper.readValue","/telegrambots-meta/src/test/java/org/telegram/telegrambots/meta/test/TestDeserialization.java","480","25","480","86"
"idDeserial",,"warning","Deserialization method called: com.fasterxml.jackson.databind.ObjectMapper.readValue","/telegrambots-meta/src/test/java/org/telegram/telegrambots/meta/test/TestDeserialization.java","486","25","486","112"
"idDeserial",,"warning","Deserialization method called: com.fasterxml.jackson.databind.ObjectMapper.readValue","/telegrambots-meta/src/test/java/org/telegram/telegrambots/meta/test/TestDeserialization.java","496","49","496","165"
"idDeserial",,"warning","Deserialization method called: com.fasterxml.jackson.databind.ObjectMapper.readValue","/telegrambots-meta/src/test/java/org/telegram/telegrambots/meta/test/TestDeserialization.java","505","49","505","162"
"idDeserial",,"warning","Deserialization method called: com.fasterxml.jackson.databind.ObjectMapper.readValue","/telegrambots-meta/src/test/java/org/telegram/telegrambots/meta/test/TestSerialization.java","43","29","43","65"
"idDeserial",,"warning","Deserialization method called: com.fasterxml.jackson.databind.ObjectMapper.readValue","/telegrambots-meta/src/test/java/org/telegram/telegrambots/meta/test/apimethods/TestAnswerInlineQuery.java","163","52","163","116"
