"idDeserial",,"warning","Deserialization method called: com.google.gson.Gson.fromJson","/cache/src/main/java/net/runelite/cache/util/XteaKeyManager.java","47","21","48","109"
"idDeserial",,"warning","Deserialization method called: com.google.gson.Gson.fromJson","/runelite-client/src/main/java/net/runelite/client/RuntimeConfigLoader.java","95","26","95","80"
"idDeserial",,"warning","Deserialization method called: com.google.gson.Gson.fromJson","/runelite-client/src/main/java/net/runelite/client/RuntimeConfigLoader.java","123","29","123","104"
"idDeserial",,"warning","Deserialization method called: com.google.gson.Gson.fromJson","/runelite-client/src/main/java/net/runelite/client/SessionClient.java","72","11","72","86"
"idDeserial",,"warning","Deserialization method called: com.google.gson.Gson.fromJson","/runelite-client/src/main/java/net/runelite/client/account/AccountClient.java","80","11","80","95"
"idDeserial",,"warning","Deserialization method called: com.google.gson.Gson.fromJson","/runelite-client/src/main/java/net/runelite/client/account/SessionManager.java","101","14","101","99"
"idDeserial",,"warning","Deserialization method called: com.google.gson.Gson.fromJson","/runelite-client/src/main/java/net/runelite/client/chat/ChatClient.java","191","11","191","86"
"idDeserial",,"warning","Deserialization method called: com.google.gson.Gson.fromJson","/runelite-client/src/main/java/net/runelite/client/chat/ChatClient.java","328","11","328","87"
"idDeserial",,"warning","Deserialization method called: com.google.gson.Gson.fromJson","/runelite-client/src/main/java/net/runelite/client/chat/ChatClient.java","375","11","375","94"
"idDeserial",,"warning","Deserialization method called: com.google.gson.Gson.fromJson","/runelite-client/src/main/java/net/runelite/client/chat/ChatClient.java","423","11","424","46"
"idDeserial",,"warning","Deserialization method called: com.google.gson.Gson.fromJson","/runelite-client/src/main/java/net/runelite/client/config/ConfigClient.java","100","11","100","80"
"idDeserial",,"warning","Deserialization method called: com.google.gson.Gson.fromJson","/runelite-client/src/main/java/net/runelite/client/config/ConfigClient.java","126","11","126","95"
"idDeserial",,"warning","Deserialization method called: com.google.gson.Gson.fromJson","/runelite-client/src/main/java/net/runelite/client/config/ConfigClient.java","184","23","184","137"
"idDeserial",,"warning","Deserialization method called: com.google.gson.Gson.fromJson","/runelite-client/src/main/java/net/runelite/client/config/ConfigManager.java","1236","12","1236","48"
"idDeserial",,"warning","Deserialization method called: com.google.gson.Gson.fromJson","/runelite-client/src/main/java/net/runelite/client/config/Notification.java","89","10","89","45"
"idDeserial",,"warning","Deserialization method called: com.google.gson.Gson.fromJson","/runelite-client/src/main/java/net/runelite/client/config/ProfileManager.java","89","12","89","91"
"idDeserial",,"warning","Deserialization method called: com.google.gson.Gson.fromJson","/runelite-client/src/main/java/net/runelite/client/externalplugins/ExternalPluginClient.java","120","11","120","72"
"idDeserial",,"warning","Deserialization method called: com.google.gson.Gson.fromJson","/runelite-client/src/main/java/net/runelite/client/externalplugins/ExternalPluginClient.java","221","11","221","95"
"idDeserial",,"warning","Deserialization method called: com.google.gson.Gson.fromJson","/runelite-client/src/main/java/net/runelite/client/externalplugins/PluginHubClassLoader.java","57","16","57","109"
"idDeserial",,"warning","Deserialization method called: com.google.gson.Gson.fromJson","/runelite-client/src/main/java/net/runelite/client/game/ItemClient.java","89","11","89","93"
"idDeserial",,"warning","Deserialization method called: com.google.gson.Gson.fromJson","/runelite-client/src/main/java/net/runelite/client/game/ItemClient.java","124","11","124","85"
"idDeserial",,"warning","Deserialization method called: com.google.gson.Gson.fromJson","/runelite-client/src/main/java/net/runelite/client/game/ItemVariationMapping.java","60","21","60","114"
"idDeserial",,"warning","Deserialization method called: com.google.gson.Gson.fromJson","/runelite-client/src/main/java/net/runelite/client/game/NpcInfoClient.java","84","11","84","85"
"idDeserial",,"warning","Deserialization method called: com.google.gson.Gson.fromJson","/runelite-client/src/main/java/net/runelite/client/game/WorldClient.java","70","11","70","105"
"idDeserial",,"warning","Deserialization method called: com.google.gson.Gson.fromJson","/runelite-client/src/main/java/net/runelite/client/hiscore/HiscoreClient.java","135","22","135","87"
"idDeserial",,"warning","Deserialization method called: com.google.gson.Gson.fromJson","/runelite-client/src/main/java/net/runelite/client/party/WSClient.java","236","16","236","83"
"idDeserial",,"warning","Deserialization method called: com.google.gson.Gson.fromJson","/runelite-client/src/main/java/net/runelite/client/plugins/chatcommands/ChatCommandsPlugin.java","369","14","369","79"
"idDeserial",,"warning","Deserialization method called: com.google.gson.Gson.fromJson","/runelite-client/src/main/java/net/runelite/client/plugins/chatcommands/ChatCommandsPlugin.java","397","14","397","83"
"idDeserial",,"warning","Deserialization method called: com.google.gson.Gson.fromJson","/runelite-client/src/main/java/net/runelite/client/plugins/grandexchange/GrandExchangePlugin.java","254","10","254","47"
"idDeserial",,"warning","Deserialization method called: com.google.gson.Gson.fromJson","/runelite-client/src/main/java/net/runelite/client/plugins/grandexchange/GrandExchangePlugin.java","278","21","278","48"
"idDeserial",,"warning","Deserialization method called: com.google.gson.Gson.fromJson","/runelite-client/src/main/java/net/runelite/client/plugins/groundmarkers/GroundMarkerPlugin.java","138","10","138","82"
"idDeserial",,"warning","Deserialization method called: com.google.gson.Gson.fromJson","/runelite-client/src/main/java/net/runelite/client/plugins/groundmarkers/GroundMarkerSharingManager.java","157","19","157","100"
"idDeserial",,"warning","Deserialization method called: com.google.gson.Gson.fromJson","/runelite-client/src/main/java/net/runelite/client/plugins/inventorytags/InventoryTagsPlugin.java","118","10","118","38"
"idDeserial",,"warning","Deserialization method called: com.google.gson.Gson.fromJson","/runelite-client/src/main/java/net/runelite/client/plugins/loottracker/LootTrackerPlugin.java","487","19","487","55"
"idDeserial",,"warning","Deserialization method called: com.google.gson.Gson.fromJson","/runelite-client/src/main/java/net/runelite/client/plugins/loottracker/LootTrackerPlugin.java","1593","10","1593","46"
"idDeserial",,"warning","Deserialization method called: com.google.gson.Gson.fromJson","/runelite-client/src/main/java/net/runelite/client/plugins/objectindicators/ObjectIndicatorsPlugin.java","661","29","663","14"
"idDeserial",,"warning","Deserialization method called: com.google.gson.Gson.fromJson","/runelite-client/src/main/java/net/runelite/client/plugins/roofremoval/RoofRemovalPlugin.java","225","45","225","69"
"idDeserial",,"warning","Deserialization method called: com.google.gson.Gson.fromJson","/runelite-client/src/main/java/net/runelite/client/plugins/screenmarkers/ScreenMarkerPlugin.java","285","47","287","14"
"idDeserial",,"warning","Deserialization method called: com.google.gson.Gson.fromJson","/runelite-client/src/main/java/net/runelite/client/plugins/timetracking/clocks/ClockManager.java","186","31","188","15"
"idDeserial",,"warning","Deserialization method called: com.google.gson.Gson.fromJson","/runelite-client/src/main/java/net/runelite/client/plugins/timetracking/clocks/ClockManager.java","202","40","204","15"
"idDeserial",,"warning","Deserialization method called: com.google.gson.Gson.fromJson","/runelite-client/src/main/java/net/runelite/client/plugins/wiki/WikiDpsManager.java","428","32","428","99"
"idDeserial",,"warning","Deserialization method called: com.google.gson.Gson.fromJson","/runelite-client/src/main/java/net/runelite/client/plugins/wiki/WikiSearchChatboxTextInput.java","141","36","143","19"
"idDeserial",,"warning","Deserialization method called: com.google.gson.Gson.fromJson","/runelite-client/src/main/java/net/runelite/client/plugins/xtea/XteaClient.java","117","11","117","120"
"idDeserial",,"warning","Deserialization method called: com.google.gson.Gson.fromJson","/runelite-client/src/main/java/net/runelite/client/plugins/xtea/XteaClient.java","140","11","140","89"
"idDeserial",,"warning","Deserialization method called: com.google.gson.Gson.fromJson","/runelite-client/src/main/java/net/runelite/client/plugins/xtea/XteaPlugin.java","91","11","94","16"
