"idDeserial",,"warning","Deserialization method called: com.google.gson.Gson.fromJson","/poi-tl-jsonmodel-support/src/main/java/com/deepoove/poi/jsonmodel/support/GsonHandler.java","32","16","32","63"
"idDeserial",,"warning","Deserialization method called: com.google.gson.Gson.fromJson","/poi-tl-jsonmodel-support/src/main/java/com/deepoove/poi/jsonmodel/support/GsonHandler.java","36","16","36","64"
"idDeserial",,"warning","Deserialization method called: com.google.gson.Gson.fromJson","/poi-tl-jsonmodel-support/src/main/java/com/deepoove/poi/jsonmodel/support/GsonHandler.java","40","16","40","46"
"idDeserial",,"warning","Deserialization method called: com.google.gson.Gson.fromJson","/poi-tl-jsonmodel-support/src/main/java/com/deepoove/poi/jsonmodel/support/GsonHandler.java","44","16","44","47"
"idDeserial",,"warning","Deserialization method called: com.google.gson.Gson.fromJson","/poi-tl-jsonmodel-support/src/test/java/com/deepoove/poi/jsonmodel/support/SerializableJsonTest.java","205","16","205","57"
"idDeserial",,"warning","Deserialization method called: com.google.gson.Gson.fromJson","/poi-tl-jsonmodel-support/src/test/java/com/deepoove/poi/jsonmodel/support/SerializableJsonTest.java","209","16","209","66"
