"idDeserial",,"warning","Deserialization method called: com.fasterxml.jackson.databind.ObjectMapper.readValue","/sm-core/src/main/java/com/salesmanager/core/business/modules/integration/shipping/impl/CustomWeightBasedShippingQuote.java","70","13","70","76"
"idDeserial",,"warning","Deserialization method called: com.fasterxml.jackson.databind.ObjectMapper.readValue","/sm-core/src/main/java/com/salesmanager/core/business/services/payments/TransactionServiceImpl.java","60","36","60","88"
"idDeserial",,"warning","Deserialization method called: com.fasterxml.jackson.databind.ObjectMapper.readValue","/sm-core/src/main/java/com/salesmanager/core/business/services/payments/TransactionServiceImpl.java","129","36","129","88"
"idDeserial",,"warning","Deserialization method called: com.fasterxml.jackson.databind.ObjectMapper.readValue","/sm-core/src/main/java/com/salesmanager/core/business/services/payments/TransactionServiceImpl.java","192","34","192","91"
"idDeserial",,"warning","Deserialization method called: com.fasterxml.jackson.databind.ObjectMapper.readValue","/sm-core/src/main/java/com/salesmanager/core/business/services/reference/loader/ConfigurationModulesLoader.java","61","29","61","64"
"idDeserial",,"warning","Deserialization method called: com.fasterxml.jackson.databind.ObjectMapper.readValue","/sm-core/src/main/java/com/salesmanager/core/business/services/reference/loader/IntegrationModulesLoader.java","39","20","39","52"
"idDeserial",,"warning","Deserialization method called: com.fasterxml.jackson.databind.ObjectMapper.readValue","/sm-core/src/main/java/com/salesmanager/core/business/services/reference/loader/ZonesLoader.java","84","32","84","62"
"idDeserial",,"warning","Deserialization method called: com.fasterxml.jackson.databind.ObjectMapper.readValue","/sm-core/src/main/java/com/salesmanager/core/business/services/reference/loader/ZonesLoader.java","162","31","162","61"
"idDeserial",,"warning","Deserialization method called: com.fasterxml.jackson.databind.ObjectMapper.readValue","/sm-core/src/main/java/com/salesmanager/core/business/services/shipping/ShippingServiceImpl.java","129","29","129","80"
"idDeserial",,"warning","Deserialization method called: com.fasterxml.jackson.databind.ObjectMapper.readValue","/sm-core/src/main/java/com/salesmanager/core/business/services/system/EmailServiceImpl.java","44","19","44","60"
"idDeserial",,"warning","Deserialization method called: com.fasterxml.jackson.databind.ObjectMapper.readValue","/sm-core/src/main/java/com/salesmanager/core/business/services/system/MerchantConfigurationServiceImpl.java","78","14","78","58"
"idDeserial",,"warning","Deserialization method called: com.fasterxml.jackson.databind.ObjectMapper.readValue","/sm-core/src/main/java/com/salesmanager/core/business/services/system/ModuleConfigurationServiceImpl.java","172","17","172","49"
"idDeserial",,"warning","Deserialization method called: com.fasterxml.jackson.databind.ObjectMapper.readValue","/sm-core/src/main/java/com/salesmanager/core/business/services/tax/TaxServiceImpl.java","65","24","65","70"
"idDeserial",,"warning","Deserialization method called: com.fasterxml.jackson.databind.ObjectMapper.readValue","/sm-core/src/test/java/com/salesmanager/test/utils/ImportIntegrationModule.java","56","20","56","52"
"idDeserial",,"warning","Deserialization method called: com.fasterxml.jackson.databind.ObjectMapper.readValue","/sm-core/src/test/java/com/salesmanager/test/utils/ImportIntegrationModule.java","100","20","100","52"
"idDeserial",,"warning","Deserialization method called: com.fasterxml.jackson.databind.ObjectMapper.readValue","/sm-shop/src/main/java/com/salesmanager/shop/utils/CaptchaRequestUtils.java","88","13","89","53"
