"idDeserial",,"warning","Deserialization method called: com.google.gson.Gson.fromJson","/app/src/extra/java/free/rm/skytube/gui/fragments/ChromecastBaseControllerFragment.java","113","16","113","140"
"idDeserial",,"warning","Deserialization method called: com.google.gson.Gson.fromJson","/app/src/main/java/free/rm/skytube/businessobjects/db/BookmarksDb.java","182","29","182","79"
"idDeserial",,"warning","Deserialization method called: com.google.gson.Gson.fromJson","/app/src/main/java/free/rm/skytube/businessobjects/db/BookmarksDb.java","284","26","284","69"
"idDeserial",,"warning","Deserialization method called: com.google.gson.Gson.fromJson","/app/src/main/java/free/rm/skytube/businessobjects/db/DownloadedVideosDb.java","215","30","215","69"
"idDeserial",,"warning","Deserialization method called: com.google.gson.Gson.fromJson","/app/src/main/java/free/rm/skytube/businessobjects/db/DownloadedVideosDb.java","243","42","243","85"
"idDeserial",,"warning","Deserialization method called: com.google.gson.Gson.fromJson","/app/src/main/java/free/rm/skytube/businessobjects/db/SubscriptionsDb.java","186","38","186","81"
"idDeserial",,"warning","Deserialization method called: com.google.gson.Gson.fromJson","/app/src/main/java/free/rm/skytube/gui/businessobjects/preferences/BackupDatabases.java","161","38","161","85"
