"idDeserial",,"warning","Deserialization method called: com.fasterxml.jackson.databind.ObjectMapper.readValue","/Core/src/com/basistech/df/cybertriage/autopsy/ctapi/CTCloudHttpClient.java","164","49","164","86"
"idDeserial",,"warning","Deserialization method called: com.fasterxml.jackson.databind.ObjectMapper.readValue","/Core/src/com/basistech/df/cybertriage/autopsy/ctapi/util/LicenseDecryptorUtil.java","99","53","99","129"
"idDeserial",,"warning","Deserialization method called: com.fasterxml.jackson.databind.ObjectMapper.readValue","/Core/src/com/basistech/df/cybertriage/autopsy/ctoptions/ctcloud/CTLicensePersistence.java","74","45","74","102"
"idDeserial",,"warning","Deserialization method called: com.fasterxml.jackson.databind.ObjectMapper.readValue","/Core/src/com/basistech/df/cybertriage/autopsy/incidentoptions/CTSettingsPersistence.java","70","28","70","81"
"idDeserial",,"warning","Deserialization method called: com.google.gson.Gson.fromJson","/Core/src/org/sleuthkit/autopsy/casemodule/services/TagSetDefinition.java","108","32","108","76"
"idDeserial",,"warning","Deserialization method called: java.io.ObjectInputStream.readObject","/Core/src/org/sleuthkit/autopsy/ingest/IngestJobSettings.java","570","60","570","74"
"idDeserial",,"warning","Deserialization method called: com.google.gson.Gson.fromJson","/Core/src/org/sleuthkit/autopsy/integrationtesting/config/ConfigDeserializer.java","168","16","168","48"
"idDeserial",,"warning","Deserialization method called: com.fasterxml.jackson.databind.ObjectMapper.readValue","/Core/src/org/sleuthkit/autopsy/integrationtesting/config/ConfigDeserializer.java","199","28","199","75"
"idDeserial",,"warning","Deserialization method called: com.fasterxml.jackson.databind.ObjectMapper.readValue","/Core/src/org/sleuthkit/autopsy/integrationtesting/config/ConfigDeserializer.java","249","76","249","129"
"idDeserial",,"warning","Deserialization method called: com.google.gson.Gson.fromJson","/Core/src/org/sleuthkit/autopsy/logicalimager/configuration/ConfigVisualPanel1.java","406","48","406","95"
"idDeserial",,"warning","Deserialization method called: java.io.ObjectInputStream.readObject","/Core/src/org/sleuthkit/autopsy/modules/fileextmismatch/FileExtMismatchSettings.java","107","93","107","107"
"idDeserial",,"warning","Deserialization method called: java.io.ObjectInputStream.readObject","/Core/src/org/sleuthkit/autopsy/modules/filetypeid/CustomFileTypesManager.java","410","97","410","111"
"idDeserial",,"warning","Deserialization method called: java.io.ObjectInputStream.readObject","/Core/src/org/sleuthkit/autopsy/modules/hashdatabase/HashLookupSettings.java","148","77","148","91"
"idDeserial",,"warning","Deserialization method called: java.io.ObjectInputStream.readObject","/Core/src/org/sleuthkit/autopsy/modules/interestingitems/FileSetsDefinitions.java","91","83","91","97"
"idDeserial",,"warning","Deserialization method called: java.io.ObjectInputStream.readObject","/Core/src/org/sleuthkit/autopsy/modules/interestingitems/InterestingItemsFilesSetSettings.java","139","109","139","123"
"idDeserial",,"warning","Deserialization method called: java.io.ObjectInputStream.readObject","/Core/src/org/sleuthkit/autopsy/report/infrastructure/ReportingConfigLoader.java","109","65","109","79"
"idDeserial",,"warning","Deserialization method called: java.io.ObjectInputStream.readObject","/Core/src/org/sleuthkit/autopsy/report/infrastructure/ReportingConfigLoader.java","117","63","117","77"
"idDeserial",,"warning","Deserialization method called: java.io.ObjectInputStream.readObject","/Core/src/org/sleuthkit/autopsy/report/infrastructure/ReportingConfigLoader.java","124","69","124","83"
"idDeserial",,"warning","Deserialization method called: java.io.ObjectInputStream.readObject","/Core/src/org/sleuthkit/autopsy/report/infrastructure/ReportingConfigLoader.java","133","63","133","77"
"idDeserial",,"warning","Deserialization method called: java.io.ObjectInputStream.readObject","/Core/src/org/sleuthkit/autopsy/report/infrastructure/ReportingConfigLoader.java","151","71","151","85"
"idDeserial",,"warning","Deserialization method called: com.fasterxml.jackson.databind.ObjectMapper.readValue","/Core/src/org/sleuthkit/autopsy/url/analytics/domaincategorization/WebCategoriesDataModel.java","283","67","284","10"
"idDeserial",,"warning","Deserialization method called: java.io.ObjectInputStream.readObject","/Experimental/src/org/sleuthkit/autopsy/experimental/autoingest/FileExportSettings.java","91","68","91","82"
