"idDeserial",,"warning","Deserialization method called: com.fasterxml.jackson.databind.ObjectMapper.readValue","/codec/codec-jackson/src/main/java/com/alipay/sofa/rpc/codec/jackson/JacksonSerializer.java","218","26","218","62"
"idDeserial",,"warning","Deserialization method called: com.fasterxml.jackson.databind.ObjectMapper.readValue","/codec/codec-jackson/src/main/java/com/alipay/sofa/rpc/codec/jackson/JacksonSerializer.java","304","31","304","77"
"idDeserial",,"warning","Deserialization method called: com.fasterxml.jackson.databind.ObjectMapper.readValue","/codec/codec-jackson/src/main/java/com/alipay/sofa/rpc/codec/jackson/JacksonSerializer.java","313","35","313","88"
"idDeserial",,"warning","Deserialization method called: com.fasterxml.jackson.databind.ObjectMapper.readValue","/codec/codec-jackson/src/main/java/com/alipay/sofa/rpc/codec/jackson/JacksonSerializer.java","324","27","324","73"
"idDeserial",,"warning","Deserialization method called: com.fasterxml.jackson.databind.ObjectMapper.readValue","/codec/codec-jackson/src/main/java/com/alipay/sofa/rpc/codec/jackson/JacksonSerializer.java","385","26","385","65"
"idDeserial",,"warning","Deserialization method called: com.fasterxml.jackson.databind.ObjectMapper.readValue","/test/test-integration/src/test/java/com/alipay/sofa/rpc/server/http/Http1ServerTest.java","322","33","322","72"
"idDeserial",,"warning","Deserialization method called: com.fasterxml.jackson.databind.ObjectMapper.readValue","/test/test-integration/src/test/java/com/alipay/sofa/rpc/server/http/Http1ServerTest.java","343","33","343","72"
