"idDeserial",,"warning","Deserialization method called: com.fasterxml.jackson.databind.ObjectMapper.readValue","/jraft-example/src/main/java/com/alipay/sofa/jraft/benchmark/Yaml.java","41","20","41","77"
"idDeserial",,"warning","Deserialization method called: java.io.ObjectInputStream.readObject","/jraft-rheakv/rheakv-core/src/main/java/com/alipay/sofa/jraft/rhea/util/concurrent/collection/NonBlockingHashMap.java","1670","37","1670","50"
"idDeserial",,"warning","Deserialization method called: java.io.ObjectInputStream.readObject","/jraft-rheakv/rheakv-core/src/main/java/com/alipay/sofa/jraft/rhea/util/concurrent/collection/NonBlockingHashMap.java","1671","37","1671","50"
"idDeserial",,"warning","Deserialization method called: java.io.ObjectInputStream.readObject","/jraft-rheakv/rheakv-core/src/main/java/com/alipay/sofa/jraft/rhea/util/concurrent/collection/NonBlockingHashMapLong.java","1509","37","1509","50"
"idDeserial",,"warning","Deserialization method called: com.fasterxml.jackson.databind.ObjectMapper.readValue","/jraft-rheakv/rheakv-core/src/test/java/com/alipay/sofa/jraft/rhea/benchmark/rhea/RheaBenchmarkCluster.java","74","45","74","99"
"idDeserial",,"warning","Deserialization method called: com.fasterxml.jackson.databind.ObjectMapper.readValue","/jraft-rheakv/rheakv-core/src/test/java/com/alipay/sofa/jraft/rhea/pd/RheaKVTestCluster.java","78","45","78","90"
"idDeserial",,"warning","Deserialization method called: com.fasterxml.jackson.databind.ObjectMapper.readValue","/jraft-rheakv/rheakv-core/src/test/java/com/alipay/sofa/jraft/rhea/storage/rhea/RheaKVTestCluster.java","120","20","120","65"
"idDeserial",,"warning","Deserialization method called: com.fasterxml.jackson.databind.ObjectMapper.readValue","/jraft-rheakv/rheakv-core/src/test/java/com/alipay/sofa/jraft/rhea/storage/rhea/YamlTest.java","60","41","60","86"
"idDeserial",,"warning","Deserialization method called: com.fasterxml.jackson.databind.ObjectMapper.readValue","/jraft-rheakv/rheakv-pd/src/main/java/com/alipay/sofa/jraft/rhea/PlacementDriverStartup.java","43","51","44","47"
"idDeserial",,"warning","Deserialization method called: com.fasterxml.jackson.databind.ObjectMapper.readValue","/jraft-rheakv/rheakv-pd/src/test/java/com/alipay/sofa/jraft/rhea/BasePdServer.java","66","55","66","110"
