"idDeserial",,"warning","Deserialization method called: java.io.ObjectInputStream.readObject","/spotbugs/src/gui/main/edu/umd/cs/findbugs/gui2/ProjectSettings.java","81","42","81","79"
"idDeserial",,"warning","Deserialization method called: com.google.gson.Gson.fromJson","/spotbugs/src/main/java/edu/umd/cs/findbugs/cwe/WeaknessCatalog.java","78","37","78","82"
"idDeserial",,"warning","Deserialization method called: com.google.gson.Gson.fromJson","/spotbugs-tests/src/test/java/edu/umd/cs/findbugs/sarif/SarifBugReporterTest.java","93","33","93","75"
"idDeserial",,"warning","Deserialization method called: com.google.gson.Gson.fromJson","/spotbugs-tests/src/test/java/edu/umd/cs/findbugs/sarif/SarifBugReporterTest.java","120","33","120","75"
"idDeserial",,"warning","Deserialization method called: com.google.gson.Gson.fromJson","/spotbugs-tests/src/test/java/edu/umd/cs/findbugs/sarif/SarifBugReporterTest.java","146","33","146","75"
"idDeserial",,"warning","Deserialization method called: com.google.gson.Gson.fromJson","/spotbugs-tests/src/test/java/edu/umd/cs/findbugs/sarif/PlaceholderTest.java","75","33","75","75"
"idDeserial",,"warning","Deserialization method called: com.google.gson.Gson.fromJson","/spotbugs-tests/src/test/java/edu/umd/cs/findbugs/sarif/SarifBugReporterTest.java","185","33","185","75"
"idDeserial",,"warning","Deserialization method called: com.google.gson.Gson.fromJson","/spotbugs-tests/src/test/java/edu/umd/cs/findbugs/sarif/SarifBugReporterTest.java","214","33","214","75"
"idDeserial",,"warning","Deserialization method called: com.google.gson.Gson.fromJson","/spotbugs-tests/src/test/java/edu/umd/cs/findbugs/sarif/SarifBugReporterTest.java","233","33","233","75"
"idDeserial",,"warning","Deserialization method called: com.google.gson.Gson.fromJson","/spotbugs-tests/src/test/java/edu/umd/cs/findbugs/sarif/SarifBugReporterTest.java","253","33","253","75"
"idDeserial",,"warning","Deserialization method called: com.google.gson.Gson.fromJson","/spotbugs-tests/src/test/java/edu/umd/cs/findbugs/sarif/SarifBugReporterTest.java","276","33","276","75"
"idDeserial",,"warning","Deserialization method called: com.google.gson.Gson.fromJson","/spotbugs-tests/src/test/java/edu/umd/cs/findbugs/sarif/SarifBugReporterTest.java","299","33","299","75"
"idDeserial",,"warning","Deserialization method called: com.google.gson.Gson.fromJson","/spotbugs-tests/src/test/java/edu/umd/cs/findbugs/sarif/SarifBugReporterTest.java","325","33","325","75"
"idDeserial",,"warning","Deserialization method called: com.google.gson.Gson.fromJson","/spotbugs-tests/src/test/java/edu/umd/cs/findbugs/sarif/SarifBugReporterTest.java","352","33","352","75"
"idDeserial",,"warning","Deserialization method called: com.google.gson.Gson.fromJson","/spotbugs-tests/src/test/java/edu/umd/cs/findbugs/sarif/SarifBugReporterTest.java","389","33","389","75"
"idDeserial",,"warning","Deserialization method called: com.google.gson.Gson.fromJson","/spotbugs-tests/src/test/java/edu/umd/cs/findbugs/sarif/SarifBugReporterTest.java","428","33","428","75"
"idDeserial",,"warning","Deserialization method called: com.google.gson.Gson.fromJson","/spotbugs-tests/src/test/java/edu/umd/cs/findbugs/sarif/SarifBugReporterTest.java","458","33","458","75"
"idDeserial",,"warning","Deserialization method called: java.io.ObjectInputStream.readObject","/spotbugsTestCases/src/java/ExternalizableTest2.java","46","20","46","35"
"idDeserial",,"warning","Deserialization method called: java.io.ObjectInputStream.readObject","/spotbugsTestCases/src/java/ExternalizableTest.java","33","20","33","35"
"idDeserial",,"warning","Deserialization method called: java.io.ObjectInputStream.readObject","/spotbugsTestCases/src/java/Serializable2.java","40","20","40","35"
"idDeserial",,"warning","Deserialization method called: java.io.ObjectInputStream.readObject","/spotbugsTestCases/src/java/TransientFieldOfNonserializableClass.java","37","27","37","42"
"idDeserial",,"warning","Deserialization method called: java.io.ObjectInputStream.readObject","/spotbugsTestCases/src/java/TransientFieldNotRestoredFalsePositive.java","41","9","41","23"
"idDeserial",,"warning","Deserialization method called: java.io.ObjectInputStream.readObject","/spotbugsTestCases/src/java/TransientFieldNotRestoredFalsePositive.java","42","9","42","23"
"idDeserial",,"warning","Deserialization method called: java.io.ObjectInputStream.readObject","/spotbugsTestCases/src/java/sfBugs/RFE3062724.java","32","20","32","33"
"idDeserial",,"warning","Deserialization method called: java.io.ObjectInputStream.readObject","/spotbugsTestCases/src/java/sfBugsNew/Bug1234.java","29","42","29","65"
