"idDeserial",,"warning","Deserialization method called: com.fasterxml.jackson.databind.ObjectMapper.readValue","/springdoc-openapi-starter-common/src/main/java/org/springdoc/api/AbstractOpenApiResource.java","375","20","376","116"
"idDeserial",,"warning","Deserialization method called: com.fasterxml.jackson.databind.ObjectMapper.readValue","/springdoc-openapi-starter-common/src/main/java/org/springdoc/core/converters/AdditionalModelsConverter.java","146","13","147","131"
"idDeserial",,"warning","Deserialization method called: com.fasterxml.jackson.databind.ObjectMapper.readValue","/springdoc-openapi-starter-common/src/main/java/org/springdoc/core/service/GenericResponseService.java","740","32","740","129"
"idDeserial",,"warning","Deserialization method called: com.fasterxml.jackson.databind.ObjectMapper.readValue","/springdoc-openapi-starter-common/src/main/java/org/springdoc/core/service/OpenAPIService.java","248","25","248","103"
"idDeserial",,"warning","Deserialization method called: com.fasterxml.jackson.databind.ObjectMapper.readValue","/springdoc-openapi-tests/springdoc-openapi-security-tests/src/test/java/test/org/springdoc/api/app6/security/JWTAuthenticationFilter.java","51","6","51","78"
