"idDeserial",,"warning","Deserialization method called: com.fasterxml.jackson.databind.ObjectMapper.readValue","/docs/src/main/java/sample/jpa/service/authorization/JpaOAuth2AuthorizationService.java","283","11","284","5"
"idDeserial",,"warning","Deserialization method called: com.fasterxml.jackson.databind.ObjectMapper.readValue","/docs/src/main/java/sample/jpa/service/client/JpaRegisteredClientRepository.java","140","11","141","5"
"idDeserial",,"warning","Deserialization method called: com.fasterxml.jackson.databind.ObjectMapper.readValue","/docs/src/test/java/sample/AuthorizationCodeGrantFlow.java","213","10","213","76"
"idDeserial",,"warning","Deserialization method called: com.fasterxml.jackson.databind.ObjectMapper.readValue","/docs/src/test/java/sample/DeviceAuthorizationGrantFlow.java","106","10","106","75"
"idDeserial",,"warning","Deserialization method called: com.fasterxml.jackson.databind.ObjectMapper.readValue","/docs/src/test/java/sample/DeviceAuthorizationGrantFlow.java","186","10","186","75"
"idDeserial",,"warning","Deserialization method called: com.fasterxml.jackson.databind.ObjectMapper.readValue","/oauth2-authorization-server/src/main/java/org/springframework/security/oauth2/server/authorization/JdbcOAuth2AuthorizationService.java","615","12","616","6"
"idDeserial",,"warning","Deserialization method called: com.fasterxml.jackson.databind.ObjectMapper.readValue","/oauth2-authorization-server/src/main/java/org/springframework/security/oauth2/server/authorization/client/JdbcRegisteredClientRepository.java","310","12","311","6"
"idDeserial",,"warning","Deserialization method called: com.fasterxml.jackson.databind.ObjectMapper.readValue","/oauth2-authorization-server/src/main/java/org/springframework/security/oauth2/server/authorization/jackson2/UnmodifiableMapDeserializer.java","47","32","47","96"
"idDeserial",,"warning","Deserialization method called: com.fasterxml.jackson.databind.ObjectMapper.readValue","/oauth2-authorization-server/src/test/java/org/springframework/security/oauth2/server/authorization/JdbcOAuth2AuthorizationServiceTests.java","759","13","760","7"
"idDeserial",,"warning","Deserialization method called: com.fasterxml.jackson.databind.ObjectMapper.readValue","/oauth2-authorization-server/src/test/java/org/springframework/security/oauth2/server/authorization/client/JdbcRegisteredClientRepositoryTests.java","403","13","404","7"
"idDeserial",,"warning","Deserialization method called: com.fasterxml.jackson.databind.ObjectMapper.readValue","/oauth2-authorization-server/src/test/java/org/springframework/security/oauth2/server/authorization/jackson2/OAuth2AuthorizationServerJackson2ModuleTests.java","58","14","58","65"
"idDeserial",,"warning","Deserialization method called: com.fasterxml.jackson.databind.ObjectMapper.readValue","/oauth2-authorization-server/src/test/java/org/springframework/security/oauth2/server/authorization/jackson2/OAuth2AuthorizationServerJackson2ModuleTests.java","65","14","65","58"
"idDeserial",,"warning","Deserialization method called: com.fasterxml.jackson.databind.ObjectMapper.readValue","/oauth2-authorization-server/src/test/java/org/springframework/security/oauth2/server/authorization/jackson2/OAuth2AuthorizationServerJackson2ModuleTests.java","73","14","73","58"
"idDeserial",,"warning","Deserialization method called: com.fasterxml.jackson.databind.ObjectMapper.readValue","/oauth2-authorization-server/src/test/java/org/springframework/security/oauth2/server/authorization/web/OAuth2TokenEndpointFilterTests.java","352","14","352","86"
