"idDeserial",,"warning","Deserialization method called: com.fasterxml.jackson.databind.ObjectMapper.readValue","/spring-batch-core/src/main/java/org/springframework/batch/core/converter/JsonJobParametersConverter.java","107","52","108","34"
"idDeserial",,"warning","Deserialization method called: java.io.ObjectInputStream.readObject","/spring-batch-core/src/main/java/org/springframework/batch/core/repository/dao/DefaultExecutionContextSerializer.java","81","33","81","62"
"idDeserial",,"warning","Deserialization method called: com.fasterxml.jackson.databind.ObjectMapper.readValue","/spring-batch-core/src/main/java/org/springframework/batch/core/repository/dao/Jackson2ExecutionContextStringSerializer.java","148","10","148","44"
"idDeserial",,"warning","Deserialization method called: java.io.ObjectInputStream.readObject","/spring-batch-core/src/test/java/org/springframework/batch/core/BatchStatusTests.java","112","38","112","52"
"idDeserial",,"warning","Deserialization method called: com.google.gson.Gson.fromJson","/spring-batch-infrastructure/src/main/java/org/springframework/batch/item/json/GsonJsonObjectReader.java","91","12","91","63"
"idDeserial",,"warning","Deserialization method called: com.fasterxml.jackson.databind.ObjectMapper.readValue","/spring-batch-infrastructure/src/main/java/org/springframework/batch/item/json/JacksonJsonObjectReader.java","87","12","87","64"
"idDeserial",,"warning","Deserialization method called: com.fasterxml.jackson.databind.ObjectMapper.readValue","/spring-batch-integration/src/test/java/org/springframework/batch/integration/partition/StepExecutionRequestTests.java","51","46","52","31"
"idDeserial",,"warning","Deserialization method called: java.io.ObjectInputStream.readObject","/spring-batch-samples/src/main/java/org/springframework/batch/samples/common/StagingItemReader.java","129","11","129","40"
