"idDeserial",,"warning","Deserialization method called: com.fasterxml.jackson.databind.ObjectMapper.readValue","/certificate-manager/src/test/java/io/strimzi/certs/SubjectTest.java","69","31","69","67"
"idDeserial",,"warning","Deserialization method called: com.fasterxml.jackson.databind.ObjectMapper.readValue","/cluster-operator/src/main/java/io/strimzi/operator/cluster/model/EntityOperator.java","259","30","259","74"
"idDeserial",,"warning","Deserialization method called: com.fasterxml.jackson.databind.ObjectMapper.readValue","/cluster-operator/src/main/java/io/strimzi/operator/cluster/model/KafkaConfiguration.java","264","49","264","100"
"idDeserial",,"warning","Deserialization method called: com.fasterxml.jackson.databind.ObjectMapper.readValue","/cluster-operator/src/main/java/io/strimzi/operator/cluster/model/KafkaVersion.java","48","44","48","94"
"idDeserial",,"warning","Deserialization method called: com.fasterxml.jackson.databind.ObjectMapper.readValue","/cluster-operator/src/main/java/io/strimzi/operator/cluster/model/ModelUtils.java","140","20","140","68"
"idDeserial",,"warning","Deserialization method called: com.fasterxml.jackson.databind.ObjectMapper.readValue","/cluster-operator/src/main/java/io/strimzi/operator/cluster/model/metrics/MetricsModel.java","117","39","117","78"
"idDeserial",,"warning","Deserialization method called: com.fasterxml.jackson.databind.ObjectMapper.readValue","/cluster-operator/src/main/java/io/strimzi/operator/cluster/operator/assembly/KafkaConnectApiImpl.java","81","49","81","94"
"idDeserial",,"warning","Deserialization method called: com.fasterxml.jackson.databind.ObjectMapper.readValue","/cluster-operator/src/main/java/io/strimzi/operator/cluster/operator/assembly/KafkaConnectApiImpl.java","127","47","127","87"
"idDeserial",,"warning","Deserialization method called: com.fasterxml.jackson.databind.ObjectMapper.readValue","/cluster-operator/src/main/java/io/strimzi/operator/cluster/operator/assembly/KafkaConnectApiImpl.java","373","68","373","127"
"idDeserial",,"warning","Deserialization method called: com.fasterxml.jackson.databind.ObjectMapper.readValue","/cluster-operator/src/main/java/io/strimzi/operator/cluster/operator/assembly/KafkaConnectApiImpl.java","443","95","443","152"
"idDeserial",,"warning","Deserialization method called: com.fasterxml.jackson.databind.ObjectMapper.readValue","/cluster-operator/src/main/java/io/strimzi/operator/cluster/operator/assembly/KafkaConnectApiImpl.java","583","54","583","97"
"idDeserial",,"warning","Deserialization method called: com.fasterxml.jackson.databind.ObjectMapper.readValue","/cluster-operator/src/main/java/io/strimzi/operator/cluster/operator/assembly/KafkaConnectApiImpl.java","625","84","625","148"
"idDeserial",,"warning","Deserialization method called: com.fasterxml.jackson.databind.ObjectMapper.readValue","/cluster-operator/src/main/java/io/strimzi/operator/cluster/operator/resource/KafkaAgentClient.java","135","27","135","73"
"idDeserial",,"warning","Deserialization method called: com.fasterxml.jackson.databind.ObjectMapper.readValue","/cluster-operator/src/main/java/io/strimzi/operator/cluster/operator/resource/KafkaAgentClient.java","157","35","157","89"
"idDeserial",,"warning","Deserialization method called: com.fasterxml.jackson.databind.ObjectMapper.readValue","/cluster-operator/src/main/java/io/strimzi/operator/cluster/operator/resource/kubernetes/ClusterRoleOperator.java","48","20","48","64"
"idDeserial",,"warning","Deserialization method called: com.fasterxml.jackson.databind.ObjectMapper.readValue","/cluster-operator/src/test/java/io/strimzi/operator/cluster/model/ResourceTester.java","51","20","51","43"
"idDeserial",,"warning","Deserialization method called: com.fasterxml.jackson.databind.ObjectMapper.readValue","/cluster-operator/src/test/java/io/strimzi/operator/cluster/operator/assembly/KafkaRebalanceStatusTest.java","148","72","148","171"
"idDeserial",,"warning","Deserialization method called: com.fasterxml.jackson.databind.ObjectMapper.readValue","/systemtest/src/main/java/io/strimzi/systemtest/Environment.java","424","20","424","64"
"idDeserial",,"warning","Deserialization method called: com.fasterxml.jackson.databind.ObjectMapper.readValue","/systemtest/src/main/java/io/strimzi/systemtest/kafkaclients/internalClients/admin/AdminClient.java","87","24","87","67"
"idDeserial",,"warning","Deserialization method called: com.fasterxml.jackson.databind.ObjectMapper.readValue","/systemtest/src/main/java/io/strimzi/systemtest/performance/report/parser/BasePerformanceMetricsParser.java","254","35","254","95"
"idDeserial",,"warning","Deserialization method called: com.fasterxml.jackson.databind.ObjectMapper.readValue","/systemtest/src/main/java/io/strimzi/systemtest/upgrade/VersionModificationDataLoader.java","52","67","52","190"
"idDeserial",,"warning","Deserialization method called: com.fasterxml.jackson.databind.ObjectMapper.readValue","/systemtest/src/main/java/io/strimzi/systemtest/upgrade/VersionModificationDataLoader.java","71","54","71","179"
"idDeserial",,"warning","Deserialization method called: com.fasterxml.jackson.databind.ObjectMapper.readValue","/systemtest/src/main/java/io/strimzi/systemtest/upgrade/VersionModificationDataLoader.java","81","35","81","163"
"idDeserial",,"warning","Deserialization method called: com.fasterxml.jackson.databind.ObjectMapper.readValue","/systemtest/src/main/java/io/strimzi/systemtest/utils/TestKafkaVersion.java","174","48","175","10"
"idDeserial",,"warning","Deserialization method called: com.fasterxml.jackson.databind.ObjectMapper.readValue","/systemtest/src/main/java/io/strimzi/systemtest/utils/kafkaUtils/KafkaUtils.java","338","45","338","96"
"idDeserial",,"warning","Deserialization method called: com.fasterxml.jackson.databind.ObjectMapper.readValue","/systemtest/src/test/java/io/strimzi/systemtest/rollingupdate/RollingUpdateST.java","849","41","849","92"
"idDeserial",,"warning","Deserialization method called: com.fasterxml.jackson.databind.ObjectMapper.readValue","/systemtest/src/test/java/io/strimzi/systemtest/rollingupdate/RollingUpdateST.java","850","38","850","86"
"idDeserial",,"warning","Deserialization method called: com.fasterxml.jackson.databind.ObjectMapper.readValue","/systemtest/src/test/java/io/strimzi/systemtest/upgrade/regular/OlmUpgradeST.java","89","40","89","169"
"idDeserial",,"warning","Deserialization method called: com.fasterxml.jackson.databind.ObjectMapper.readValue","/test/src/main/java/io/strimzi/test/TestUtils.java","285","20","285","43"
"idDeserial",,"warning","Deserialization method called: com.fasterxml.jackson.databind.ObjectMapper.readValue","/test/src/main/java/io/strimzi/test/TestUtils.java","300","20","300","51"
"idDeserial",,"warning","Deserialization method called: com.fasterxml.jackson.databind.ObjectMapper.readValue","/test/src/main/java/io/strimzi/test/TestUtils.java","366","20","366","48"
"idDeserial",,"warning","Deserialization method called: com.fasterxml.jackson.databind.ObjectMapper.readValue","/topic-operator/src/main/java/io/strimzi/operator/topic/TopicOperatorConfig.java","288","52","288","124"
"idDeserial",,"warning","Deserialization method called: com.fasterxml.jackson.databind.ObjectMapper.readValue","/topic-operator/src/main/java/io/strimzi/operator/topic/cruisecontrol/CruiseControlClientImpl.java","182","24","182","87"
"idDeserial",,"warning","Deserialization method called: com.fasterxml.jackson.databind.ObjectMapper.readValue","/topic-operator/src/main/java/io/strimzi/operator/topic/cruisecontrol/CruiseControlClientImpl.java","198","47","198","106"
