"idDeserial",,"warning","Deserialization method called: com.google.gson.Gson.fromJson","/app/src/main/java/com/nutomic/syncthingandroid/activities/DeviceActivity.java","154","27","154","99"
"idDeserial",,"warning","Deserialization method called: com.google.gson.Gson.fromJson","/app/src/main/java/com/nutomic/syncthingandroid/service/RestApi.java","219","23","219","63"
"idDeserial",,"warning","Deserialization method called: com.google.gson.Gson.fromJson","/app/src/main/java/com/nutomic/syncthingandroid/service/RestApi.java","556","16","556","61"
"idDeserial",,"warning","Deserialization method called: com.google.gson.Gson.fromJson","/app/src/main/java/com/nutomic/syncthingandroid/service/RestApi.java","564","35","564","79"
"idDeserial",,"warning","Deserialization method called: com.google.gson.Gson.fromJson","/app/src/main/java/com/nutomic/syncthingandroid/service/RestApi.java","578","43","578","90"
"idDeserial",,"warning","Deserialization method called: com.google.gson.Gson.fromJson","/app/src/main/java/com/nutomic/syncthingandroid/service/RestApi.java","596","39","596","84"
"idDeserial",,"warning","Deserialization method called: com.google.gson.Gson.fromJson","/app/src/main/java/com/nutomic/syncthingandroid/service/RestApi.java","620","30","620","76"
"idDeserial",,"warning","Deserialization method called: com.google.gson.Gson.fromJson","/app/src/main/java/com/nutomic/syncthingandroid/service/RestApi.java","657","31","657","68"
