"idDeserial",,"warning","Deserialization method called: com.fasterxml.jackson.databind.ObjectMapper.readValue","/src/main/java/org/akhq/modules/schemaregistry/AvroSerializer.java","74","39","74","76"
"idDeserial",,"warning","Deserialization method called: com.google.gson.Gson.fromJson","/src/main/java/org/akhq/repositories/ConnectRepository.java","242","25","246","13"
"idDeserial",,"warning","Deserialization method called: com.fasterxml.jackson.databind.ObjectMapper.readValue","/src/main/java/org/akhq/security/rule/AKHQSecurityRule.java","106","20","106","64"
"idDeserial",,"warning","Deserialization method called: com.google.gson.Gson.fromJson","/src/test/java/org/akhq/KafkaTestCluster.java","196","16","196","99"
"idDeserial",,"warning","Deserialization method called: com.fasterxml.jackson.databind.ObjectMapper.readValue","/src/test/java/org/akhq/modules/audit/ConnectAuditModuleTest.java","168","31","168","69"
"idDeserial",,"warning","Deserialization method called: com.fasterxml.jackson.databind.ObjectMapper.readValue","/src/test/java/org/akhq/modules/audit/KafkaAuditModuleTest.java","172","31","172","69"
"idDeserial",,"warning","Deserialization method called: com.fasterxml.jackson.databind.ObjectMapper.readValue","/src/test/java/org/akhq/modules/audit/SchemaAuditModuleTest.java","120","31","120","69"
"idDeserial",,"warning","Deserialization method called: com.fasterxml.jackson.databind.ObjectMapper.readValue","/src/test/java/org/akhq/security/claim/RestApiClaimProviderTest.java","67","43","67","99"
