"idDeserial",,"warning","Deserialization method called: com.google.gson.Gson.fromJson","/app/src/main/java/com/u9porn/data/network/AppApiHelper.java","244","27","244","74"
"idDeserial",,"warning","Deserialization method called: com.google.gson.Gson.fromJson","/app/src/main/java/com/u9porn/data/network/AppApiHelper.java","411","27","411","63"
"idDeserial",,"warning","Deserialization method called: com.google.gson.Gson.fromJson","/app/src/main/java/com/u9porn/data/network/AppApiHelper.java","417","27","417","56"
"idDeserial",,"warning","Deserialization method called: com.google.gson.Gson.fromJson","/app/src/main/java/com/u9porn/data/network/AppApiHelper.java","613","27","613","55"
"idDeserial",,"warning","Deserialization method called: com.google.gson.Gson.fromJson","/app/src/main/java/com/u9porn/data/network/AppApiHelper.java","621","29","621","58"
"idDeserial",,"warning","Deserialization method called: com.google.gson.Gson.fromJson","/app/src/main/java/com/u9porn/data/network/AppApiHelper.java","629","27","629","55"
"idDeserial",,"warning","Deserialization method called: com.google.gson.Gson.fromJson","/app/src/main/java/com/u9porn/data/network/AppApiHelper.java","637","27","637","55"
"idDeserial",,"warning","Deserialization method called: com.google.gson.Gson.fromJson","/app/src/main/java/com/u9porn/data/network/AppApiHelper.java","645","27","645","55"
"idDeserial",,"warning","Deserialization method called: com.google.gson.Gson.fromJson","/app/src/main/java/com/u9porn/data/network/AppApiHelper.java","669","67","669","111"
"idDeserial",,"warning","Deserialization method called: com.google.gson.Gson.fromJson","/app/src/main/java/com/u9porn/parser/ParsePxgav.java","44","65","44","127"
