"idDeserial",,"warning","Deserialization method called: com.google.gson.Gson.fromJson","/Android/Demo/app/src/main/java/com/tencent/qcloud/tim/demo/bean/UserInfo.java","29","25","29","65"
"idDeserial",,"warning","Deserialization method called: com.google.gson.Gson.fromJson","/Android/Demo/app/src/main/java/com/tencent/qcloud/tim/demo/push/OfflineMessageDispatcher.java","94","34","94","83"
"idDeserial",,"warning","Deserialization method called: com.google.gson.Gson.fromJson","/Android/Demo/app/src/main/java/com/tencent/qcloud/tim/demo/push/OfflineMessageDispatcher.java","131","20","131","77"
"idDeserial",,"warning","Deserialization method called: java.io.ObjectInputStream.readObject","/Android/TUIKit/TIMCommon/timcommon/src/main/java/com/tencent/qcloud/tuikit/timcommon/component/face/RecentEmojiManager.java","63","36","63","65"
"idDeserial",,"warning","Deserialization method called: com.google.gson.Gson.fromJson","/Android/TUIKit/TIMCommon/timcommon/src/main/java/com/tencent/qcloud/tuikit/timcommon/util/MessageBuilder.java","23","27","23","71"
"idDeserial",,"warning","Deserialization method called: com.google.gson.Gson.fromJson","/Android/TUIKit/TIMCommon/timcommon/src/main/java/com/tencent/qcloud/tuikit/timcommon/util/MessageParser.java","22","31","22","75"
"idDeserial",,"warning","Deserialization method called: com.google.gson.Gson.fromJson","/Android/TUIKit/TIMCommon/timcommon/src/main/java/com/tencent/qcloud/tuikit/timcommon/util/MessageParser.java","27","35","27","105"
"idDeserial",,"warning","Deserialization method called: com.google.gson.Gson.fromJson","/Android/TUIKit/TIMCommon/timcommon/src/main/java/com/tencent/qcloud/tuikit/timcommon/util/MessageParser.java","49","38","49","82"
"idDeserial",,"warning","Deserialization method called: com.google.gson.Gson.fromJson","/Android/TUIKit/TIMCommon/timcommon/src/main/java/com/tencent/qcloud/tuikit/timcommon/util/MessageParser.java","54","38","54","104"
"idDeserial",,"warning","Deserialization method called: com.google.gson.Gson.fromJson","/Android/TUIKit/TUIChat/tuichat/src/main/java/com/tencent/qcloud/tuikit/tuichat/bean/CallModel.java","103","29","103","81"
"idDeserial",,"warning","Deserialization method called: com.google.gson.Gson.fromJson","/Android/TUIKit/TUIChat/tuichat/src/main/java/com/tencent/qcloud/tuikit/tuichat/bean/message/CustomEvaluationMessageBean.java","39","43","39","98"
"idDeserial",,"warning","Deserialization method called: com.google.gson.Gson.fromJson","/Android/TUIKit/TUIChat/tuichat/src/main/java/com/tencent/qcloud/tuikit/tuichat/bean/message/CustomLinkMessageBean.java","27","38","27","88"
"idDeserial",,"warning","Deserialization method called: com.google.gson.Gson.fromJson","/Android/TUIKit/TUIChat/tuichat/src/main/java/com/tencent/qcloud/tuikit/tuichat/bean/message/CustomOrderMessageBean.java","42","32","42","82"
"idDeserial",,"warning","Deserialization method called: com.google.gson.Gson.fromJson","/Android/TUIKit/TUIChat/tuichat/src/main/java/com/tencent/qcloud/tuikit/tuichat/bean/message/MessageTypingBean.java","24","33","24","78"
"idDeserial",,"warning","Deserialization method called: com.google.gson.Gson.fromJson","/Android/TUIKit/TUIChat/tuichat/src/main/java/com/tencent/qcloud/tuikit/tuichat/classicui/widget/input/InputView.java","1223","36","1223","89"
"idDeserial",,"warning","Deserialization method called: com.google.gson.Gson.fromJson","/Android/TUIKit/TUIChat/tuichat/src/main/java/com/tencent/qcloud/tuikit/tuichat/classicui/widget/input/InputView.java","1227","49","1227","95"
"idDeserial",,"warning","Deserialization method called: com.google.gson.Gson.fromJson","/Android/TUIKit/TUIChat/tuichat/src/main/java/com/tencent/qcloud/tuikit/tuichat/minimalistui/widget/input/InputView.java","1472","36","1472","89"
"idDeserial",,"warning","Deserialization method called: com.google.gson.Gson.fromJson","/Android/TUIKit/TUIChat/tuichat/src/main/java/com/tencent/qcloud/tuikit/tuichat/minimalistui/widget/input/InputView.java","1476","49","1476","95"
"idDeserial",,"warning","Deserialization method called: com.google.gson.Gson.fromJson","/Android/TUIKit/TUIChat/tuichat/src/main/java/com/tencent/qcloud/tuikit/tuichat/util/ChatMessageParser.java","200","36","200","80"
"idDeserial",,"warning","Deserialization method called: com.google.gson.Gson.fromJson","/Android/TUIKit/TUIChat/tuichat/src/main/java/com/tencent/qcloud/tuikit/tuichat/util/ChatMessageParser.java","205","40","205","106"
"idDeserial",,"warning","Deserialization method called: com.google.gson.Gson.fromJson","/Android/TUIKit/TUIChat/tuichat/src/main/java/com/tencent/qcloud/tuikit/tuichat/util/ChatMessageParser.java","227","36","227","80"
"idDeserial",,"warning","Deserialization method called: com.google.gson.Gson.fromJson","/Android/TUIKit/TUIChat/tuichat/src/main/java/com/tencent/qcloud/tuikit/tuichat/util/ChatMessageParser.java","249","29","249","62"
"idDeserial",,"warning","Deserialization method called: com.google.gson.Gson.fromJson","/Android/TUIKit/TUIChat/tuichat/src/main/java/com/tencent/qcloud/tuikit/tuichat/util/ChatMessageParser.java","286","29","286","62"
"idDeserial",,"warning","Deserialization method called: com.google.gson.Gson.fromJson","/Android/TUIKit/TUIChat/tuichat/src/main/java/com/tencent/qcloud/tuikit/tuichat/util/ChatMessageParser.java","313","29","313","83"
"idDeserial",,"warning","Deserialization method called: com.google.gson.Gson.fromJson","/Android/TUIKit/TUIChat/tuichat/src/main/java/com/tencent/qcloud/tuikit/tuichat/util/ChatMessageParser.java","411","33","411","72"
"idDeserial",,"warning","Deserialization method called: com.google.gson.Gson.fromJson","/Android/TUIKit/TUICommunity/tuicommunity/src/main/java/com/tencent/qcloud/tuikit/tuicommunity/model/CommunityProvider.java","154","35","154","92"
"idDeserial",,"warning","Deserialization method called: com.google.gson.Gson.fromJson","/Android/TUIKit/TUICommunity/tuicommunity/src/main/java/com/tencent/qcloud/tuikit/tuicommunity/model/CommunityProvider.java","325","57","325","114"
"idDeserial",,"warning","Deserialization method called: com.google.gson.Gson.fromJson","/Android/TUIKit/TUICommunity/tuicommunity/src/main/java/com/tencent/qcloud/tuikit/tuicommunity/model/CommunityProvider.java","388","57","388","114"
"idDeserial",,"warning","Deserialization method called: com.google.gson.Gson.fromJson","/Android/TUIKit/TUICommunity/tuicommunity/src/main/java/com/tencent/qcloud/tuikit/tuicommunity/presenter/CommunityExperiencePresenter.java","54","25","54","127"
"idDeserial",,"warning","Deserialization method called: com.google.gson.Gson.fromJson","/Android/TUIKit/TUICommunity/tuicommunity/src/main/java/com/tencent/qcloud/tuikit/tuicommunity/presenter/TopicPresenter.java","258","23","259","152"
"idDeserial",,"warning","Deserialization method called: com.google.gson.Gson.fromJson","/Android/TUIKit/TUICommunity/tuicommunity/src/main/java/com/tencent/qcloud/tuikit/tuicommunity/ui/widget/CommunitySelfView.java","116","29","116","131"
"idDeserial",,"warning","Deserialization method called: com.google.gson.Gson.fromJson","/Android/TUIKit/TUICommunity/tuicommunity/src/main/java/com/tencent/qcloud/tuikit/tuicommunity/utils/CommunityParser.java","56","35","56","91"
"idDeserial",,"warning","Deserialization method called: com.google.gson.Gson.fromJson","/Android/TUIKit/TUICommunity/tuicommunity/src/main/java/com/tencent/qcloud/tuikit/tuicommunity/utils/CommunityParser.java","99","43","99","146"
"idDeserial",,"warning","Deserialization method called: com.google.gson.Gson.fromJson","/Android/TUIKit/TUIConversation/tuiconversation/src/main/java/com/tencent/qcloud/tuikit/tuiconversation/classicui/widget/ConversationCommonHolder.java","165","32","165","85"
"idDeserial",,"warning","Deserialization method called: com.google.gson.Gson.fromJson","/Android/TUIKit/TUIConversation/tuiconversation/src/main/java/com/tencent/qcloud/tuikit/tuiconversation/minimalistui/widget/ConversationCommonHolder.java","151","32","151","85"
"idDeserial",,"warning","Deserialization method called: com.google.gson.Gson.fromJson","/Android/TUIKit/TUIRoomKit/tuiroomkit/src/main/java/com/tencent/cloud/tuikit/roomkit/imaccess/view/InviteToJoinRoomActivity.java","112","30","112","73"
"idDeserial",,"warning","Deserialization method called: com.google.gson.Gson.fromJson","/Android/TUIKit/TUIRoomKit/tuiroomkit/src/main/java/com/tencent/cloud/tuikit/roomkit/imaccess/view/InvitedToJoinRoomActivity.java","88","30","88","73"
"idDeserial",,"warning","Deserialization method called: com.google.gson.Gson.fromJson","/Android/TUIKit/TUIRoomKit/tuiroomkit/src/main/java/com/tencent/cloud/tuikit/roomkit/imaccess/view/RoomMessageHolder.java","249","28","249","68"
"idDeserial",,"warning","Deserialization method called: com.google.gson.Gson.fromJson","/Android/TUIKit/TUIRoomKit/tuiroomkit/src/main/java/com/tencent/cloud/tuikit/roomkit/utils/UserModelManager.java","57","26","57","61"
"idDeserial",,"warning","Deserialization method called: com.google.gson.Gson.fromJson","/Android/TUIKit/TUISearch/tuisearch/src/main/java/com/tencent/qcloud/tuikit/tuisearch/bean/CallModel.java","123","28","123","82"
"idDeserial",,"warning","Deserialization method called: com.google.gson.Gson.fromJson","/Android/TUIKit/TUISearch/tuisearch/src/main/java/com/tencent/qcloud/tuikit/tuisearch/util/MessageInfoUtil.java","72","36","72","80"
"idDeserial",,"warning","Deserialization method called: com.google.gson.Gson.fromJson","/Android/TUIKit/TUISearch/tuisearch/src/main/java/com/tencent/qcloud/tuikit/tuisearch/util/MessageInfoUtil.java","149","29","149","62"
"idDeserial",,"warning","Deserialization method called: com.google.gson.Gson.fromJson","/Android/TUIKit/TUISearch/tuisearch/src/main/java/com/tencent/qcloud/tuikit/tuisearch/util/MessageInfoUtil.java","175","41","175","93"
"idDeserial",,"warning","Deserialization method called: com.google.gson.Gson.fromJson","/Android/TUIKit/TUISearch/tuisearch/src/main/java/com/tencent/qcloud/tuikit/tuisearch/util/MessageInfoUtil.java","216","33","216","72"
