"idDeserial",,"warning","Deserialization method called: java.io.ObjectInputStream.readObject","/app/jni/third_party/webrtc_deps/third_party/protobuf/java/core/src/test/java/com/google/protobuf/BoundedByteStringTest.java","109","16","109","31"
"idDeserial",,"warning","Deserialization method called: java.io.ObjectInputStream.readObject","/app/jni/third_party/webrtc_deps/third_party/protobuf/java/core/src/test/java/com/google/protobuf/GeneratedMessageTest.java","1068","42","1068","56"
"idDeserial",,"warning","Deserialization method called: java.io.ObjectInputStream.readObject","/app/jni/third_party/webrtc_deps/third_party/protobuf/java/core/src/test/java/com/google/protobuf/GeneratedMessageTest.java","1085","42","1085","56"
"idDeserial",,"warning","Deserialization method called: java.io.ObjectInputStream.readObject","/app/jni/third_party/webrtc_deps/third_party/protobuf/java/core/src/test/java/com/google/protobuf/GeneratedMessageTest.java","1111","42","1111","56"
"idDeserial",,"warning","Deserialization method called: java.io.ObjectInputStream.readObject","/app/jni/third_party/webrtc_deps/third_party/protobuf/java/core/src/test/java/com/google/protobuf/GeneratedMessageTest.java","1148","42","1148","56"
"idDeserial",,"warning","Deserialization method called: java.io.ObjectInputStream.readObject","/app/jni/third_party/webrtc_deps/third_party/protobuf/java/core/src/test/java/com/google/protobuf/LiteralByteStringTest.java","679","16","679","31"
"idDeserial",,"warning","Deserialization method called: java.io.ObjectInputStream.readObject","/app/jni/third_party/webrtc_deps/third_party/protobuf/java/core/src/test/java/com/google/protobuf/NioByteStringTest.java","738","16","738","31"
"idDeserial",,"warning","Deserialization method called: java.io.ObjectInputStream.readObject","/app/jni/third_party/webrtc_deps/third_party/protobuf/java/core/src/test/java/com/google/protobuf/RopeByteStringTest.java","233","16","233","31"
