"idDeserial",,"warning","Deserialization method called: com.fasterxml.jackson.databind.ObjectMapper.readValue","/api/src/test/java/com/theokanning/openai/JsonTest.java","67","51","67","79"
"idDeserial",,"warning","Deserialization method called: com.fasterxml.jackson.databind.ObjectMapper.readValue","/service/src/main/java/com/theokanning/openai/service/FunctionExecutor.java","73","20","73","89"
"idDeserial",,"warning","Deserialization method called: com.fasterxml.jackson.databind.ObjectMapper.readValue","/service/src/main/java/com/theokanning/openai/service/FunctionExecutor.java","85","19","85","146"
"idDeserial",,"warning","Deserialization method called: com.fasterxml.jackson.databind.ObjectMapper.readValue","/service/src/main/java/com/theokanning/openai/service/OpenAiService.java","521","37","521","82"
"idDeserial",,"warning","Deserialization method called: com.fasterxml.jackson.databind.ObjectMapper.readValue","/service/src/main/java/com/theokanning/openai/service/OpenAiService.java","558","43","558","77"
"idDeserial",,"warning","Deserialization method called: com.fasterxml.jackson.databind.ObjectMapper.readValue","/service/src/main/java/com/theokanning/openai/service/ResponseBodyCallback.java","49","41","52","21"
"idDeserial",,"warning","Deserialization method called: com.fasterxml.jackson.databind.ObjectMapper.readValue","/service/src/test/java/com/theokanning/openai/service/AssistantFunctionTest.java","72","46","72","115"
