"idDeserial",,"warning","Deserialization method called: com.fasterxml.jackson.databind.ObjectMapper.readValue","/core-java/jackson/jackson/src/test/java/com/reflectoring/JacksonTest.java","29","29","29","80"
"idDeserial",,"warning","Deserialization method called: com.fasterxml.jackson.databind.ObjectMapper.readValue","/core-java/jackson/jackson/src/test/java/com/reflectoring/JacksonTest.java","47","29","47","72"
"idDeserial",,"warning","Deserialization method called: com.fasterxml.jackson.databind.ObjectMapper.readValue","/core-java/jackson/jackson/src/test/java/com/reflectoring/JacksonTest.java","62","29","62","91"
"idDeserial",,"warning","Deserialization method called: com.fasterxml.jackson.databind.ObjectMapper.readValue","/core-java/jackson/jackson/src/test/java/com/reflectoring/JacksonTest.java","70","39","70","91"
"idDeserial",,"warning","Deserialization method called: com.fasterxml.jackson.databind.ObjectMapper.readValue","/core-java/jackson/jackson/src/test/java/com/reflectoring/JacksonTest.java","81","40","81","92"
"idDeserial",,"warning","Deserialization method called: com.fasterxml.jackson.databind.ObjectMapper.readValue","/core-java/jackson/jackson/src/test/java/com/reflectoring/JacksonTest.java","96","29","96","72"
"idDeserial",,"warning","Deserialization method called: com.fasterxml.jackson.databind.ObjectMapper.readValue","/core-java/jackson/jackson/src/test/java/com/reflectoring/JacksonTest.java","124","23","124","63"
"idDeserial",,"warning","Deserialization method called: com.fasterxml.jackson.databind.ObjectMapper.readValue","/core-java/jackson/jackson/src/test/java/com/reflectoring/JacksonTest.java","134","19","134","57"
"idDeserial",,"warning","Deserialization method called: com.fasterxml.jackson.databind.ObjectMapper.readValue","/core-java/jackson/jackson/src/test/java/com/reflectoring/JacksonTest.java","143","19","143","57"
"idDeserial",,"warning","Deserialization method called: com.fasterxml.jackson.databind.ObjectMapper.readValue","/core-java/jackson/jackson/src/test/java/com/reflectoring/JacksonTest.java","179","19","179","57"
"idDeserial",,"warning","Deserialization method called: com.fasterxml.jackson.databind.ObjectMapper.readValue","/core-java/retrofit/introduction-to-retrofit/AuditApplication/src/main/java/com/reflectoring/library/service/LibraryAuditService.java","201","28","201","108"
"idDeserial",,"warning","Deserialization method called: com.fasterxml.jackson.databind.ObjectMapper.readValue","/core-java/retrofit/introduction-to-retrofit/AuditApplication/src/test/java/com/reflectoring/library/service/LibraryAuditServiceTest.java","69","17","70","18"
"idDeserial",,"warning","Deserialization method called: com.fasterxml.jackson.databind.ObjectMapper.readValue","/core-java/retrofit/introduction-to-retrofit/AuditApplication/src/test/java/com/reflectoring/library/service/LibraryAuditServiceTest.java","85","27","85","84"
"idDeserial",,"warning","Deserialization method called: com.fasterxml.jackson.databind.ObjectMapper.readValue","/core-java/retrofit/introduction-to-retrofit/AuditApplication/src/test/java/com/reflectoring/library/service/LibraryAuditServiceTest.java","100","27","100","84"
"idDeserial",,"warning","Deserialization method called: com.fasterxml.jackson.databind.ObjectMapper.readValue","/core-java/retrofit/introduction-to-retrofit/AuditApplication/src/test/java/com/reflectoring/library/service/LibraryAuditServiceTest.java","116","27","116","84"
"idDeserial",,"warning","Deserialization method called: com.fasterxml.jackson.databind.ObjectMapper.readValue","/openfeign/openfeign-client-intro/src/test/java/io/reflectoring/openfeign/services/CalculatorErrorDecoder.java","19","23","19","70"
"idDeserial",,"warning","Deserialization method called: com.fasterxml.jackson.databind.ObjectMapper.readValue","/pact/pact-message-consumer/src/main/java/io/reflectoring/MessageConsumer.java","28","34","28","96"
"idDeserial",,"warning","Deserialization method called: com.fasterxml.jackson.databind.ObjectMapper.readValue","/spring-boot/cache/src/test/java/io/reflectoring/cache/rest/CarResourceClientCacheIntegrationTest.java","58","25","58","70"
"idDeserial",,"warning","Deserialization method called: com.fasterxml.jackson.databind.ObjectMapper.readValue","/spring-boot/cache/src/test/java/io/reflectoring/cache/rest/CarResourceEmbeddedCacheIntegrationTest.java","57","25","57","70"
"idDeserial",,"warning","Deserialization method called: com.fasterxml.jackson.databind.ObjectMapper.readValue","/spring-boot/hazelcast/hazelcast-client-server/src/test/java/io/reflectoring/cache/cleint/rest/ControllerTest.java","46","20","46","58"
"idDeserial",,"warning","Deserialization method called: com.fasterxml.jackson.databind.ObjectMapper.readValue","/spring-boot/hazelcast/hazelcast-embedded-cache/src/test/java/io/refectoring/cache/embedded/rest/ControllerTest.java","49","24","49","62"
"idDeserial",,"warning","Deserialization method called: com.fasterxml.jackson.databind.ObjectMapper.readValue","/spring-boot/jackson-jsoncreator/UserApplication/src/test/java/com/reflectoring/JsonCreatorTest.java","41","25","41","72"
"idDeserial",,"warning","Deserialization method called: com.fasterxml.jackson.databind.ObjectMapper.readValue","/spring-boot/jackson-jsoncreator/UserApplication/src/test/java/com/reflectoring/JsonCreatorTest.java","53","33","53","88"
"idDeserial",,"warning","Deserialization method called: com.fasterxml.jackson.databind.ObjectMapper.readValue","/spring-boot/jackson-jsoncreator/UserApplication/src/test/java/com/reflectoring/JsonCreatorTest.java","62","29","62","80"
"idDeserial",,"warning","Deserialization method called: com.fasterxml.jackson.databind.ObjectMapper.readValue","/spring-boot/jackson-jsoncreator/UserApplication/src/test/java/com/reflectoring/JsonCreatorTest.java","71","25","71","76"
"idDeserial",,"warning","Deserialization method called: com.fasterxml.jackson.databind.ObjectMapper.readValue","/spring-boot/resttemplate/src/main/java/io/pratik/restclient/CustomErrorHandler.java","50","44","50","102"
"idDeserial",,"warning","Deserialization method called: com.fasterxml.jackson.databind.ObjectMapper.readValue","/spring-boot/spring-boot-testing/src/test/java/io/reflectoring/testing/web/RegisterRestControllerTest.java","122","39","122","126"
"idDeserial",,"warning","Deserialization method called: com.fasterxml.jackson.databind.ObjectMapper.readValue","/spring-boot/spring-boot-testing/src/test/java/io/reflectoring/testing/web/ResponseBodyMatchers.java","18","24","18","64"
"idDeserial",,"warning","Deserialization method called: com.fasterxml.jackson.databind.ObjectMapper.readValue","/spring-boot/spring-boot-testing/src/test/java/io/reflectoring/testing/web/ResponseBodyMatchers.java","26","33","26","79"
"idDeserial",,"warning","Deserialization method called: com.fasterxml.jackson.databind.ObjectMapper.readValue","/spring-reactive-architecture/banking-service/src/main/java/io/reflectoring/banking_service/init/AppInit.java","37","36","37","86"
"idDeserial",,"warning","Deserialization method called: com.fasterxml.jackson.databind.ObjectMapper.readValue","/spring-reactive-architecture/banking-service/src/main/java/io/reflectoring/banking_service/init/AppInit.java","54","50","54","115"
