"idDeserial",,"warning","Deserialization method called: java.io.ObjectInputStream.readObject","/cas/4.1.x-4.1.6/src/main/java/com/threedr3am/bug/cas/AttackDemo.java","149","16","149","30"
"idDeserial",,"warning","Deserialization method called: java.io.ObjectInputStream.readObject","/common/src/main/java/com/threedr3am/bug/common/utils/SerializeUtil.java","32","19","32","48"
"idDeserial",,"warning","Deserialization method called: org.yaml.snakeyaml.Yaml.load","/feature/src/main/java/com/threedr3am/bug/feature/SnakeYAML.java","39","5","39","74"
"idDeserial",,"warning","Deserialization method called: com.thoughtworks.xstream.XStream.fromXML","/feature/src/main/java/com/threedr3am/bug/feature/XStream.java","33","12","33","26"
"idDeserial",,"warning","Deserialization method called: com.fasterxml.jackson.databind.ObjectMapper.readValue","/jackson/src/main/java/com/threedr3am/bug/jackson/MysqlFileRead.java","19","5","19","40"
"idDeserial",,"warning","Deserialization method called: com.fasterxml.jackson.databind.ObjectMapper.readValue","/jackson/src/main/java/com/threedr3am/bug/jackson/rce/AnterosPoc.java","48","5","48","40"
"idDeserial",,"warning","Deserialization method called: com.fasterxml.jackson.databind.ObjectMapper.readValue","/jackson/src/main/java/com/threedr3am/bug/jackson/rce/AriesJMSPoc.java","42","16","42","51"
"idDeserial",,"warning","Deserialization method called: com.fasterxml.jackson.databind.ObjectMapper.readValue","/jackson/src/main/java/com/threedr3am/bug/jackson/rce/AriesJMSPoc2.java","42","16","42","51"
"idDeserial",,"warning","Deserialization method called: com.fasterxml.jackson.databind.ObjectMapper.readValue","/jackson/src/main/java/com/threedr3am/bug/jackson/rce/EhcacheJndi.java","28","16","28","51"
"idDeserial",,"warning","Deserialization method called: com.fasterxml.jackson.databind.ObjectMapper.readValue","/jackson/src/main/java/com/threedr3am/bug/jackson/rce/H2Rce.java","19","16","19","57"
"idDeserial",,"warning","Deserialization method called: com.fasterxml.jackson.databind.ObjectMapper.readValue","/jackson/src/main/java/com/threedr3am/bug/jackson/rce/HadoopHikariConfigPoc.java","42","5","42","40"
"idDeserial",,"warning","Deserialization method called: com.fasterxml.jackson.databind.ObjectMapper.readValue","/jackson/src/main/java/com/threedr3am/bug/jackson/rce/HikariConfigPoc.java","35","5","35","128"
"idDeserial",,"warning","Deserialization method called: com.fasterxml.jackson.databind.ObjectMapper.readValue","/jackson/src/main/java/com/threedr3am/bug/jackson/rce/IbatisSqlmapPoc.java","42","5","42","40"
"idDeserial",,"warning","Deserialization method called: com.fasterxml.jackson.databind.ObjectMapper.readValue","/jackson/src/main/java/com/threedr3am/bug/jackson/rce/IgniteJtaPoc.java","44","16","44","51"
"idDeserial",,"warning","Deserialization method called: com.fasterxml.jackson.databind.ObjectMapper.readValue","/jackson/src/main/java/com/threedr3am/bug/jackson/rce/IgniteJtaPoc2.java","46","16","46","51"
"idDeserial",,"warning","Deserialization method called: com.fasterxml.jackson.databind.ObjectMapper.readValue","/jackson/src/main/java/com/threedr3am/bug/jackson/rce/JndiConverterPoc.java","37","5","37","40"
"idDeserial",,"warning","Deserialization method called: com.fasterxml.jackson.databind.ObjectMapper.readValue","/jackson/src/main/java/com/threedr3am/bug/jackson/rce/LogbackJndi.java","29","16","29","51"
"idDeserial",,"warning","Deserialization method called: com.fasterxml.jackson.databind.ObjectMapper.readValue","/jackson/src/main/java/com/threedr3am/bug/jackson/rce/QuartzPoc.java","32","5","32","40"
"idDeserial",,"warning","Deserialization method called: com.fasterxml.jackson.databind.ObjectMapper.readValue","/jackson/src/main/java/com/threedr3am/bug/jackson/rce/QuercusPoc.java","36","16","36","51"
"idDeserial",,"warning","Deserialization method called: com.fasterxml.jackson.databind.ObjectMapper.readValue","/jackson/src/main/java/com/threedr3am/bug/jackson/rce/ShiroPoc.java","35","16","35","51"
"idDeserial",,"warning","Deserialization method called: com.fasterxml.jackson.databind.ObjectMapper.readValue","/jackson/src/main/java/com/threedr3am/bug/jackson/rce/ShiroPoc2.java","34","16","34","51"
"idDeserial",,"warning","Deserialization method called: com.fasterxml.jackson.databind.ObjectMapper.readValue","/jackson/src/main/java/com/threedr3am/bug/jackson/rce/SpringAopPoc.java","49","16","49","51"
"idDeserial",,"warning","Deserialization method called: com.fasterxml.jackson.databind.ObjectMapper.readValue","/jackson/src/main/java/com/threedr3am/bug/jackson/rce/SpringAopPoc2.java","44","16","44","51"
"idDeserial",,"warning","Deserialization method called: com.fasterxml.jackson.databind.ObjectMapper.readValue","/jackson/src/main/java/com/threedr3am/bug/jackson/ssrf/JREJeditorPaneSSRFPoc.java","25","5","25","40"
"idDeserial",,"warning","Deserialization method called: com.fasterxml.jackson.databind.ObjectMapper.readValue","/jackson/src/main/java/com/threedr3am/bug/jackson/test/A.java","42","11","42","41"
"idDeserial",,"warning","Deserialization method called: com.fasterxml.jackson.databind.ObjectMapper.readValue","/jackson/src/main/java/com/threedr3am/bug/jackson/test/DefaultTypeTest.java","46","9","46","39"
"idDeserial",,"warning","Deserialization method called: com.fasterxml.jackson.databind.ObjectMapper.readValue","/jackson/src/main/java/com/threedr3am/bug/jackson/test/DefaultTypeTest.java","51","9","51","39"
"idDeserial",,"warning","Deserialization method called: com.fasterxml.jackson.databind.ObjectMapper.readValue","/jackson/src/main/java/com/threedr3am/bug/jackson/test/DefaultTypeTest.java","75","9","75","39"
"idDeserial",,"warning","Deserialization method called: com.fasterxml.jackson.databind.ObjectMapper.readValue","/jackson/src/main/java/com/threedr3am/bug/jackson/test/DefaultTypeTest.java","80","9","80","39"
"idDeserial",,"warning","Deserialization method called: com.fasterxml.jackson.databind.ObjectMapper.readValue","/jackson/src/main/java/com/threedr3am/bug/jackson/test/DefaultTypeTest.java","108","9","108","39"
"idDeserial",,"warning","Deserialization method called: com.fasterxml.jackson.databind.ObjectMapper.readValue","/jackson/src/main/java/com/threedr3am/bug/jackson/test/DefaultTypeTest.java","113","9","113","39"
"idDeserial",,"warning","Deserialization method called: com.fasterxml.jackson.databind.ObjectMapper.readValue","/jackson/src/main/java/com/threedr3am/bug/jackson/test/DefaultTypeTest.java","140","9","140","39"
"idDeserial",,"warning","Deserialization method called: com.fasterxml.jackson.databind.ObjectMapper.readValue","/jackson/src/main/java/com/threedr3am/bug/jackson/test/DefaultTypeTest.java","145","9","145","39"
"idDeserial",,"warning","Deserialization method called: com.fasterxml.jackson.databind.ObjectMapper.readValue","/jackson/src/main/java/com/threedr3am/bug/jackson/test/JsonTypeInfoTest.java","39","9","39","39"
"idDeserial",,"warning","Deserialization method called: com.fasterxml.jackson.databind.ObjectMapper.readValue","/jackson/src/main/java/com/threedr3am/bug/jackson/test/JsonTypeInfoTest.java","58","9","58","40"
"idDeserial",,"warning","Deserialization method called: com.fasterxml.jackson.databind.ObjectMapper.readValue","/jackson/src/main/java/com/threedr3am/bug/jackson/test/JsonTypeInfoTest.java","62","9","62","40"
"idDeserial",,"warning","Deserialization method called: com.fasterxml.jackson.databind.ObjectMapper.readValue","/jackson/src/main/java/com/threedr3am/bug/jackson/test/JsonTypeInfoTest.java","66","9","66","40"
"idDeserial",,"warning","Deserialization method called: com.fasterxml.jackson.databind.ObjectMapper.readValue","/jackson/src/main/java/com/threedr3am/bug/jackson/test/JsonTypeInfoTest.java","85","9","85","40"
"idDeserial",,"warning","Deserialization method called: com.fasterxml.jackson.databind.ObjectMapper.readValue","/jackson/src/main/java/com/threedr3am/bug/jackson/test/JsonTypeInfoTest.java","89","9","89","40"
"idDeserial",,"warning","Deserialization method called: com.fasterxml.jackson.databind.ObjectMapper.readValue","/jackson/src/main/java/com/threedr3am/bug/jackson/test/JsonTypeInfoTest.java","93","9","93","40"
"idDeserial",,"warning","Deserialization method called: com.fasterxml.jackson.databind.ObjectMapper.readValue","/jackson/src/main/java/com/threedr3am/bug/jackson/test/JsonTypeInfoTest.java","112","9","112","40"
"idDeserial",,"warning","Deserialization method called: com.fasterxml.jackson.databind.ObjectMapper.readValue","/jackson/src/main/java/com/threedr3am/bug/jackson/test/PocTest.java","25","5","25","40"
"idDeserial",,"warning","Deserialization method called: java.io.ObjectInputStream.readObject","/padding-oracle-cbc/src/main/java/com/threedr3am/bug/paddingoraclecbc/PaddingOracleCBCForShiro.java","87","9","88","25"
"idDeserial",,"warning","Deserialization method called: java.io.ObjectInputStream.readObject","/padding-oracle-cbc/src/main/java/com/threedr3am/bug/paddingoraclecbc/PaddingOracleCBCForShiro.java","77","5","78","21"
"idDeserial",,"warning","Deserialization method called: java.io.ObjectInputStream.readObject","/padding-oracle-cbc/src/main/java/com/threedr3am/bug/paddingoraclecbc/PaddingOracleCBCForShiro.java","95","5","97","21"
"idDeserial",,"warning","Deserialization method called: org.yaml.snakeyaml.Yaml.load","/spring/spring-boot-actuator-bug/src/main/java/com/threedr3am/bug/spring/actuator/snakeyaml/SnakeYamlTest.java","24","5","24","82"
"idDeserial",,"warning","Deserialization method called: org.yaml.snakeyaml.Yaml.load","/spring/spring-boot-actuator-bug/src/main/java/com/threedr3am/bug/spring/actuator/snakeyaml/SnakeYamlTest.java","29","5","29","153"
"idDeserial",,"warning","Deserialization method called: org.yaml.snakeyaml.Yaml.load","/spring/spring-boot-actuator-bug/src/main/java/com/threedr3am/bug/spring/actuator/snakeyaml/SnakeYamlTest.java","35","5","35","115"
