"idDeserial",,"warning","Deserialization method called: java.io.ObjectInputStream.readObject","/tlatools/org.lamport.tlatools/src/org/apache/commons/math3/exception/util/ExceptionContext.java","210","33","210","47"
"idDeserial",,"warning","Deserialization method called: java.io.ObjectInputStream.readObject","/tlatools/org.lamport.tlatools/src/org/apache/commons/math3/exception/util/ExceptionContext.java","264","51","264","65"
"idDeserial",,"warning","Deserialization method called: java.io.ObjectInputStream.readObject","/tlatools/org.lamport.tlatools/src/org/apache/commons/math3/exception/util/ExceptionContext.java","271","27","271","41"
"idDeserial",,"warning","Deserialization method called: java.io.ObjectInputStream.readObject","/tlatools/org.lamport.tlatools/src/org/apache/commons/math3/exception/util/ExceptionContext.java","317","41","317","55"
"idDeserial",,"warning","Deserialization method called: java.io.ObjectInputStream.readObject","/tlatools/org.lamport.tlatools/src/org/apache/commons/math3/exception/util/ExceptionContext.java","319","34","319","48"
"idDeserial",,"warning","Deserialization method called: java.io.ObjectInputStream.readObject","/tlatools/org.lamport.tlatools/src/tlc2/tool/TLCStateVec.java","55","39","55","54"
"idDeserial",,"warning","Deserialization method called: java.io.ObjectInputStream.readObject","/tlatools/org.lamport.tlatools/src/tlc2/tool/queue/DiskByteArrayQueue.java","369","25","369","40"
"idDeserial",,"warning","Deserialization method called: java.io.ObjectInputStream.readObject","/tlatools/org.lamport.tlatools/src/tlc2/tool/queue/DiskByteArrayQueue.java","371","27","371","42"
"idDeserial",,"warning","Deserialization method called: java.io.ObjectInputStream.readObject","/tlatools/org.lamport.tlatools/src/tlc2/tool/queue/DiskByteArrayQueue.java","540","26","540","41"
"idDeserial",,"warning","Deserialization method called: java.io.ObjectInputStream.readObject","/tlatools/org.lamport.tlatools/src/tlc2/tool/queue/DiskByteArrayQueue.java","544","28","544","43"
"idDeserial",,"warning","Deserialization method called: java.io.ObjectInputStream.readObject","/tlatools/org.lamport.tlatools/src/tlc2/util/DiskObjectStack.java","123","17","123","32"
"idDeserial",,"warning","Deserialization method called: java.io.ObjectInputStream.readObject","/tlatools/org.lamport.tlatools/src/tlc2/util/DiskObjectStack.java","126","17","126","32"
"idDeserial",,"warning","Deserialization method called: java.io.ObjectInputStream.readObject","/tlatools/org.lamport.tlatools/src/tlc2/util/LongVec.java","133","28","133","43"
"idDeserial",,"warning","Deserialization method called: java.io.ObjectInputStream.readObject","/tlatools/org.lamport.tlatools/src/tlc2/util/MemObjectQueue.java","92","19","92","34"
"idDeserial",,"warning","Deserialization method called: java.io.ObjectInputStream.readObject","/tlatools/org.lamport.tlatools/src/tlc2/util/MemObjectStack.java","81","19","81","34"
"idDeserial",,"warning","Deserialization method called: java.io.ObjectInputStream.readObject","/tlatools/org.lamport.tlatools/src/tlc2/util/ObjectPoolStack.java","94","57","94","72"
"idDeserial",,"warning","Deserialization method called: java.io.ObjectInputStream.readObject","/tlatools/org.lamport.tlatools/src/tlc2/util/StatePoolReader.java","144","24","144","39"
"idDeserial",,"warning","Deserialization method called: java.io.ObjectInputStream.readObject","/tlatools/org.lamport.tlatools/src/tlc2/util/StatePoolReader.java","148","28","148","43"
"idDeserial",,"warning","Deserialization method called: java.io.ObjectInputStream.readObject","/tlatools/org.lamport.tlatools/src/tlc2/util/StatePoolWriter.java","84","24","84","39"
"idDeserial",,"warning","Deserialization method called: java.io.ObjectInputStream.readObject","/tlatools/org.lamport.tlatools/src/tlc2/util/StatePoolWriter.java","86","28","86","43"
"idDeserial",,"warning","Deserialization method called: java.io.ObjectInputStream.readObject","/tlatools/org.lamport.tlatools/src/tlc2/value/impl/FcnLambdaValue.java","535","32","535","47"
"idDeserial",,"warning","Deserialization method called: java.io.ObjectInputStream.readObject","/tlatools/org.lamport.tlatools/src/tlc2/value/impl/LazyValue.java","286","23","286","38"
"idDeserial",,"warning","Deserialization method called: java.io.ObjectInputStream.readObject","/tlatools/org.lamport.tlatools/src/tlc2/value/impl/SetPredValue.java","216","26","216","41"
"idDeserial",,"warning","Deserialization method called: java.io.ObjectInputStream.readObject","/tlatools/org.lamport.tlatools/src/util/Set.java","350","19","350","32"
"idDeserial",,"warning","Deserialization method called: java.io.ObjectInputStream.readObject","/toolbox/org.lamport.tla.toolbox/src/org/lamport/tla/toolbox/util/ResourceHelper.java","2248","27","2248","50"
