"idDeserial",,"warning","Deserialization method called: com.fasterxml.jackson.databind.ObjectMapper.readValue","/src/main/java/com/tonikelope/megabasterd/CryptTools.java","453","39","453","115"
"idDeserial",,"warning","Deserialization method called: com.fasterxml.jackson.databind.ObjectMapper.readValue","/src/main/java/com/tonikelope/megabasterd/MegaAPI.java","173","29","173","72"
"idDeserial",,"warning","Deserialization method called: com.fasterxml.jackson.databind.ObjectMapper.readValue","/src/main/java/com/tonikelope/megabasterd/MegaAPI.java","209","29","209","72"
"idDeserial",,"warning","Deserialization method called: com.fasterxml.jackson.databind.ObjectMapper.readValue","/src/main/java/com/tonikelope/megabasterd/MegaAPI.java","227","29","227","72"
"idDeserial",,"warning","Deserialization method called: com.fasterxml.jackson.databind.ObjectMapper.readValue","/src/main/java/com/tonikelope/megabasterd/MegaAPI.java","297","33","297","76"
"idDeserial",,"warning","Deserialization method called: com.fasterxml.jackson.databind.ObjectMapper.readValue","/src/main/java/com/tonikelope/megabasterd/MegaAPI.java","341","33","341","76"
"idDeserial",,"warning","Deserialization method called: com.fasterxml.jackson.databind.ObjectMapper.readValue","/src/main/java/com/tonikelope/megabasterd/MegaAPI.java","568","29","568","73"
"idDeserial",,"warning","Deserialization method called: com.fasterxml.jackson.databind.ObjectMapper.readValue","/src/main/java/com/tonikelope/megabasterd/MegaAPI.java","607","29","607","73"
"idDeserial",,"warning","Deserialization method called: com.fasterxml.jackson.databind.ObjectMapper.readValue","/src/main/java/com/tonikelope/megabasterd/MegaAPI.java","683","23","683","64"
"idDeserial",,"warning","Deserialization method called: com.fasterxml.jackson.databind.ObjectMapper.readValue","/src/main/java/com/tonikelope/megabasterd/MegaAPI.java","709","33","709","76"
"idDeserial",,"warning","Deserialization method called: com.fasterxml.jackson.databind.ObjectMapper.readValue","/src/main/java/com/tonikelope/megabasterd/MegaAPI.java","752","33","752","76"
"idDeserial",,"warning","Deserialization method called: com.fasterxml.jackson.databind.ObjectMapper.readValue","/src/main/java/com/tonikelope/megabasterd/MegaAPI.java","810","29","810","71"
"idDeserial",,"warning","Deserialization method called: com.fasterxml.jackson.databind.ObjectMapper.readValue","/src/main/java/com/tonikelope/megabasterd/MegaAPI.java","841","23","841","66"
"idDeserial",,"warning","Deserialization method called: com.fasterxml.jackson.databind.ObjectMapper.readValue","/src/main/java/com/tonikelope/megabasterd/MegaAPI.java","898","23","898","66"
"idDeserial",,"warning","Deserialization method called: com.fasterxml.jackson.databind.ObjectMapper.readValue","/src/main/java/com/tonikelope/megabasterd/MegaAPI.java","928","23","928","66"
"idDeserial",,"warning","Deserialization method called: com.fasterxml.jackson.databind.ObjectMapper.readValue","/src/main/java/com/tonikelope/megabasterd/MegaAPI.java","956","23","956","61"
"idDeserial",,"warning","Deserialization method called: com.fasterxml.jackson.databind.ObjectMapper.readValue","/src/main/java/com/tonikelope/megabasterd/MegaAPI.java","987","23","987","61"
"idDeserial",,"warning","Deserialization method called: com.fasterxml.jackson.databind.ObjectMapper.readValue","/src/main/java/com/tonikelope/megabasterd/MegaAPI.java","1115","33","1115","76"
"idDeserial",,"warning","Deserialization method called: com.fasterxml.jackson.databind.ObjectMapper.readValue","/src/main/java/com/tonikelope/megabasterd/MegaAPI.java","1283","33","1283","76"
"idDeserial",,"warning","Deserialization method called: com.fasterxml.jackson.databind.ObjectMapper.readValue","/src/main/java/com/tonikelope/megabasterd/MegaCrypterAPI.java","131","27","131","68"
"idDeserial",,"warning","Deserialization method called: com.fasterxml.jackson.databind.ObjectMapper.readValue","/src/main/java/com/tonikelope/megabasterd/MegaCrypterAPI.java","168","27","168","68"
"idDeserial",,"warning","Deserialization method called: java.io.ObjectInputStream.readObject","/src/main/java/com/tonikelope/megabasterd/MiscTools.java","1591","52","1591","66"
"idDeserial",,"warning","Deserialization method called: java.io.ObjectInputStream.readObject","/src/main/java/com/tonikelope/megabasterd/MiscTools.java","1602","52","1602","66"
"idDeserial",,"warning","Deserialization method called: java.io.ObjectInputStream.readObject","/src/main/java/com/tonikelope/megabasterd/SettingsDialog.java","3203","86","3203","101"
