"idDeserial",,"warning","Deserialization method called: com.fasterxml.jackson.databind.ObjectMapper.readValue","/pdfsam-persistence/src/main/java/org/pdfsam/persistence/DefaultEntityRepository.java","64","35","64","70"
"idDeserial",,"warning","Deserialization method called: com.fasterxml.jackson.databind.ObjectMapper.readValue","/pdfsam-service/src/main/java/org/pdfsam/service/news/DefaultNewsService.java","67","21","67","110"
"idDeserial",,"warning","Deserialization method called: com.fasterxml.jackson.databind.ObjectMapper.readValue","/pdfsam-service/src/main/java/org/pdfsam/service/premium/DefaultPremiumToolsService.java","57","34","58","40"
"idDeserial",,"warning","Deserialization method called: com.fasterxml.jackson.databind.ObjectMapper.readValue","/pdfsam-service/src/main/java/org/pdfsam/service/ui/DefaultWorkspaceService.java","66","31","66","74"
"idDeserial",,"warning","Deserialization method called: com.fasterxml.jackson.databind.ObjectMapper.readValue","/pdfsam-service/src/main/java/org/pdfsam/service/update/DefaultUpdateService.java","57","20","59","94"
