"idDeserial",,"warning","Deserialization method called: com.fasterxml.jackson.databind.ObjectMapper.readValue","/src/main/java/org/traccar/api/signature/TokenManager.java","78","26","78","73"
"idDeserial",,"warning","Deserialization method called: com.fasterxml.jackson.databind.ObjectMapper.readValue","/src/main/java/org/traccar/broadcast/MulticastBroadcastService.java","101","39","101","90"
"idDeserial",,"warning","Deserialization method called: com.fasterxml.jackson.databind.ObjectMapper.readValue","/src/main/java/org/traccar/broadcast/RedisBroadcastService.java","112","47","112","102"
"idDeserial",,"warning","Deserialization method called: com.fasterxml.jackson.databind.ObjectMapper.readValue","/src/main/java/org/traccar/database/OpenIdProvider.java","100","48","101","14"
"idDeserial",,"warning","Deserialization method called: com.fasterxml.jackson.databind.ObjectMapper.readValue","/src/main/java/org/traccar/storage/QueryBuilder.java","389","47","389","90"
