"idDeserial",,"warning","Deserialization method called: com.google.gson.Gson.fromJson","/app/src/main/java/com/unclezs/novel/app/main/db/dao/TxtTocRuleDao.java","41","30","42","16"
"idDeserial",,"warning","Deserialization method called: com.google.gson.Gson.fromJson","/app/src/main/java/com/unclezs/novel/app/main/viewmodel/BackupViewModel.java","195","26","196","18"
"idDeserial",,"warning","Deserialization method called: com.google.gson.Gson.fromJson","/app/src/main/java/com/unclezs/novel/app/main/viewmodel/BackupViewModel.java","208","31","209","18"
"idDeserial",,"warning","Deserialization method called: com.google.gson.Gson.fromJson","/app/src/main/java/com/unclezs/novel/app/main/viewmodel/BackupViewModel.java","221","9","222","20"
"idDeserial",,"warning","Deserialization method called: com.google.gson.Gson.fromJson","/app/src/main/java/com/unclezs/novel/app/main/views/reader/ReaderView.java","401","34","403","18"
"idDeserial",,"warning","Deserialization method called: com.google.gson.Gson.fromJson","/app-framework/src/main/java/com/unclezs/novel/app/framework/serialize/PropertyJsonSerializer.java","53","12","53","37"
