"idDeserial",,"warning","Deserialization method called: java.io.ObjectInputStream.readObject","/core/src/main/java/io/undertow/util/FastConcurrentDirectDeque.java","1632","35","1632","48"
"idDeserial",,"warning","Deserialization method called: java.io.ObjectInputStream.readObject","/core/src/main/java/io/undertow/util/PortableConcurrentDirectDeque.java","1421","24","1421","37"
"idDeserial",,"warning","Deserialization method called: java.io.ObjectInputStream.readObject","/core/src/main/java/io/undertow/websockets/core/protocol/version07/Base64.java","1210","19","1210","34"
"idDeserial",,"warning","Deserialization method called: java.io.ObjectInputStream.readObject","/core/src/test/java/io/undertow/util/HttpStringTestCase.java","78","22","78","36"
"idDeserial",,"warning","Deserialization method called: java.io.ObjectInputStream.readObject","/servlet/src/main/java/io/undertow/servlet/util/InMemorySessionPersistence.java","80","68","80","82"
