"idDeserial",,"warning","Deserialization method called: com.google.gson.Gson.fromJson","/src/main/java/net/pms/configuration/GuiConfiguration.java","167","12","167","54"
"idDeserial",,"warning","Deserialization method called: com.google.gson.Gson.fromJson","/src/main/java/net/pms/configuration/old/MapFileConfiguration.java","143","10","143","38"
"idDeserial",,"warning","Deserialization method called: com.google.gson.Gson.fromJson","/src/main/java/net/pms/configuration/sharedcontent/SharedContentConfiguration.java","207","31","207","80"
"idDeserial",,"warning","Deserialization method called: com.google.gson.Gson.fromJson","/src/main/java/net/pms/configuration/sharedcontent/SharedContentConfiguration.java","246","33","246","77"
"idDeserial",,"warning","Deserialization method called: com.google.gson.Gson.fromJson","/src/main/java/net/pms/configuration/sharedcontent/SharedContentConfiguration.java","272","12","272","56"
"idDeserial",,"warning","Deserialization method called: java.io.ObjectInputStream.readObject","/src/main/java/net/pms/dlna/DLNAThumbnailFixer.java","64","27","64","42"
"idDeserial",,"warning","Deserialization method called: com.fasterxml.jackson.databind.ObjectMapper.readValue","/src/main/java/net/pms/external/musicbrainz/coverart/ProxiedCoverArtFactory.java","45","31","45","72"
"idDeserial",,"warning","Deserialization method called: com.google.gson.Gson.fromJson","/src/main/java/net/pms/external/umsapi/APIUtils.java","166","28","166","70"
"idDeserial",,"warning","Deserialization method called: com.google.gson.Gson.fromJson","/src/main/java/net/pms/external/umsapi/APIUtils.java","231","28","231","70"
"idDeserial",,"warning","Deserialization method called: com.google.gson.Gson.fromJson","/src/main/java/net/pms/external/umsapi/APIUtils.java","860","11","860","52"
"idDeserial",,"warning","Deserialization method called: com.google.gson.Gson.fromJson","/src/main/java/net/pms/external/umsapi/APIUtils.java","894","11","894","52"
"idDeserial",,"warning","Deserialization method called: com.google.gson.Gson.fromJson","/src/main/java/net/pms/external/umsapi/APIUtils.java","1154","43","1154","84"
"idDeserial",,"warning","Deserialization method called: com.google.gson.Gson.fromJson","/src/main/java/net/pms/media/video/metadata/MediaVideoMetadata.java","241","18","241","59"
"idDeserial",,"warning","Deserialization method called: com.google.gson.Gson.fromJson","/src/main/java/net/pms/media/video/metadata/MediaVideoMetadata.java","282","19","282","56"
"idDeserial",,"warning","Deserialization method called: com.google.gson.Gson.fromJson","/src/main/java/net/pms/media/video/metadata/MediaVideoMetadata.java","299","21","299","62"
"idDeserial",,"warning","Deserialization method called: com.google.gson.Gson.fromJson","/src/main/java/net/pms/media/video/metadata/MediaVideoMetadata.java","316","23","316","64"
"idDeserial",,"warning","Deserialization method called: com.google.gson.Gson.fromJson","/src/main/java/net/pms/media/video/metadata/MediaVideoMetadata.java","333","18","333","59"
"idDeserial",,"warning","Deserialization method called: com.google.gson.Gson.fromJson","/src/main/java/net/pms/media/video/metadata/MediaVideoMetadata.java","358","18","358","54"
"idDeserial",,"warning","Deserialization method called: com.google.gson.Gson.fromJson","/src/main/java/net/pms/media/video/metadata/MediaVideoMetadata.java","407","31","407","83"
"idDeserial",,"warning","Deserialization method called: com.google.gson.Gson.fromJson","/src/main/java/net/pms/media/video/metadata/MediaVideoMetadata.java","424","31","424","73"
"idDeserial",,"warning","Deserialization method called: com.google.gson.Gson.fromJson","/src/main/java/net/pms/media/video/metadata/MediaVideoMetadata.java","457","19","457","66"
"idDeserial",,"warning","Deserialization method called: com.google.gson.Gson.fromJson","/src/main/java/net/pms/media/video/metadata/TvSeriesMetadata.java","141","21","141","70"
"idDeserial",,"warning","Deserialization method called: com.google.gson.Gson.fromJson","/src/main/java/net/pms/media/video/metadata/TvSeriesMetadata.java","158","19","158","56"
"idDeserial",,"warning","Deserialization method called: com.google.gson.Gson.fromJson","/src/main/java/net/pms/media/video/metadata/TvSeriesMetadata.java","191","23","191","64"
"idDeserial",,"warning","Deserialization method called: com.google.gson.Gson.fromJson","/src/main/java/net/pms/media/video/metadata/TvSeriesMetadata.java","244","18","244","54"
"idDeserial",,"warning","Deserialization method called: com.google.gson.Gson.fromJson","/src/main/java/net/pms/media/video/metadata/TvSeriesMetadata.java","277","21","277","62"
"idDeserial",,"warning","Deserialization method called: com.google.gson.Gson.fromJson","/src/main/java/net/pms/media/video/metadata/TvSeriesMetadata.java","314","20","314","62"
"idDeserial",,"warning","Deserialization method called: com.google.gson.Gson.fromJson","/src/main/java/net/pms/media/video/metadata/TvSeriesMetadata.java","363","25","363","66"
"idDeserial",,"warning","Deserialization method called: com.google.gson.Gson.fromJson","/src/main/java/net/pms/media/video/metadata/TvSeriesMetadata.java","396","31","396","83"
"idDeserial",,"warning","Deserialization method called: com.google.gson.Gson.fromJson","/src/main/java/net/pms/media/video/metadata/TvSeriesMetadata.java","413","31","413","73"
"idDeserial",,"warning","Deserialization method called: com.google.gson.Gson.fromJson","/src/main/java/net/pms/media/video/metadata/TvSeriesMetadata.java","446","19","446","66"
"idDeserial",,"warning","Deserialization method called: com.google.gson.Gson.fromJson","/src/main/java/net/pms/media/video/metadata/TvSeriesMetadata.java","463","19","463","60"
"idDeserial",,"warning","Deserialization method called: com.google.gson.Gson.fromJson","/src/main/java/net/pms/media/video/metadata/TvSeriesMetadata.java","488","27","488","70"
"idDeserial",,"warning","Deserialization method called: com.google.gson.Gson.fromJson","/src/main/java/net/pms/network/HttpServletHelper.java","233","37","233","72"
"idDeserial",,"warning","Deserialization method called: com.google.gson.Gson.fromJson","/src/main/java/net/pms/network/webguiserver/GuiHttpServlet.java","125","24","125","60"
"idDeserial",,"warning","Deserialization method called: com.google.gson.Gson.fromJson","/src/main/java/net/pms/network/webguiserver/servlets/AuthApiServlet.java","105","30","105","80"
"idDeserial",,"warning","Deserialization method called: com.google.gson.Gson.fromJson","/src/main/java/net/pms/network/webguiserver/servlets/AuthApiServlet.java","149","30","149","80"
"idDeserial",,"warning","Deserialization method called: com.google.gson.Gson.fromJson","/src/main/java/net/pms/network/webplayerserver/servlets/PlayerAuthApiServlet.java","79","30","79","80"
"idDeserial",,"warning","Deserialization method called: com.google.gson.Gson.fromJson","/src/main/java/net/pms/renderers/RendererUser.java","47","32","47","76"
"idDeserial",,"warning","Deserialization method called: com.google.gson.Gson.fromJson","/src/main/java/net/pms/renderers/devices/players/WebGuiPlayer.java","91","30","91","67"
