"idDeserial",,"warning","Deserialization method called: com.google.gson.Gson.fromJson","/dss-appconn/appconns/dss-datachecker-appconn/src/main/java/com/webank/wedatasphere/dss/appconn/datachecker/utils/HttpUtils.java","97","15","97","83"
"idDeserial",,"warning","Deserialization method called: com.google.gson.Gson.fromJson","/dss-appconn/appconns/dss-dolphinscheduler-appconn/src/main/java/com/webank/wedatasphere/dss/appconn/dolphinscheduler/ref/DolphinSchedulerResponseRefBuilder.java","28","43","28","102"
"idDeserial",,"warning","Deserialization method called: com.google.gson.Gson.fromJson","/dss-appconn/appconns/dss-schedulis-appconn/src/main/java/com/webank/wedatasphere/dss/appconn/schedulis/conversion/AzkabanWorkflowToRelSynchronizer.java","131","33","131","84"
"idDeserial",,"warning","Deserialization method called: com.google.gson.Gson.fromJson","/dss-appconn/appconns/dss-schedulis-appconn/src/main/java/com/webank/wedatasphere/dss/appconn/schedulis/operation/SchedulisProjectCreationOperation.java","119","23","119","77"
"idDeserial",,"warning","Deserialization method called: com.google.gson.Gson.fromJson","/dss-appconn/appconns/dss-schedulis-appconn/src/main/java/com/webank/wedatasphere/dss/appconn/schedulis/operation/SchedulisProjectSearchOperation.java","31","23","31","82"
"idDeserial",,"warning","Deserialization method called: com.google.gson.Gson.fromJson","/dss-appconn/appconns/dss-schedulis-appconn/src/main/java/com/webank/wedatasphere/dss/appconn/schedulis/service/AzkabanUserService.java","54","39","54","94"
"idDeserial",,"warning","Deserialization method called: com.google.gson.Gson.fromJson","/dss-appconn/appconns/dss-schedulis-appconn/src/main/java/com/webank/wedatasphere/dss/appconn/schedulis/service/AzkabanUserService.java","67","46","67","119"
"idDeserial",,"warning","Deserialization method called: com.google.gson.Gson.fromJson","/dss-appconn/appconns/dss-schedulis-appconn/src/main/java/com/webank/wedatasphere/dss/appconn/schedulis/utils/AzkabanUtils.java","39","25","39","87"
"idDeserial",,"warning","Deserialization method called: com.google.gson.Gson.fromJson","/dss-appconn/appconns/dss-schedulis-appconn/src/main/java/com/webank/wedatasphere/dss/appconn/schedulis/utils/AzkabanUtils.java","29","30","29","89"
"idDeserial",,"warning","Deserialization method called: com.google.gson.Gson.fromJson","/dss-appconn/dss-appconn-manager/dss-appconn-manager-core/src/main/java/com/webank/wedatasphere/dss/appconn/manager/impl/AbstractAppConnManager.java","197","26","197","105"
"idDeserial",,"warning","Deserialization method called: com.google.gson.Gson.fromJson","/dss-appconn/dss-appconn-manager/dss-appconn-manager-core/src/main/java/com/webank/wedatasphere/dss/appconn/manager/impl/AppConnRefreshThread.java","107","50","107","120"
"idDeserial",,"warning","Deserialization method called: com.fasterxml.jackson.databind.ObjectMapper.readValue","/dss-apps/dss-apiservice-server/src/main/java/com/webank/wedatasphere/dss/apiservice/core/restful/ApiServiceExecuteRestfulApi.java","101","37","101","105"
"idDeserial",,"warning","Deserialization method called: com.google.gson.Gson.fromJson","/dss-apps/dss-apiservice-server/src/main/java/com/webank/wedatasphere/dss/apiservice/core/restful/ApiServiceExecuteRestfulApi.java","153","20","153","82"
"idDeserial",,"warning","Deserialization method called: com.google.gson.Gson.fromJson","/dss-apps/dss-apiservice-server/src/main/java/com/webank/wedatasphere/dss/apiservice/core/restful/ApiServiceExecuteRestfulApi.java","195","24","195","86"
"idDeserial",,"warning","Deserialization method called: java.io.ObjectInputStream.readObject","/dss-apps/dss-data-api/dss-data-api-server/src/main/java/com/webank/wedatasphere/dss/data/api/server/util/CryptoUtils.java","35","24","35","39"
"idDeserial",,"warning","Deserialization method called: com.google.gson.Gson.fromJson","/dss-apps/dss-data-governance/dss-data-governance-common/src/main/java/com/webank/wedatasphere/dss/data/common/atlas/AtlasService.java","60","37","60","76"
"idDeserial",,"warning","Deserialization method called: com.google.gson.Gson.fromJson","/dss-apps/dss-data-governance/dss-data-governance-common/src/main/java/com/webank/wedatasphere/dss/data/common/atlas/AtlasService.java","77","37","77","76"
"idDeserial",,"warning","Deserialization method called: com.google.gson.Gson.fromJson","/dss-apps/dss-data-governance/dss-data-governance-common/src/main/java/com/webank/wedatasphere/dss/data/common/atlas/AtlasService.java","95","47","95","93"
"idDeserial",,"warning","Deserialization method called: com.google.gson.Gson.fromJson","/dss-apps/dss-data-governance/dss-data-governance-common/src/main/java/com/webank/wedatasphere/dss/data/common/atlas/AtlasService.java","106","69","106","132"
"idDeserial",,"warning","Deserialization method called: com.google.gson.Gson.fromJson","/dss-apps/dss-data-governance/dss-data-governance-common/src/main/java/com/webank/wedatasphere/dss/data/common/atlas/AtlasService.java","117","69","117","132"
"idDeserial",,"warning","Deserialization method called: com.google.gson.Gson.fromJson","/dss-apps/dss-data-governance/dss-data-governance-common/src/main/java/com/webank/wedatasphere/dss/data/common/atlas/AtlasService.java","128","69","128","132"
"idDeserial",,"warning","Deserialization method called: com.google.gson.Gson.fromJson","/dss-apps/dss-data-governance/dss-data-governance-common/src/main/java/com/webank/wedatasphere/dss/data/common/atlas/AtlasService.java","138","73","138","138"
"idDeserial",,"warning","Deserialization method called: com.google.gson.Gson.fromJson","/dss-apps/dss-data-governance/dss-data-governance-common/src/main/java/com/webank/wedatasphere/dss/data/common/atlas/AtlasService.java","171","45","171","90"
"idDeserial",,"warning","Deserialization method called: com.google.gson.Gson.fromJson","/dss-apps/dss-data-governance/dss-data-governance-common/src/main/java/com/webank/wedatasphere/dss/data/common/atlas/AtlasService.java","181","47","181","93"
"idDeserial",,"warning","Deserialization method called: com.google.gson.Gson.fromJson","/dss-apps/dss-data-governance/dss-data-governance-common/src/main/java/com/webank/wedatasphere/dss/data/common/atlas/AtlasService.java","193","69","193","132"
"idDeserial",,"warning","Deserialization method called: com.google.gson.Gson.fromJson","/dss-apps/dss-data-governance/dss-data-governance-common/src/main/java/com/webank/wedatasphere/dss/data/common/atlas/AtlasService.java","210","39","210","81"
"idDeserial",,"warning","Deserialization method called: com.google.gson.Gson.fromJson","/dss-apps/dss-data-governance/dss-data-governance-common/src/main/java/com/webank/wedatasphere/dss/data/common/atlas/AtlasService.java","220","57","220","108"
"idDeserial",,"warning","Deserialization method called: com.google.gson.Gson.fromJson","/dss-apps/dss-data-governance/dss-data-governance-common/src/main/java/com/webank/wedatasphere/dss/data/common/atlas/AtlasService.java","266","39","266","81"
"idDeserial",,"warning","Deserialization method called: com.google.gson.Gson.fromJson","/dss-apps/dss-data-governance/dss-data-governance-common/src/main/java/com/webank/wedatasphere/dss/data/common/atlas/AtlasService.java","339","77","339","150"
"idDeserial",,"warning","Deserialization method called: com.google.gson.Gson.fromJson","/dss-apps/dss-scriptis-server/src/main/java/com/webank/wedatasphere/dss/scriptis/restful/ScriptisBackgroundServiceRestfulApi.java","63","25","63","130"
"idDeserial",,"warning","Deserialization method called: com.google.gson.Gson.fromJson","/dss-commons/dss-common/src/main/java/com/webank/wedatasphere/dss/common/utils/DSSCommonUtils.java","86","41","87","20"
"idDeserial",,"warning","Deserialization method called: com.google.gson.Gson.fromJson","/dss-commons/dss-common/src/main/java/com/webank/wedatasphere/dss/common/utils/DSSCommonUtils.java","98","37","99","20"
"idDeserial",,"warning","Deserialization method called: com.google.gson.Gson.fromJson","/dss-commons/dss-contextservice/src/main/java/com/webank/wedatasphere/dss/contextservice/service/impl/ContextServiceImpl.java","90","26","90","72"
"idDeserial",,"warning","Deserialization method called: com.google.gson.Gson.fromJson","/dss-commons/dss-contextservice/src/main/java/com/webank/wedatasphere/dss/contextservice/service/impl/ContextServiceImpl.java","144","37","144","83"
"idDeserial",,"warning","Deserialization method called: com.google.gson.Gson.fromJson","/dss-commons/dss-contextservice/src/main/java/com/webank/wedatasphere/dss/contextservice/service/impl/ContextServiceImpl.java","212","33","212","79"
"idDeserial",,"warning","Deserialization method called: com.google.gson.Gson.fromJson","/dss-commons/dss-contextservice/src/main/java/com/webank/wedatasphere/dss/contextservice/service/impl/ContextServiceImpl.java","367","37","367","83"
"idDeserial",,"warning","Deserialization method called: com.google.gson.Gson.fromJson","/dss-framework/dss-appconn-framework/src/main/java/com/webank/wedatasphere/dss/framework/appconn/restful/AppConn2LinkisRefExecutionRestfulApi.java","51","31","51","96"
"idDeserial",,"warning","Deserialization method called: com.google.gson.Gson.fromJson","/dss-framework/dss-appconn-framework/src/main/java/com/webank/wedatasphere/dss/framework/appconn/utils/AppConnServiceUtils.java","30","16","30","83"
"idDeserial",,"warning","Deserialization method called: com.google.gson.Gson.fromJson","/dss-framework/dss-framework-orchestrator-server/src/main/java/com/webank/wedatasphere/dss/orchestrator/server/restful/OrchestratorIERestful.java","183","44","183","97"
"idDeserial",,"warning","Deserialization method called: com.google.gson.Gson.fromJson","/dss-framework/framework-plugins/dss-framework-migrate-server/src/main/java/com/webank/wedatasphere/dss/migrate/restful/DSSMigrateRestful.java","473","44","473","97"
"idDeserial",,"warning","Deserialization method called: com.google.gson.Gson.fromJson","/dss-framework/framework-plugins/dss-framework-migrate-server/src/main/java/com/webank/wedatasphere/dss/migrate/restful/DSSMigrateRestful.java","505","43","505","110"
"idDeserial",,"warning","Deserialization method called: com.fasterxml.jackson.databind.ObjectMapper.readValue","/dss-framework/framework-plugins/dss-framework-orchestrator-publish/src/main/java/com/webank/wedatasphere/dss/orchestrator/publish/impl/ImportDSSOrchestratorPluginImpl.java","245","50","245","114"
"idDeserial",,"warning","Deserialization method called: com.google.gson.Gson.fromJson","/dss-orchestrator/dss-orchestrator-core/src/main/java/com/webank/wedatasphere/dss/orchestrator/core/type/OrchestratorJsonRelation.java","35","23","35","84"
"idDeserial",,"warning","Deserialization method called: com.fasterxml.jackson.databind.ObjectMapper.readValue","/dss-orchestrator/orchestrators/dss-workflow/dss-flow-execution-server/src/main/java/com/webank/wedatasphere/dss/flow/execution/entrance/restful/FlowEntranceRestfulApi.java","94","36","94","128"
"idDeserial",,"warning","Deserialization method called: com.fasterxml.jackson.databind.ObjectMapper.readValue","/dss-orchestrator/orchestrators/dss-workflow/dss-flow-execution-server/src/main/java/com/webank/wedatasphere/dss/flow/execution/entrance/restful/FlowExecutionRestfulApi.java","101","40","101","146"
"idDeserial",,"warning","Deserialization method called: com.fasterxml.jackson.databind.ObjectMapper.readValue","/dss-orchestrator/orchestrators/dss-workflow/dss-flow-execution-server/src/main/java/com/webank/wedatasphere/dss/flow/execution/entrance/restful/FlowExecutionRestfulApi.java","102","38","102","144"
"idDeserial",,"warning","Deserialization method called: com.fasterxml.jackson.databind.ObjectMapper.readValue","/dss-orchestrator/orchestrators/dss-workflow/dss-linkis-node-execution/src/main/java/com/webank/wedatasphere/dss/linkis/node/execution/job/Builder.java","108","26","108","76"
"idDeserial",,"warning","Deserialization method called: com.fasterxml.jackson.databind.ObjectMapper.readValue","/dss-orchestrator/orchestrators/dss-workflow/dss-linkis-node-execution/src/main/java/com/webank/wedatasphere/dss/linkis/node/execution/job/Builder.java","110","41","110","114"
"idDeserial",,"warning","Deserialization method called: com.fasterxml.jackson.databind.ObjectMapper.readValue","/dss-orchestrator/orchestrators/dss-workflow/dss-linkis-node-execution/src/main/java/com/webank/wedatasphere/dss/linkis/node/execution/job/Builder.java","136","52","136","117"
"idDeserial",,"warning","Deserialization method called: com.google.gson.Gson.fromJson","/dss-orchestrator/orchestrators/dss-workflow/dss-linkis-node-execution/src/main/java/com/webank/wedatasphere/dss/linkis/node/execution/parser/AppConn2LinkisJobParser.java","59","31","59","133"
"idDeserial",,"warning","Deserialization method called: com.google.gson.Gson.fromJson","/dss-orchestrator/orchestrators/dss-workflow/dss-linkis-node-execution/src/main/java/com/webank/wedatasphere/dss/linkis/node/execution/parser/AppConn2LinkisJobParser.java","70","52","70","125"
"idDeserial",,"warning","Deserialization method called: com.google.gson.Gson.fromJson","/dss-orchestrator/orchestrators/dss-workflow/dss-linkis-node-execution/src/main/java/com/webank/wedatasphere/dss/linkis/node/execution/parser/AppConn2LinkisJobParser.java","85","44","85","99"
"idDeserial",,"warning","Deserialization method called: com.google.gson.Gson.fromJson","/dss-orchestrator/orchestrators/dss-workflow/dss-linkis-node-execution/src/main/java/com/webank/wedatasphere/dss/linkis/node/execution/parser/BML2LinkisJobParser.java","27","38","27","140"
"idDeserial",,"warning","Deserialization method called: com.google.gson.Gson.fromJson","/dss-orchestrator/orchestrators/dss-workflow/dss-linkis-node-execution/src/main/java/com/webank/wedatasphere/dss/linkis/node/execution/parser/CodeParser.java","52","38","52","153"
"idDeserial",,"warning","Deserialization method called: com.google.gson.Gson.fromJson","/dss-orchestrator/orchestrators/dss-workflow/dss-linkis-node-execution/src/main/java/com/webank/wedatasphere/dss/linkis/node/execution/utils/LinkisJobExecutionUtils.java","35","16","35","53"
"idDeserial",,"warning","Deserialization method called: com.google.gson.Gson.fromJson","/dss-orchestrator/orchestrators/dss-workflow/dss-linkis-node-execution/src/main/java/com/webank/wedatasphere/dss/linkis/node/execution/utils/LinkisJobExecutionUtils.java","42","16","42","82"
"idDeserial",,"warning","Deserialization method called: com.google.gson.Gson.fromJson","/dss-orchestrator/orchestrators/dss-workflow/dss-workflow-sdk/src/main/java/com/webank/wedatasphere/dss/workflow/core/json2flow/parser/WorkflowDAGParser.java","67","34","68","20"
"idDeserial",,"warning","Deserialization method called: com.google.gson.Gson.fromJson","/dss-orchestrator/orchestrators/dss-workflow/dss-workflow-sdk/src/main/java/com/webank/wedatasphere/dss/workflow/core/json2flow/parser/WorkflowDAGParser.java","81","34","82","20"
"idDeserial",,"warning","Deserialization method called: com.google.gson.Gson.fromJson","/dss-orchestrator/orchestrators/dss-workflow/dss-workflow-sdk/src/main/java/com/webank/wedatasphere/dss/workflow/core/json2flow/parser/WorkflowPropsParser.java","35","43","36","20"
"idDeserial",,"warning","Deserialization method called: com.google.gson.Gson.fromJson","/dss-orchestrator/orchestrators/dss-workflow/dss-workflow-sdk/src/main/java/com/webank/wedatasphere/dss/workflow/core/json2flow/parser/WorkflowPropsParser.java","38","36","39","20"
"idDeserial",,"warning","Deserialization method called: com.google.gson.Gson.fromJson","/dss-orchestrator/orchestrators/dss-workflow/dss-workflow-server/src/main/java/com/webank/wedatasphere/dss/workflow/cs/DSSCSHelper.java","64","33","64","73"
"idDeserial",,"warning","Deserialization method called: com.fasterxml.jackson.databind.ObjectMapper.readValue","/dss-orchestrator/orchestrators/dss-workflow/dss-workflow-server/src/main/java/com/webank/wedatasphere/dss/workflow/io/input/impl/NodeInputServiceImpl.java","96","43","96","107"
"idDeserial",,"warning","Deserialization method called: com.fasterxml.jackson.databind.ObjectMapper.readValue","/dss-orchestrator/orchestrators/dss-workflow/dss-workflow-server/src/main/java/com/webank/wedatasphere/dss/workflow/io/input/impl/WorkFlowInputServiceImpl.java","218","51","218","121"
"idDeserial",,"warning","Deserialization method called: com.fasterxml.jackson.databind.ObjectMapper.readValue","/dss-orchestrator/orchestrators/dss-workflow/dss-workflow-server/src/main/java/com/webank/wedatasphere/dss/workflow/io/input/impl/WorkFlowInputServiceImpl.java","232","39","232","109"
"idDeserial",,"warning","Deserialization method called: com.fasterxml.jackson.databind.ObjectMapper.readValue","/dss-orchestrator/orchestrators/dss-workflow/dss-workflow-server/src/main/java/com/webank/wedatasphere/dss/workflow/parser/DefaultNodeParser.java","41","43","41","107"
"idDeserial",,"warning","Deserialization method called: com.fasterxml.jackson.databind.ObjectMapper.readValue","/dss-orchestrator/orchestrators/dss-workflow/dss-workflow-server/src/main/java/com/webank/wedatasphere/dss/workflow/parser/DefaultNodeParser.java","52","43","52","107"
"idDeserial",,"warning","Deserialization method called: com.fasterxml.jackson.databind.ObjectMapper.readValue","/dss-orchestrator/orchestrators/dss-workflow/dss-workflow-server/src/main/java/com/webank/wedatasphere/dss/workflow/parser/DefaultNodeParser.java","69","43","69","107"
"idDeserial",,"warning","Deserialization method called: com.google.gson.Gson.fromJson","/dss-orchestrator/orchestrators/dss-workflow/dss-workflow-server/src/main/java/com/webank/wedatasphere/dss/workflow/parser/DefaultNodeParser.java","80","36","81","20"
"idDeserial",,"warning","Deserialization method called: com.google.gson.Gson.fromJson","/dss-orchestrator/orchestrators/dss-workflow/dss-workflow-server/src/main/java/com/webank/wedatasphere/dss/workflow/parser/DefaultWorkFlowParser.java","47","36","48","20"
"idDeserial",,"warning","Deserialization method called: com.google.gson.Gson.fromJson","/dss-orchestrator/orchestrators/dss-workflow/dss-workflow-server/src/main/java/com/webank/wedatasphere/dss/workflow/parser/DefaultWorkFlowParser.java","57","34","58","20"
"idDeserial",,"warning","Deserialization method called: com.google.gson.Gson.fromJson","/dss-orchestrator/orchestrators/dss-workflow/dss-workflow-server/src/main/java/com/webank/wedatasphere/dss/workflow/parser/DefaultWorkFlowParser.java","67","31","68","20"
"idDeserial",,"warning","Deserialization method called: com.google.gson.Gson.fromJson","/dss-orchestrator/orchestrators/dss-workflow/dss-workflow-server/src/main/java/com/webank/wedatasphere/dss/workflow/parser/DefaultWorkFlowParser.java","80","37","81","20"
"idDeserial",,"warning","Deserialization method called: com.fasterxml.jackson.databind.ObjectMapper.readValue","/dss-orchestrator/orchestrators/dss-workflow/dss-workflow-server/src/main/java/com/webank/wedatasphere/dss/workflow/parser/DefaultWorkFlowParser.java","90","46","90","114"
"idDeserial",,"warning","Deserialization method called: com.fasterxml.jackson.databind.ObjectMapper.readValue","/dss-orchestrator/orchestrators/dss-workflow/dss-workflow-server/src/main/java/com/webank/wedatasphere/dss/workflow/parser/DefaultWorkFlowParser.java","101","46","101","114"
"idDeserial",,"warning","Deserialization method called: com.fasterxml.jackson.databind.ObjectMapper.readValue","/dss-orchestrator/orchestrators/dss-workflow/dss-workflow-server/src/main/java/com/webank/wedatasphere/dss/workflow/parser/DefaultWorkFlowParser.java","111","46","111","114"
"idDeserial",,"warning","Deserialization method called: com.google.gson.Gson.fromJson","/dss-orchestrator/orchestrators/dss-workflow/dss-workflow-server/src/main/java/com/webank/wedatasphere/dss/workflow/restful/FlowRestfulApi.java","119","33","119","95"
"idDeserial",,"warning","Deserialization method called: com.fasterxml.jackson.databind.ObjectMapper.readValue","/dss-orchestrator/orchestrators/dss-workflow/dss-workflow-server/src/main/java/com/webank/wedatasphere/dss/workflow/service/impl/DSSFlowServiceImpl.java","319","43","319","107"
"idDeserial",,"warning","Deserialization method called: com.fasterxml.jackson.databind.ObjectMapper.readValue","/dss-orchestrator/orchestrators/dss-workflow/dss-workflow-server/src/main/java/com/webank/wedatasphere/dss/workflow/service/impl/DSSFlowServiceImpl.java","555","47","555","111"
"idDeserial",,"warning","Deserialization method called: com.fasterxml.jackson.databind.ObjectMapper.readValue","/dss-orchestrator/orchestrators/dss-workflow/dss-workflow-server/src/main/java/com/webank/wedatasphere/dss/workflow/service/impl/DSSFlowServiceImpl.java","659","47","659","117"
"idDeserial",,"warning","Deserialization method called: com.fasterxml.jackson.databind.ObjectMapper.readValue","/dss-orchestrator/orchestrators/dss-workflow/dss-workflow-server/src/main/java/com/webank/wedatasphere/dss/workflow/service/impl/DSSFlowServiceImpl.java","670","35","670","105"
"idDeserial",,"warning","Deserialization method called: com.google.gson.Gson.fromJson","/dss-orchestrator/orchestrators/dss-workflow/dss-workflow-server/src/main/java/com/webank/wedatasphere/dss/workflow/service/impl/DSSFlowServiceImpl.java","718","24","719","20"
"idDeserial",,"warning","Deserialization method called: com.fasterxml.jackson.databind.ObjectMapper.readValue","/dss-orchestrator/orchestrators/dss-workflow/dss-workflow-server/src/main/java/com/webank/wedatasphere/dss/workflow/service/impl/WorkflowNodeServiceImpl.java","219","46","219","123"
"idDeserial",,"warning","Deserialization method called: com.google.gson.Gson.fromJson","/dss-orchestrator/orchestrators/dss-workflow/dss-workflow-server/src/main/java/com/webank/wedatasphere/dss/workflow/service/impl/WorkflowNodeServiceImpl.java","342","41","342","100"
"idDeserial",,"warning","Deserialization method called: com.google.gson.Gson.fromJson","/dss-standard/dss-standard-common/src/main/java/com/webank/wedatasphere/dss/standard/common/entity/ref/ResponseRefBuilder.java","38","47","38","106"
"idDeserial",,"warning","Deserialization method called: com.google.gson.Gson.fromJson","/dss-standard/dss-standard-common/src/main/java/com/webank/wedatasphere/dss/standard/common/entity/ref/ResponseRefBuilder.java","124","31","124","90"
"idDeserial",,"warning","Deserialization method called: com.google.gson.Gson.fromJson","/dss-standard/dss-standard-common/src/main/java/com/webank/wedatasphere/dss/standard/common/entity/ref/ResponseRefBuilder.java","136","27","136","86"
