"idDeserial",,"warning","Deserialization method called: com.google.gson.Gson.fromJson","/uikit/src/main/java/cn/wildfire/chat/kit/conversation/Draft.java","85","21","85","58"
"idDeserial",,"warning","Deserialization method called: com.google.gson.Gson.fromJson","/uikit/src/main/java/cn/wildfire/chat/kit/net/OKHttpHelper.java","234","36","234","94"
"idDeserial",,"warning","Deserialization method called: com.google.gson.Gson.fromJson","/uikit/src/main/java/cn/wildfire/chat/kit/net/OKHttpHelper.java","241","48","241","108"
"idDeserial",,"warning","Deserialization method called: com.google.gson.Gson.fromJson","/uikit/src/main/java/cn/wildfire/chat/kit/voip/conference/ConferenceManager.java","575","31","576","24"
"idDeserial",,"warning","Deserialization method called: com.google.gson.Gson.fromJson","/uikit/src/main/java/cn/wildfire/chat/kit/voip/conference/ConferenceManager.java","592","31","593","24"
