"idDeserial",,"warning","Deserialization method called: java.io.ObjectInputStream.readObject","/clustering/ee/cache/src/main/java/org/wildfly/clustering/ee/cache/scheduler/FastConcurrentDirectDeque.java","1573","35","1573","48"
"idDeserial",,"warning","Deserialization method called: java.io.ObjectInputStream.readObject","/clustering/marshalling/api/src/test/java/org/wildfly/clustering/marshalling/SerializationTestMarshaller.java","27","24","27","41"
"idDeserial",,"warning","Deserialization method called: java.io.ObjectInputStream.readObject","/clustering/marshalling/spi/src/test/java/org/wildfly/clustering/marshalling/spi/JavaByteBufferMarshaller.java","31","20","31","60"
"idDeserial",,"warning","Deserialization method called: java.io.ObjectInputStream.readObject","/connector/src/main/java/org/jboss/as/connector/subsystems/datasources/WildFlyDataSource.java","98","29","98","43"
"idDeserial",,"warning","Deserialization method called: java.io.ObjectInputStream.readObject","/ee/src/main/java/org/jboss/as/ee/concurrent/ConcurrentContext.java","243","63","243","77"
"idDeserial",,"warning","Deserialization method called: java.io.ObjectInputStream.readObject","/ee/src/main/java/org/jboss/as/ee/concurrent/handle/ThreadContextProviderContextHandleFactory.java","73","32","73","46"
"idDeserial",,"warning","Deserialization method called: java.io.ObjectInputStream.readObject","/ejb3/src/main/java/org/jboss/as/ejb3/component/concurrent/EJBContextHandleFactory.java","55","37","55","51"
"idDeserial",,"warning","Deserialization method called: java.io.ObjectInputStream.readObject","/naming/src/main/java/org/jboss/as/naming/util/FastCopyHashMap.java","447","25","447","38"
"idDeserial",,"warning","Deserialization method called: java.io.ObjectInputStream.readObject","/naming/src/main/java/org/jboss/as/naming/util/FastCopyHashMap.java","448","27","448","40"
"idDeserial",,"warning","Deserialization method called: java.io.ObjectInputStream.readObject","/testsuite/integration/basic/src/test/java/org/jboss/as/test/integration/batch/common/StepExecutionMarshaller.java","190","31","190","45"
"idDeserial",,"warning","Deserialization method called: java.io.ObjectInputStream.readObject","/testsuite/integration/basic/src/test/java/org/jboss/as/test/integration/ejb/stateful/serialization/StatefulSerializationTestCase.java","61","46","61","60"
"idDeserial",,"warning","Deserialization method called: java.io.ObjectInputStream.readObject","/testsuite/integration/iiop/src/test/java/org/jboss/as/test/iiop/basic/ClientEjb.java","98","24","98","53"
"idDeserial",,"warning","Deserialization method called: com.fasterxml.jackson.databind.ObjectMapper.readValue","/testsuite/integration/microprofile/src/test/java/org/wildfly/test/integration/microprofile/lra/participant/smoke/LRAParticipantSmokeTestCase.java","140","24","140","59"
"idDeserial",,"warning","Deserialization method called: com.fasterxml.jackson.databind.ObjectMapper.readValue","/testsuite/integration/microprofile/src/test/java/org/wildfly/test/integration/microprofile/lra/participant/smoke/model/Booking.java","70","20","70","68"
"idDeserial",,"warning","Deserialization method called: com.fasterxml.jackson.databind.ObjectMapper.readValue","/testsuite/integration/microprofile/src/test/java/org/wildfly/test/integration/microprofile/lra/participant/smoke/model/Booking.java","79","30","79","68"
"idDeserial",,"warning","Deserialization method called: java.io.ObjectInputStream.readObject","/testsuite/integration/multinode/src/test/java/org/jboss/as/test/multinode/ejb/timer/database/RefreshBeanBase.java","111","41","111","55"
"idDeserial",,"warning","Deserialization method called: java.io.ObjectInputStream.readObject","/testsuite/integration/web/src/test/java/org/jboss/as/test/integration/ee/concurrent/DefaultContextServiceTestServlet.java","54","51","54","65"
"idDeserial",,"warning","Deserialization method called: java.io.ObjectInputStream.readObject","/testsuite/shared/src/main/java/org/jboss/as/test/integration/transactions/XidsPersister.java","68","54","68","69"
"idDeserial",,"warning","Deserialization method called: java.io.ObjectInputStream.readObject","/web-common/src/main/java/org/jboss/as/web/common/ConcurrentReferenceHashMap.java","1704","25","1704","38"
"idDeserial",,"warning","Deserialization method called: java.io.ObjectInputStream.readObject","/web-common/src/main/java/org/jboss/as/web/common/ConcurrentReferenceHashMap.java","1705","27","1705","40"
