"idDeserial",,"warning","Deserialization method called: java.io.ObjectInputStream.readObject","/src/main/engine/net/sf/jailer/util/Base64.java","1105","10","1105","25"
"idDeserial",,"warning","Deserialization method called: java.io.ObjectInputStream.readObject","/src/main/gui/net/sf/jailer/ui/DbConnectionDialog.java","729","55","729","69"
"idDeserial",,"warning","Deserialization method called: java.io.ObjectInputStream.readObject","/src/main/gui/net/sf/jailer/ui/DbConnectionDialog.java","733","40","733","54"
"idDeserial",,"warning","Deserialization method called: java.io.ObjectInputStream.readObject","/src/main/gui/net/sf/jailer/ui/DbConnectionDialog.java","780","85","781","20"
"idDeserial",,"warning","Deserialization method called: java.io.ObjectInputStream.readObject","/src/main/gui/net/sf/jailer/ui/Settings.java","81","51","81","65"
"idDeserial",,"warning","Deserialization method called: java.io.ObjectInputStream.readObject","/src/main/gui/net/sf/jailer/ui/Settings.java","82","31","82","45"
"idDeserial",,"warning","Deserialization method called: java.io.ObjectInputStream.readObject","/src/main/gui/net/sf/jailer/ui/UIUtil.java","306","48","306","62"
"idDeserial",,"warning","Deserialization method called: java.io.ObjectInputStream.readObject","/src/main/gui/net/sf/jailer/ui/UIUtil.java","336","66","336","80"
"idDeserial",,"warning","Deserialization method called: java.io.ObjectInputStream.readObject","/src/main/gui/net/sf/jailer/ui/databrowser/whereconditioneditor/ConditionStorage.java","68","61","68","75"
"idDeserial",,"warning","Deserialization method called: java.io.ObjectInputStream.readObject","/src/main/gui/net/sf/jailer/ui/databrowser/sqlconsole/SQLConsole.java","3863","23","3863","37"
"idDeserial",,"warning","Deserialization method called: java.io.ObjectInputStream.readObject","/src/main/gui/net/sf/jailer/ui/pathfinder/PathFinderView.java","1327","39","1327","53"
"idDeserial",,"warning","Deserialization method called: java.io.ObjectInputStream.readObject","/src/main/gui/net/sf/jailer/ui/util/UISettings.java","103","40","103","54"
