"idDeserial",,"warning","Deserialization method called: com.google.gson.Gson.fromJson","/AppGrpc/src/main/java/com/yc/appgrpc/proto/JsonProtoTest.java","23","36","23","86"
"idDeserial",,"warning","Deserialization method called: com.google.gson.Gson.fromJson","/AppServer/src/main/java/com/yc/appserver/http/http/model/RequestHandler.java","114","22","114","72"
"idDeserial",,"warning","Deserialization method called: java.io.ObjectInputStream.readObject","/Business/DemoBusiness/src/main/java/com/yc/other/ui/activity/CloneAbleActivity.java","159","26","159","41"
"idDeserial",,"warning","Deserialization method called: java.io.ObjectInputStream.readObject","/CommonLib/AppFastSp/src/main/java/com/yc/appfastsp/ReadWriteManager.java","82","20","82","35"
"idDeserial",,"warning","Deserialization method called: com.google.gson.Gson.fromJson","/ServerLib/AppLogClient/src/main/java/com/yc/logclient/bean/AppLogBean.java","168","29","168","84"
"idDeserial",,"warning","Deserialization method called: com.google.gson.Gson.fromJson","/ServerLib/IpcServer/src/main/java/com/yc/ipc/util/CodeUtils.java","37","20","37","45"
"idDeserial",,"warning","Deserialization method called: com.google.gson.Gson.fromJson","/ServerLib/TcpManager/src/main/java/com/yc/tcp/utils/JsonUtils.java","23","16","23","41"
"idDeserial",,"warning","Deserialization method called: com.google.gson.Gson.fromJson","/ServerLib/TcpManager/src/main/java/com/yc/tcp/utils/JsonUtils.java","29","17","29","41"
"idDeserial",,"warning","Deserialization method called: com.google.gson.Gson.fromJson","/ServerLib/TcpManager/src/main/java/com/yc/tcp/utils/JsonUtils.java","47","16","47","43"
"idDeserial",,"warning","Deserialization method called: java.io.ObjectInputStream.readObject","/ThirdLib/LeakAndroid/src/main/java/com/squareup/leakcanary/AnalyzedHeap.java","45","38","45","53"
"idDeserial",,"warning","Deserialization method called: java.io.ObjectInputStream.readObject","/ThirdLib/LeakAndroid/src/main/java/com/squareup/leakcanary/AnalyzedHeap.java","46","48","46","63"
