"idDeserial",,"warning","Deserialization method called: com.fasterxml.jackson.databind.ObjectMapper.readValue","/src/main/java/com/zendesk/maxwell/monitoring/MaxwellConfigServlet.java","60","14","60","62"
"idDeserial",,"warning","Deserialization method called: com.fasterxml.jackson.databind.ObjectMapper.readValue","/src/main/java/com/zendesk/maxwell/row/RowMapDeserializer.java","203","10","203","50"
"idDeserial",,"warning","Deserialization method called: com.fasterxml.jackson.databind.ObjectMapper.readValue","/src/main/java/com/zendesk/maxwell/row/RowMapDeserializer.java","208","10","208","60"
"idDeserial",,"warning","Deserialization method called: com.fasterxml.jackson.databind.ObjectMapper.readValue","/src/main/java/com/zendesk/maxwell/schema/MysqlSavedSchema.java","539","22","539","71"
"idDeserial",,"warning","Deserialization method called: com.fasterxml.jackson.databind.ObjectMapper.readValue","/src/main/java/com/zendesk/maxwell/util/AbstractConfig.java","113","37","113","81"
"idDeserial",,"warning","Deserialization method called: java.io.ObjectInputStream.readObject","/src/main/java/com/zendesk/maxwell/util/ListWithDiskBuffer.java","63","20","63","34"
"idDeserial",,"warning","Deserialization method called: com.fasterxml.jackson.databind.ObjectMapper.readValue","/src/test/java/com/zendesk/maxwell/MaxwellTestJSON.java","28","10","28","54"
"idDeserial",,"warning","Deserialization method called: com.fasterxml.jackson.databind.ObjectMapper.readValue","/src/test/java/com/zendesk/maxwell/MaxwellTestJSON.java","125","27","125","94"
"idDeserial",,"warning","Deserialization method called: com.fasterxml.jackson.databind.ObjectMapper.readValue","/src/test/java/com/zendesk/maxwell/MaxwellTestJSON.java","146","25","146","92"
"idDeserial",,"warning","Deserialization method called: com.fasterxml.jackson.databind.ObjectMapper.readValue","/src/test/java/com/zendesk/maxwell/MysqlIsolatedServer.java","104","33","104","77"
"idDeserial",,"warning","Deserialization method called: com.fasterxml.jackson.databind.ObjectMapper.readValue","/src/test/java/com/zendesk/maxwell/MaxwellTestSupport.java","338","38","338","82"
"idDeserial",,"warning","Deserialization method called: com.fasterxml.jackson.databind.ObjectMapper.readValue","/src/test/java/com/zendesk/maxwell/schema/ddl/DDLSerializationTest.java","56","28","56","99"
"idDeserial",,"warning","Deserialization method called: com.fasterxml.jackson.databind.ObjectMapper.readValue","/src/test/java/com/zendesk/maxwell/schema/ddl/DDLSerializationTest.java","59","52","59","101"
"idDeserial",,"warning","Deserialization method called: com.fasterxml.jackson.databind.ObjectMapper.readValue","/src/test/java/com/zendesk/maxwell/schema/ddl/DDLSerializationTest.java","61","29","61","112"
