"idDeserial",,"warning","Deserialization method called: com.fasterxml.jackson.databind.ObjectMapper.readValue","/flink-tutorials/single-springboot-job/src/main/java/com/penglecode/flink/common/util/JsonUtils.java","88","12","88","46"
"idDeserial",,"warning","Deserialization method called: com.fasterxml.jackson.databind.ObjectMapper.readValue","/flink-tutorials/single-springboot-job/src/main/java/com/penglecode/flink/common/util/JsonUtils.java","140","12","140","54"
"idDeserial",,"warning","Deserialization method called: com.google.gson.Gson.fromJson","/flinkdatasourcedemo/src/main/java/com/bolingcavalry/connector/StudentSchema.java","29","16","29","62"
"idDeserial",,"warning","Deserialization method called: com.fasterxml.jackson.databind.ObjectMapper.readValue","/flinksql/src/main/java/com/bolingcavalry/json_serde/JsonDeserializer.java","40","20","40","63"
"idDeserial",,"warning","Deserialization method called: com.fasterxml.jackson.databind.ObjectMapper.readValue","/jacksondemo/annotation/src/main/java/com/bolingcavalry/jacksondemo/annotation/ClassAnnotationDeserializer.java","39","27","39","66"
"idDeserial",,"warning","Deserialization method called: com.fasterxml.jackson.databind.ObjectMapper.readValue","/jacksondemo/annotation/src/main/java/com/bolingcavalry/jacksondemo/annotation/JsonRootNameDeserialization.java","26","28","26","66"
"idDeserial",,"warning","Deserialization method called: com.fasterxml.jackson.databind.ObjectMapper.readValue","/jacksondemo/annotation/src/main/java/com/bolingcavalry/jacksondemo/annotation/classannonation/JsonIgnorePropertiesDeserializer.java","57","28","57","76"
"idDeserial",,"warning","Deserialization method called: com.fasterxml.jackson.databind.ObjectMapper.readValue","/jacksondemo/annotation/src/main/java/com/bolingcavalry/jacksondemo/annotation/classannonation/JsonIgnoreTypeDeserializer.java","65","28","65","76"
"idDeserial",,"warning","Deserialization method called: com.fasterxml.jackson.databind.ObjectMapper.readValue","/jacksondemo/annotation/src/main/java/com/bolingcavalry/jacksondemo/annotation/fieldannotation/JacksonInjectDeserialization.java","72","28","72","64"
"idDeserial",,"warning","Deserialization method called: com.fasterxml.jackson.databind.ObjectMapper.readValue","/jacksondemo/annotation/src/main/java/com/bolingcavalry/jacksondemo/annotation/fieldannotation/JsonDeserializeDeserialization.java","43","28","43","76"
"idDeserial",,"warning","Deserialization method called: com.fasterxml.jackson.databind.ObjectMapper.readValue","/jacksondemo/annotation/src/main/java/com/bolingcavalry/jacksondemo/annotation/fieldannotation/JsonIgnoreDeserialization.java","43","28","43","76"
"idDeserial",,"warning","Deserialization method called: com.fasterxml.jackson.databind.ObjectMapper.readValue","/jacksondemo/annotation/src/main/java/com/bolingcavalry/jacksondemo/annotation/fieldannotation/JsonPropertyDeserialization.java","36","28","36","76"
"idDeserial",,"warning","Deserialization method called: com.fasterxml.jackson.databind.ObjectMapper.readValue","/jacksondemo/annotation/src/main/java/com/bolingcavalry/jacksondemo/annotation/methodannotation/JsonAnySetterDeserialization.java","40","28","40","76"
"idDeserial",,"warning","Deserialization method called: com.fasterxml.jackson.databind.ObjectMapper.readValue","/jacksondemo/annotation/src/main/java/com/bolingcavalry/jacksondemo/annotation/methodannotation/JsonCreatorDeserialization.java","40","28","40","76"
"idDeserial",,"warning","Deserialization method called: com.fasterxml.jackson.databind.ObjectMapper.readValue","/jacksondemo/annotation/src/main/java/com/bolingcavalry/jacksondemo/annotation/methodannotation/JsonSetterDeserialization.java","21","28","21","76"
"idDeserial",,"warning","Deserialization method called: com.fasterxml.jackson.databind.ObjectMapper.readValue","/jacksondemo/databind/src/main/java/com/bolingcavalry/jacksondemo/databind/DatabindDemo.java","34","16","34","57"
"idDeserial",,"warning","Deserialization method called: com.fasterxml.jackson.databind.ObjectMapper.readValue","/jacksondemo/databind/src/main/java/com/bolingcavalry/jacksondemo/databind/DatabindDemo.java","44","16","44","65"
"idDeserial",,"warning","Deserialization method called: com.fasterxml.jackson.databind.ObjectMapper.readValue","/jacksondemo/databind/src/main/java/com/bolingcavalry/jacksondemo/databind/SimpleDemo.java","61","33","61","83"
"idDeserial",,"warning","Deserialization method called: com.fasterxml.jackson.databind.ObjectMapper.readValue","/jacksondemo/databind/src/main/java/com/bolingcavalry/jacksondemo/databind/SimpleDemo.java","65","34","65","95"
"idDeserial",,"warning","Deserialization method called: com.fasterxml.jackson.databind.ObjectMapper.readValue","/jacksondemo/databind/src/main/java/com/bolingcavalry/jacksondemo/databind/SimpleDemo.java","69","35","69","77"
"idDeserial",,"warning","Deserialization method called: com.fasterxml.jackson.databind.ObjectMapper.readValue","/jacksondemo/databind/src/main/java/com/bolingcavalry/jacksondemo/databind/SimpleDemo.java","75","33","75","94"
"idDeserial",,"warning","Deserialization method called: com.fasterxml.jackson.databind.ObjectMapper.readValue","/jacksondemo/databind/src/main/java/com/bolingcavalry/jacksondemo/databind/SimpleDemo.java","95","42","95","114"
"idDeserial",,"warning","Deserialization method called: com.fasterxml.jackson.databind.ObjectMapper.readValue","/jacksondemo/databind/src/main/java/com/bolingcavalry/jacksondemo/databind/SimpleDemo.java","146","44","146","95"
"idDeserial",,"warning","Deserialization method called: com.fasterxml.jackson.databind.ObjectMapper.readValue","/jacksondemo/databind/src/main/java/com/bolingcavalry/jacksondemo/databind/SimpleDemo.java","150","47","150","120"
"idDeserial",,"warning","Deserialization method called: com.fasterxml.jackson.databind.ObjectMapper.readValue","/javacv-tutorials/simple-grab-push/src/main/java/com/bolingcavalry/grabpush/extend/BaiduCloudService.java","93","34","93","83"
"idDeserial",,"warning","Deserialization method called: com.google.gson.Gson.fromJson","/kurentodemo/helloworld/src/main/java/com/bolingcavalry/helloworld/Handler.java","90","30","91","25"
"idDeserial",,"warning","Deserialization method called: com.google.gson.Gson.fromJson","/kurentodemo/player-with-record/src/main/java/com/bolingcavalry/playerwithrecord/PlayerHandler.java","51","30","51","82"
"idDeserial",,"warning","Deserialization method called: com.google.gson.Gson.fromJson","/kurentodemo/player-with-record/src/main/java/com/bolingcavalry/playerwithrecord/PlayerRecorderHandler.java","40","30","40","82"
"idDeserial",,"warning","Deserialization method called: com.google.gson.Gson.fromJson","/mybatis/curd/src/test/java/com/bolingcavalry/curd/controller/UserControllerTest.java","94","21","94","69"
"idDeserial",,"warning","Deserialization method called: com.google.gson.Gson.fromJson","/mybatis/druidonesource/src/test/java/com/bolingcavalry/druidonesource/controller/UserControllerTest.java","94","21","94","69"
"idDeserial",,"warning","Deserialization method called: com.google.gson.Gson.fromJson","/mybatis/druidtwosource/src/test/java/com/bolingcavalry/druidtwosource/controller/AddrestControllerTest.java","94","27","94","78"
"idDeserial",,"warning","Deserialization method called: com.google.gson.Gson.fromJson","/mybatis/druidtwosource/src/test/java/com/bolingcavalry/druidtwosource/controller/UserControllerTest.java","94","21","94","69"
"idDeserial",,"warning","Deserialization method called: com.fasterxml.jackson.databind.ObjectMapper.readValue","/openfaas/currenttime/src/main/java/com/openfaas/function/Handler.java","75","46","76","64"
"idDeserial",,"warning","Deserialization method called: com.esotericsoftware.kryo.Kryo.readClassAndObject","/redis-performance-demo-kryo/src/main/java/com/bolingcavalry/redisperformancedemokryo/Serializer/KryoRedisSerializer.java","65","24","65","53"
"idDeserial",,"warning","Deserialization method called: com.fasterxml.jackson.databind.ObjectMapper.readValue","/spring-cloud-tutorials/gateway-change-body/src/main/java/com/bolingcavalry/changebody/function/RequestBodyRewrite.java","43","39","43","77"
"idDeserial",,"warning","Deserialization method called: com.fasterxml.jackson.databind.ObjectMapper.readValue","/spring-cloud-tutorials/gateway-change-body/src/main/java/com/bolingcavalry/changebody/function/ResponseBodyRewrite.java","31","39","31","77"
"idDeserial",,"warning","Deserialization method called: com.fasterxml.jackson.databind.ObjectMapper.readValue","/spring-cloud-tutorials/gateway-dynamic-by-nacos/src/main/java/com/bolingcavalry/gateway/service/RouteOperator.java","88","32","88","110"
"idDeserial",,"warning","Deserialization method called: com.esotericsoftware.kryo.Kryo.readClassAndObject","/springboot-redis-kyro-demo/src/main/java/com/bolingcavalry/springbootrediskyrodemo/Serializer/KryoRedisSerializer.java","65","24","65","53"
