"QLInspector","find Java gadget chains","warning","recursive call to dangerous expression [[""openStream(...)""|""relative:///log4j-api/src/main/java/org/apache/logging/log4j/util/ProviderUtil.java:105:63:105:78""]]","/log4j-1.2-api/src/main/java/org/apache/log4j/config/PropertySetterException.java","57","19","57","28"
"QLInspector","find Java gadget chains","warning","recursive call to dangerous expression [[""openStream(...)""|""relative:///log4j-api/src/main/java/org/apache/logging/log4j/util/ProviderUtil.java:105:63:105:78""]]","/log4j-core/src/main/java/org/apache/logging/log4j/core/Logger.java","873","26","873","36"
"QLInspector","find Java gadget chains","warning","recursive call to dangerous expression [[""loadClass(...)""|""relative:///log4j-core/src/main/java/org/apache/logging/log4j/core/util/Loader.java:238:33:238:59""]]
recursive call to dangerous expression [[""openStream(...)""|""relative:///log4j-api/src/main/java/org/apache/logging/log4j/util/ProviderUtil.java:105:63:105:78""]]
recursive call to dangerous expression [[""loadClass(...)""|""relative:///log4j-core/src/main/java/org/apache/logging/log4j/core/impl/ThrowableProxyHelper.java:204:25:204:55""]]","/log4j-jpa/src/main/java/org/apache/logging/log4j/core/appender/db/jpa/BasicLogEventEntity.java","229","27","229","40"
"QLInspector","find Java gadget chains","warning","recursive call to dangerous expression [[""openStream(...)""|""relative:///log4j-api/src/main/java/org/apache/logging/log4j/util/ProviderUtil.java:105:63:105:78""]]","/log4j-jpa/src/main/java/org/apache/logging/log4j/core/appender/db/jpa/BasicLogEventEntity.java","119","30","119","38"
"QLInspector","find Java gadget chains","warning","recursive call to dangerous expression [[""loadClass(...)""|""relative:///log4j-core/src/main/java/org/apache/logging/log4j/core/util/Loader.java:238:33:238:59""]]
recursive call to dangerous expression [[""openStream(...)""|""relative:///log4j-api/src/main/java/org/apache/logging/log4j/util/ProviderUtil.java:105:63:105:78""]]
recursive call to dangerous expression [[""loadClass(...)""|""relative:///log4j-core/src/main/java/org/apache/logging/log4j/core/impl/ThrowableProxyHelper.java:204:25:204:55""]]","/log4j-jpa/src/test/java/org/apache/logging/log4j/core/appender/db/jpa/TestBaseEntity.java","158","27","158","40"
"QLInspector","find Java gadget chains","warning","recursive call to dangerous expression [[""openStream(...)""|""relative:///log4j-api/src/main/java/org/apache/logging/log4j/util/ProviderUtil.java:105:63:105:78""]]","/log4j-jpa/src/test/java/org/apache/logging/log4j/core/appender/db/jpa/TestBaseEntity.java","95","30","95","38"
"QLInspector","find Java gadget chains","warning","recursive call to dangerous expression [[""loadClass(...)""|""relative:///log4j-core/src/main/java/org/apache/logging/log4j/core/util/Loader.java:238:33:238:59""]]
recursive call to dangerous expression [[""openStream(...)""|""relative:///log4j-api/src/main/java/org/apache/logging/log4j/util/ProviderUtil.java:105:63:105:78""]]
recursive call to dangerous expression [[""loadClass(...)""|""relative:///log4j-core/src/main/java/org/apache/logging/log4j/core/impl/ThrowableProxyHelper.java:204:25:204:55""]]","/log4j-core/src/main/java/org/apache/logging/log4j/core/async/RingBufferLogEvent.java","349","27","349","40"
"QLInspector","find Java gadget chains","warning","recursive call to dangerous expression [[""openStream(...)""|""relative:///log4j-api/src/main/java/org/apache/logging/log4j/util/ProviderUtil.java:105:63:105:78""]]","/log4j-core/src/main/java/org/apache/logging/log4j/core/async/RingBufferLogEvent.java","244","19","244","37"
"QLInspector","find Java gadget chains","warning","recursive call to dangerous expression [[""openStream(...)""|""relative:///log4j-api/src/main/java/org/apache/logging/log4j/util/ProviderUtil.java:105:63:105:78""]]","/log4j-core/src/main/java/org/apache/logging/log4j/core/impl/Log4jLogEvent.java","959","33","959","43"
"QLInspector","find Java gadget chains","warning","recursive call to dangerous expression [[""openStream(...)""|""relative:///log4j-api/src/main/java/org/apache/logging/log4j/util/ProviderUtil.java:105:63:105:78""]]","/log4j-core/src/main/java/org/apache/logging/log4j/core/impl/Log4jLogEvent.java","879","30","879","38"
"QLInspector","find Java gadget chains","warning","recursive call to dangerous expression [[""loadClass(...)""|""relative:///log4j-core/src/main/java/org/apache/logging/log4j/core/util/Loader.java:238:33:238:59""]]
recursive call to dangerous expression [[""openStream(...)""|""relative:///log4j-api/src/main/java/org/apache/logging/log4j/util/ProviderUtil.java:105:63:105:78""]]
recursive call to dangerous expression [[""loadClass(...)""|""relative:///log4j-core/src/main/java/org/apache/logging/log4j/core/impl/ThrowableProxyHelper.java:204:25:204:55""]]","/log4j-core/src/main/java/org/apache/logging/log4j/core/impl/Log4jLogEvent.java","821","27","821","40"
"QLInspector","find Java gadget chains","warning","recursive call to dangerous expression [[""openStream(...)""|""relative:///log4j-api/src/main/java/org/apache/logging/log4j/util/ProviderUtil.java:105:63:105:78""]]","/log4j-core-test/src/test/java/org/apache/logging/log4j/core/impl/NestedLoggingFromThrowableMessageTest.java","66","23","66","32"
"QLInspector","find Java gadget chains","warning","recursive call to dangerous expression [[""openStream(...)""|""relative:///log4j-api/src/main/java/org/apache/logging/log4j/util/ProviderUtil.java:105:63:105:78""]]","/log4j-core/src/main/java/org/apache/logging/log4j/core/impl/MutableLogEvent.java","368","30","368","38"
"QLInspector","find Java gadget chains","warning","recursive call to dangerous expression [[""loadClass(...)""|""relative:///log4j-core/src/main/java/org/apache/logging/log4j/core/util/Loader.java:238:33:238:59""]]
recursive call to dangerous expression [[""openStream(...)""|""relative:///log4j-api/src/main/java/org/apache/logging/log4j/util/ProviderUtil.java:105:63:105:78""]]
recursive call to dangerous expression [[""loadClass(...)""|""relative:///log4j-core/src/main/java/org/apache/logging/log4j/core/impl/ThrowableProxyHelper.java:204:25:204:55""]]","/log4j-core/src/main/java/org/apache/logging/log4j/core/impl/MutableLogEvent.java","351","27","351","40"
"QLInspector","find Java gadget chains","warning","recursive call to dangerous expression [[""loadClass(...)""|""relative:///log4j-core/src/main/java/org/apache/logging/log4j/core/util/Loader.java:238:33:238:59""]]
recursive call to dangerous expression [[""openStream(...)""|""relative:///log4j-api/src/main/java/org/apache/logging/log4j/util/ProviderUtil.java:105:63:105:78""]]
recursive call to dangerous expression [[""loadClass(...)""|""relative:///log4j-core/src/main/java/org/apache/logging/log4j/core/impl/ThrowableProxyHelper.java:204:25:204:55""]]","/log4j-core/src/main/java/org/apache/logging/log4j/core/layout/AbstractJacksonLayout.java","519","31","519","44"
"QLInspector","find Java gadget chains","warning","recursive call to dangerous expression [[""openStream(...)""|""relative:///log4j-api/src/main/java/org/apache/logging/log4j/util/ProviderUtil.java:105:63:105:78""]]","/log4j-core/src/main/java/org/apache/logging/log4j/core/layout/AbstractJacksonLayout.java","494","34","494","42"
"QLInspector","find Java gadget chains","warning","recursive call to dangerous expression [[""loadClass(...)""|""relative:///log4j-core/src/main/java/org/apache/logging/log4j/core/util/Loader.java:238:33:238:59""]]
recursive call to dangerous expression [[""openStream(...)""|""relative:///log4j-api/src/main/java/org/apache/logging/log4j/util/ProviderUtil.java:105:63:105:78""]]
recursive call to dangerous expression [[""loadClass(...)""|""relative:///log4j-core/src/main/java/org/apache/logging/log4j/core/impl/ThrowableProxyHelper.java:204:25:204:55""]]","/log4j-flume-ng/src/main/java/org/apache/logging/log4j/flume/appender/FlumeEvent.java","335","27","335","40"
"QLInspector","find Java gadget chains","warning","recursive call to dangerous expression [[""openStream(...)""|""relative:///log4j-api/src/main/java/org/apache/logging/log4j/util/ProviderUtil.java:105:63:105:78""]]","/log4j-flume-ng/src/main/java/org/apache/logging/log4j/flume/appender/FlumeEvent.java","244","30","244","38"
"QLInspector","find Java gadget chains","warning","recursive call to dangerous expression [[""openStream(...)""|""relative:///log4j-api/src/main/java/org/apache/logging/log4j/util/ProviderUtil.java:105:63:105:78""]]","/log4j-layout-template-json-test/src/test/java/org/apache/logging/log4j/layout/template/json/ThreadLocalRecyclerNestedLoggingTest.java","50","23","50","32"
"QLInspector","find Java gadget chains","warning","recursive call to dangerous expression [[""openStream(...)""|""relative:///log4j-api/src/main/java/org/apache/logging/log4j/util/ProviderUtil.java:105:63:105:78""]]","/log4j-api/src/main/java/org/apache/logging/log4j/message/DefaultFlowMessageFactory.java","157","23","157","41"
"QLInspector","find Java gadget chains","warning","recursive call to dangerous expression [[""openStream(...)""|""relative:///log4j-api/src/main/java/org/apache/logging/log4j/util/ProviderUtil.java:105:63:105:78""]]","/log4j-api/src/main/java/org/apache/logging/log4j/message/DefaultFlowMessageFactory.java","69","23","69","41"
"QLInspector","find Java gadget chains","warning","recursive call to dangerous expression [[""openStream(...)""|""relative:///log4j-api/src/main/java/org/apache/logging/log4j/util/ProviderUtil.java:105:63:105:78""]]","/log4j-api/src/main/java/org/apache/logging/log4j/message/FormattedMessage.java","166","19","166","37"
"QLInspector","find Java gadget chains","warning","recursive call to dangerous expression [[""openStream(...)""|""relative:///log4j-api/src/main/java/org/apache/logging/log4j/util/ProviderUtil.java:105:63:105:78""]]","/log4j-api-test/src/test/java/org/apache/logging/log4j/message/JsonMessage.java","42","19","42","37"
"QLInspector","find Java gadget chains","warning","recursive call to dangerous expression [[""openStream(...)""|""relative:///log4j-api/src/main/java/org/apache/logging/log4j/util/ProviderUtil.java:105:63:105:78""]]","/log4j-api/src/main/java/org/apache/logging/log4j/message/LocalizedMessage.java","179","19","179","37"
"QLInspector","find Java gadget chains","warning","recursive call to dangerous expression [[""openStream(...)""|""relative:///log4j-api/src/main/java/org/apache/logging/log4j/util/ProviderUtil.java:105:63:105:78""]]","/log4j-api/src/main/java/org/apache/logging/log4j/message/MapMessage.java","374","19","374","37"
"QLInspector","find Java gadget chains","warning","recursive call to dangerous expression [[""openStream(...)""|""relative:///log4j-api/src/main/java/org/apache/logging/log4j/util/ProviderUtil.java:105:63:105:78""]]","/log4j-api/src/main/java/org/apache/logging/log4j/message/MessageFormatMessage.java","84","19","84","37"
"QLInspector","find Java gadget chains","warning","recursive call to dangerous expression [[""openStream(...)""|""relative:///log4j-api/src/main/java/org/apache/logging/log4j/util/ProviderUtil.java:105:63:105:78""]]","/log4j-api/src/main/java/org/apache/logging/log4j/message/ParameterizedMessage.java","245","19","245","37"
"QLInspector","find Java gadget chains","warning","recursive call to dangerous expression [[""openStream(...)""|""relative:///log4j-api/src/main/java/org/apache/logging/log4j/util/ProviderUtil.java:105:63:105:78""]]","/log4j-api/src/main/java/org/apache/logging/log4j/message/ReusableParameterizedMessage.java","339","19","339","37"
"QLInspector","find Java gadget chains","warning","recursive call to dangerous expression [[""openStream(...)""|""relative:///log4j-api/src/main/java/org/apache/logging/log4j/util/ProviderUtil.java:105:63:105:78""]]","/log4j-api/src/main/java/org/apache/logging/log4j/message/StringFormattedMessage.java","87","19","87","37"
"QLInspector","find Java gadget chains","warning","recursive call to dangerous expression [[""openStream(...)""|""relative:///log4j-api/src/main/java/org/apache/logging/log4j/util/ProviderUtil.java:105:63:105:78""]]","/log4j-api/src/main/java/org/apache/logging/log4j/message/StructuredDataCollectionMessage.java","43","19","43","37"
"QLInspector","find Java gadget chains","warning","recursive call to dangerous expression [[""openStream(...)""|""relative:///log4j-api/src/main/java/org/apache/logging/log4j/util/ProviderUtil.java:105:63:105:78""]]","/log4j-api/src/main/java/org/apache/logging/log4j/message/StructuredDataMessage.java","370","19","370","37"
"QLInspector","find Java gadget chains","warning","recursive call to dangerous expression [[""openStream(...)""|""relative:///log4j-api/src/main/java/org/apache/logging/log4j/util/ProviderUtil.java:105:63:105:78""]]","/log4j-api/src/main/java/org/apache/logging/log4j/status/StatusData.java","168","19","168","36"
"QLInspector","find Java gadget chains","warning","recursive call to dangerous expression [[""openStream(...)""|""relative:///log4j-api/src/main/java/org/apache/logging/log4j/util/ProviderUtil.java:105:63:105:78""]]","/log4j-taglib/src/main/java/org/apache/logging/log4j/taglib/LoggerAwareTagSupport.java","55","39","55","47"
"QLInspector","find Java gadget chains","warning","recursive call to dangerous expression [[""openStream(...)""|""relative:///log4j-api/src/main/java/org/apache/logging/log4j/util/ProviderUtil.java:105:63:105:78""]]","/log4j-to-jul/src/main/java/org/apache/logging/log4j/tojul/LazyLog4jLogRecord.java","49","19","49","37"
"QLInspector","find Java gadget chains","warning","recursive call to dangerous expression [[""openStream(...)""|""relative:///log4j-api/src/main/java/org/apache/logging/log4j/util/ProviderUtil.java:105:63:105:78""]]","/log4j-to-jul/src/main/java/org/apache/logging/log4j/tojul/LazyLog4jLogRecord.java","41","19","41","36"
"QLInspector","find Java gadget chains","warning","recursive call to dangerous expression [[""openStream(...)""|""relative:///log4j-api/src/main/java/org/apache/logging/log4j/util/ProviderUtil.java:105:63:105:78""]]
recursive call to dangerous expression [[""invoke(...)""|""relative:///log4j-api/src/main/java/org/apache/logging/log4j/util/internal/SerializationUtil.java:117:36:117:66""]]
recursive call to dangerous expression [[""invoke(...)""|""relative:///log4j-api/src/main/java/org/apache/logging/log4j/util/internal/SerializationUtil.java:118:39:118:76""]]
recursive call to dangerous expression [[""invoke(...)""|""relative:///log4j-api/src/main/java/org/apache/logging/log4j/util/internal/SerializationUtil.java:120:17:120:56""]]","/log4j-api/src/main/java/org/apache/logging/log4j/message/ObjectMessage.java","132","18","132","27"
"QLInspector","find Java gadget chains","warning","recursive call to dangerous expression [[""openStream(...)""|""relative:///log4j-api/src/main/java/org/apache/logging/log4j/util/ProviderUtil.java:105:63:105:78""]]
recursive call to dangerous expression [[""invoke(...)""|""relative:///log4j-api/src/main/java/org/apache/logging/log4j/util/internal/SerializationUtil.java:117:36:117:66""]]
recursive call to dangerous expression [[""invoke(...)""|""relative:///log4j-api/src/main/java/org/apache/logging/log4j/util/internal/SerializationUtil.java:118:39:118:76""]]
recursive call to dangerous expression [[""invoke(...)""|""relative:///log4j-api/src/main/java/org/apache/logging/log4j/util/internal/SerializationUtil.java:120:17:120:56""]]","/log4j-api/src/main/java/org/apache/logging/log4j/message/ParameterizedMessage.java","384","18","384","27"
"QLInspector","find Java gadget chains","warning","recursive call to dangerous expression [[""openStream(...)""|""relative:///log4j-api/src/main/java/org/apache/logging/log4j/util/ProviderUtil.java:105:63:105:78""]]
recursive call to dangerous expression [[""invoke(...)""|""relative:///log4j-api/src/main/java/org/apache/logging/log4j/util/internal/SerializationUtil.java:117:36:117:66""]]
recursive call to dangerous expression [[""invoke(...)""|""relative:///log4j-api/src/main/java/org/apache/logging/log4j/util/internal/SerializationUtil.java:118:39:118:76""]]
recursive call to dangerous expression [[""invoke(...)""|""relative:///log4j-api/src/main/java/org/apache/logging/log4j/util/internal/SerializationUtil.java:120:17:120:56""]]","/log4j-api/src/main/java/org/apache/logging/log4j/util/SortedArrayStringMap.java","510","18","510","27"
"QLInspector","find Java gadget chains","warning","recursive call to dangerous expression [[""openStream(...)""|""relative:///log4j-api/src/main/java/org/apache/logging/log4j/util/ProviderUtil.java:105:63:105:78""]]","/log4j-core/src/main/java/org/apache/logging/log4j/core/appender/ConsoleAppender.java","79","28","79","44"
"QLInspector","find Java gadget chains","warning","recursive call to dangerous expression [[""openStream(...)""|""relative:///log4j-api/src/main/java/org/apache/logging/log4j/util/ProviderUtil.java:105:63:105:78""]]","/log4j-core/src/main/java/org/apache/logging/log4j/core/appender/ConsoleAppender.java","88","28","88","44"
"QLInspector","find Java gadget chains","warning","recursive call to dangerous expression [[""openStream(...)""|""relative:///log4j-api/src/main/java/org/apache/logging/log4j/util/ProviderUtil.java:105:63:105:78""]]
recursive call to dangerous expression [[""openStream(...)""|""relative:///log4j-api/src/main/java/org/apache/logging/log4j/util/ProviderUtil.java:105:63:105:78""]]","/log4j-slf4j-impl/src/main/java/org/apache/logging/slf4j/Log4jLogger.java","386","18","386","27"
"QLInspector","find Java gadget chains","warning","recursive call to dangerous expression [[""openStream(...)""|""relative:///log4j-api/src/main/java/org/apache/logging/log4j/util/ProviderUtil.java:105:63:105:78""]]
recursive call to dangerous expression [[""openStream(...)""|""relative:///log4j-api/src/main/java/org/apache/logging/log4j/util/ProviderUtil.java:105:63:105:78""]]","/log4j-slf4j2-impl/src/main/java/org/apache/logging/slf4j/Log4jLogger.java","386","18","386","27"
