"QLInspector","find Java gadget chains","warning","recursive call to dangerous expression [[""invoke(...)""|""relative:///activemq-client/src/main/java/org/apache/activemq/util/IntrospectionSupport.java:69:36:69:56""]]","/activemq-client/src/main/java/org/apache/activemq/jndi/JNDIBaseStorable.java","82","22","82","33"
"QLInspector","find Java gadget chains","warning","recursive call to dangerous expression [[""invoke(...)""|""relative:///activemq-client/src/main/java/org/apache/activemq/util/IntrospectionSupport.java:69:36:69:56""]]","/activemq-client/src/main/java/org/apache/activemq/jndi/JNDIBaseStorable.java","68","36","68","48"
"QLInspector","find Java gadget chains","warning","recursive call to dangerous expression [[""invoke(...)""|""relative:///activemq-client/src/main/java/org/apache/activemq/util/IntrospectionSupport.java:69:36:69:56""]]","/activemq-pool/src/main/java/org/apache/activemq/pool/XaPooledConnectionFactory.java","160","22","160","33"
"QLInspector","find Java gadget chains","warning","recursive call to dangerous expression [[""invoke(...)""|""relative:///activemq-client/src/main/java/org/apache/activemq/util/IntrospectionSupport.java:69:36:69:56""]]","/activemq-pool/src/main/java/org/apache/activemq/pool/XaPooledConnectionFactory.java","153","23","153","35"
"QLInspector","find Java gadget chains","warning","recursive call to dangerous expression [[""new FileInputStream(...)""|""relative:///activemq-client/src/main/java/org/apache/activemq/ActiveMQSslConnectionFactory.java:187:24:187:49""]]
recursive call to dangerous expression [[""openStream(...)""|""relative:///activemq-client/src/main/java/org/apache/activemq/ActiveMQSslConnectionFactory.java:196:19:196:34""]]","/activemq-web/src/main/java/org/apache/activemq/web/WebClient.java","318","41","318","51"
"QLInspector","find Java gadget chains","warning","recursive call to dangerous expression [[""new FileInputStream(...)""|""relative:///activemq-client/src/main/java/org/apache/activemq/ActiveMQSslConnectionFactory.java:187:24:187:49""]]
recursive call to dangerous expression [[""openStream(...)""|""relative:///activemq-client/src/main/java/org/apache/activemq/ActiveMQSslConnectionFactory.java:196:19:196:34""]]","/activemq-web/src/main/java/org/apache/activemq/web/WebClient.java","256","23","256","35"
"QLInspector","find Java gadget chains","warning","recursive call to dangerous expression [[""new FileInputStream(...)""|""relative:///activemq-client/src/main/java/org/apache/activemq/ActiveMQSslConnectionFactory.java:187:24:187:49""]]
recursive call to dangerous expression [[""openStream(...)""|""relative:///activemq-client/src/main/java/org/apache/activemq/ActiveMQSslConnectionFactory.java:196:19:196:34""]]","/activemq-web/src/main/java/org/apache/activemq/web/WebClient.java","249","20","249","29"
