"QLInspector","find Java gadget chains","warning","recursive call to dangerous expression [[""openStream(...)""|""relative:///tika-core/src/main/java/org/apache/tika/mime/MimeTypesFactory.java:103:26:103:45""]]","/tika-core/src/main/java/org/apache/tika/mime/MediaTypeRegistry.java","53","37","53","54"
"QLInspector","find Java gadget chains","warning","recursive call to dangerous expression [[""openStream(...)""|""relative:///tika-core/src/main/java/org/apache/tika/mime/MimeTypesFactory.java:103:26:103:45""]]","/tika-core/src/main/java/org/apache/tika/mime/MimeTypes.java","136","42","136","60"
"QLInspector","find Java gadget chains","warning","recursive call to dangerous expression [[""invoke(...)""|""relative:///tika-core/src/main/java/org/apache/tika/utils/XMLReaderUtils.java:724:17:724:59""]]","/tika-core/src/main/java/org/apache/tika/parser/ParseContext.java","205","28","205","45"
"QLInspector","find Java gadget chains","warning","recursive call to dangerous expression [[""invoke(...)""|""relative:///tika-core/src/main/java/org/apache/tika/utils/XMLReaderUtils.java:767:17:767:59""]]","/tika-core/src/main/java/org/apache/tika/parser/ParseContext.java","133","22","133","33"
"QLInspector","find Java gadget chains","warning","recursive call to dangerous expression [[""invoke(...)""|""relative:///tika-core/src/main/java/org/apache/tika/utils/XMLReaderUtils.java:767:17:767:59""]]","/tika-core/src/main/java/org/apache/tika/parser/ParseContext.java","113","22","113","33"
"QLInspector","find Java gadget chains","warning","recursive call to dangerous expression [[""invoke(...)""|""relative:///tika-core/src/main/java/org/apache/tika/utils/XMLReaderUtils.java:724:17:724:59""]]","/tika-core/src/main/java/org/apache/tika/utils/XMLReaderUtils.java","276","35","276","52"
"QLInspector","find Java gadget chains","warning","recursive call to dangerous expression [[""invoke(...)""|""relative:///tika-core/src/main/java/org/apache/tika/utils/XMLReaderUtils.java:724:17:724:59""]]","/tika-core/src/main/java/org/apache/tika/utils/XMLReaderUtils.java","244","42","244","66"
"QLInspector","find Java gadget chains","warning","recursive call to dangerous expression [[""invoke(...)""|""relative:///tika-core/src/main/java/org/apache/tika/utils/XMLReaderUtils.java:767:17:767:59""]]","/tika-core/src/main/java/org/apache/tika/utils/XMLReaderUtils.java","194","29","194","40"
"QLInspector","find Java gadget chains","warning","recursive call to dangerous expression [[""invoke(...)""|""relative:///tika-core/src/main/java/org/apache/tika/utils/XMLReaderUtils.java:767:17:767:59""]]","/tika-core/src/main/java/org/apache/tika/utils/XMLReaderUtils.java","169","29","169","40"
"QLInspector","find Java gadget chains","warning","recursive call to dangerous expression [[""invoke(...)""|""relative:///tika-core/src/main/java/org/apache/tika/utils/XMLReaderUtils.java:724:17:724:59""]]","/tika-core/src/main/java/org/apache/tika/parser/ParseContext.java","183","36","183","60"
