"QLInspector","find Java gadget chains","warning","recursive call to dangerous expression [[""invoke(...)""|""relative:///engine/src/main/java/org/camunda/bpm/engine/impl/AbstractQuery.java:290:9:290:34""]]","/engine-cdi/core/src/main/java/org/camunda/bpm/engine/cdi/BusinessProcess.java","720","26","720","43"
"QLInspector","find Java gadget chains","warning","recursive call to dangerous expression [[""invoke(...)""|""relative:///engine/src/main/java/org/camunda/bpm/engine/impl/AbstractQuery.java:290:9:290:34""]]","/engine-cdi/core/src/main/java/org/camunda/bpm/engine/cdi/jsf/TaskForm.java","206","28","206","47"
"QLInspector","find Java gadget chains","warning","recursive call to dangerous expression [[""invoke(...)""|""relative:///engine/src/main/java/org/camunda/bpm/engine/impl/AbstractQuery.java:290:9:290:34""]]","/engine/src/main/java/org/camunda/bpm/engine/impl/ProcessDefinitionQueryImpl.java","548","23","548","40"
"QLInspector","find Java gadget chains","warning","recursive call to dangerous expression [[""invoke(...)""|""relative:///engine/src/main/java/org/camunda/bpm/engine/impl/AbstractQuery.java:290:9:290:34""]]","/engine/src/main/java/org/camunda/bpm/engine/impl/TaskQueryImpl.java","1091","23","1091","40"
"QLInspector","find Java gadget chains","warning","recursive call to dangerous expression [[""invoke(...)""|""relative:///engine/src/main/java/org/camunda/bpm/engine/impl/AbstractQuery.java:290:9:290:34""]]","/qa/integration-tests-engine/src/test/java/org/camunda/bpm/integrationtest/jobexecutor/beans/TimerExpressionBean.java","47","17","47","32"
