"QLInspector","find Java gadget chains","warning","recursive call to dangerous expression [[""getConnection(...)""|""relative:///chunjun-connectors/chunjun-connector-clickhouse/src/main/java/com/dtstack/chunjun/connector/clickhouse/util/ClickhouseUtil.java:48:24:48:88""]]","/chunjun-connectors/chunjun-connector-clickhouse/src/main/java/com/dtstack/chunjun/connector/clickhouse/sink/ClickhouseOutputFormat.java","32","26","32","38"
"QLInspector","find Java gadget chains","warning","recursive call to dangerous expression [[""getConnection(...)""|""relative:///chunjun-connectors/chunjun-connector-clickhouse/src/main/java/com/dtstack/chunjun/connector/clickhouse/util/ClickhouseUtil.java:48:24:48:88""]]","/chunjun-connectors/chunjun-connector-clickhouse/src/main/java/com/dtstack/chunjun/connector/clickhouse/source/ClickhouseInputFormat.java","69","26","69","38"
"QLInspector","find Java gadget chains","warning","recursive call to dangerous expression [[""getConnection(...)""|""relative:///chunjun-connectors/chunjun-connector-clickhouse/src/main/java/com/dtstack/chunjun/connector/clickhouse/util/ClickhouseUtil.java:48:24:48:88""]]
recursive call to dangerous expression [[""invoke(...)""|""relative:///chunjun-connectors/chunjun-connector-stream/src/main/java/com/dtstack/chunjun/connector/stream/util/TablePrintUtil.java:113:33:115:60""]]","/chunjun-connectors/chunjun-connector-hive/src/main/java/com/dtstack/chunjun/connector/hive/sink/HiveOutputFormat.java","207","37","207","50"
"QLInspector","find Java gadget chains","warning","recursive call to dangerous expression [[""setProperty(...)""|""relative:///chunjun-core/src/main/java/com/dtstack/chunjun/security/KerberosUtil.java:181:9:181:69""]]","/chunjun-connectors/chunjun-connector-hive3/src/main/java/com/dtstack/chunjun/connector/hive3/sink/HdfsTransactionOutputFormat.java","119","17","119","22"
"QLInspector","find Java gadget chains","warning","recursive call to dangerous expression [[""getConnection(...)""|""relative:///chunjun-connectors/chunjun-connector-clickhouse/src/main/java/com/dtstack/chunjun/connector/clickhouse/util/ClickhouseUtil.java:48:24:48:88""]]
recursive call to dangerous expression [[""invoke(...)""|""relative:///chunjun-connectors/chunjun-connector-stream/src/main/java/com/dtstack/chunjun/connector/stream/util/TablePrintUtil.java:113:33:115:60""]]","/chunjun-connectors/chunjun-connector-s3/src/main/java/com/dtstack/chunjun/connector/s3/sink/S3OutputFormat.java","266","24","266","37"
"QLInspector","find Java gadget chains","warning","recursive call to dangerous expression [[""getConnection(...)""|""relative:///chunjun-connectors/chunjun-connector-clickhouse/src/main/java/com/dtstack/chunjun/connector/clickhouse/util/ClickhouseUtil.java:48:24:48:88""]]
recursive call to dangerous expression [[""invoke(...)""|""relative:///chunjun-connectors/chunjun-connector-stream/src/main/java/com/dtstack/chunjun/connector/stream/util/TablePrintUtil.java:113:33:115:60""]]","/chunjun-core/src/main/java/com/dtstack/chunjun/sink/format/BaseRichOutputFormat.java","557","37","557","50"
"QLInspector","find Java gadget chains","warning","recursive call to dangerous expression [[""connect(...)""|""relative:///chunjun-connectors/chunjun-connector-doris/src/main/java/com/dtstack/chunjun/connector/doris/rest/FeRestService.java:209:9:209:28""]]","/chunjun-connectors/chunjun-connector-doris/src/main/java/com/dtstack/chunjun/connector/doris/rest/DorisStreamLoad.java","155","20","155","29"
"QLInspector","find Java gadget chains","warning","recursive call to dangerous expression [[""getConnection(...)""|""relative:///chunjun-connectors/chunjun-connector-clickhouse/src/main/java/com/dtstack/chunjun/connector/clickhouse/util/ClickhouseUtil.java:48:24:48:88""]]","/chunjun-connectors/chunjun-connector-jdbc-base/src/main/java/com/dtstack/chunjun/connector/jdbc/source/JdbcInputFormat.java","393","34","393","52"
"QLInspector","find Java gadget chains","warning","recursive call to dangerous expression [[""getConnection(...)""|""relative:///chunjun-connectors/chunjun-connector-clickhouse/src/main/java/com/dtstack/chunjun/connector/clickhouse/util/ClickhouseUtil.java:48:24:48:88""]]","/chunjun-connectors/chunjun-connector-jdbc-base/src/main/java/com/dtstack/chunjun/connector/jdbc/source/JdbcInputFormat.java","330","20","330","36"
"QLInspector","find Java gadget chains","warning","recursive call to dangerous expression [[""setProperty(...)""|""relative:///chunjun-core/src/main/java/com/dtstack/chunjun/security/KerberosUtil.java:156:9:156:55""]]","/chunjun-connectors/chunjun-connector-kudu/src/main/java/com/dtstack/chunjun/connector/kudu/table/lookup/KuduLruTableFunction.java","135","18","135","24"
"QLInspector","find Java gadget chains","warning","recursive call to dangerous expression [[""connect(...)""|""relative:///chunjun-connectors/chunjun-connector-starrocks/src/main/java/com/dtstack/chunjun/connector/starrocks/streamload/StarRocksStreamLoadVisitor.java:243:13:243:24""]]","/chunjun-connectors/chunjun-connector-starrocks/src/main/java/com/dtstack/chunjun/connector/starrocks/streamload/StarRocksStreamLoadVisitor.java","226","20","226","35"
