"QLInspector","find Java gadget chains","warning","recursive call to dangerous expression [[""invoke(...)""|""relative:///src/ows/src/main/java/org/geoserver/ows/util/OwsUtils.java:399:46:399:72""]]
recursive call to dangerous expression [[""invoke(...)""|""relative:///src/ows/src/main/java/org/geoserver/ows/util/OwsUtils.java:389:52:389:78""]]
recursive call to dangerous expression [[""invoke(...)""|""relative:///src/ows/src/main/java/org/geoserver/ows/util/OwsUtils.java:309:35:309:61""]]
recursive call to dangerous expression [[""invoke(...)""|""relative:///src/ows/src/main/java/org/geoserver/ows/util/OwsUtils.java:323:17:323:47""]]","/doc/en/user/source/security/tutorials/ldap/acme-ldap/src/main/java/org/apache/directory/shared/ldap/entry/BinaryValue.java","389","20","389","25"
"QLInspector","find Java gadget chains","warning","recursive call to dangerous expression [[""invoke(...)""|""relative:///src/ows/src/main/java/org/geoserver/ows/util/OwsUtils.java:399:46:399:72""]]
recursive call to dangerous expression [[""invoke(...)""|""relative:///src/ows/src/main/java/org/geoserver/ows/util/OwsUtils.java:389:52:389:78""]]
recursive call to dangerous expression [[""invoke(...)""|""relative:///src/ows/src/main/java/org/geoserver/ows/util/OwsUtils.java:309:35:309:61""]]
recursive call to dangerous expression [[""invoke(...)""|""relative:///src/ows/src/main/java/org/geoserver/ows/util/OwsUtils.java:323:17:323:47""]]","/doc/en/user/source/security/tutorials/ldap/acme-ldap/src/main/java/org/apache/directory/shared/ldap/entry/StringValue.java","380","20","380","25"
"QLInspector","find Java gadget chains","warning","recursive call to dangerous expression [[""invoke(...)""|""relative:///src/ows/src/main/java/org/geoserver/ows/util/OwsUtils.java:399:46:399:72""]]
recursive call to dangerous expression [[""invoke(...)""|""relative:///src/ows/src/main/java/org/geoserver/ows/util/OwsUtils.java:389:52:389:78""]]
recursive call to dangerous expression [[""invoke(...)""|""relative:///src/ows/src/main/java/org/geoserver/ows/util/OwsUtils.java:309:35:309:61""]]
recursive call to dangerous expression [[""invoke(...)""|""relative:///src/ows/src/main/java/org/geoserver/ows/util/OwsUtils.java:323:17:323:47""]]","/doc/en/user/source/security/tutorials/ldap/acme-ldap/src/main/java/org/apache/directory/shared/ldap/message/ExtendedResponseImpl.java","211","19","211","33"
"QLInspector","find Java gadget chains","warning","recursive call to dangerous expression [[""invoke(...)""|""relative:///src/ows/src/main/java/org/geoserver/ows/util/OwsUtils.java:399:46:399:72""]]
recursive call to dangerous expression [[""invoke(...)""|""relative:///src/ows/src/main/java/org/geoserver/ows/util/OwsUtils.java:389:52:389:78""]]
recursive call to dangerous expression [[""invoke(...)""|""relative:///src/ows/src/main/java/org/geoserver/ows/util/OwsUtils.java:309:35:309:61""]]
recursive call to dangerous expression [[""invoke(...)""|""relative:///src/ows/src/main/java/org/geoserver/ows/util/OwsUtils.java:323:17:323:47""]]","/doc/en/user/source/security/tutorials/ldap/acme-ldap/src/main/java/org/apache/directory/shared/ldap/message/ExtendedResponseImpl.java","146","20","146","25"
"QLInspector","find Java gadget chains","warning","recursive call to dangerous expression [[""invoke(...)""|""relative:///src/ows/src/main/java/org/geoserver/ows/util/OwsUtils.java:399:46:399:72""]]
recursive call to dangerous expression [[""invoke(...)""|""relative:///src/ows/src/main/java/org/geoserver/ows/util/OwsUtils.java:389:52:389:78""]]
recursive call to dangerous expression [[""invoke(...)""|""relative:///src/ows/src/main/java/org/geoserver/ows/util/OwsUtils.java:309:35:309:61""]]
recursive call to dangerous expression [[""invoke(...)""|""relative:///src/ows/src/main/java/org/geoserver/ows/util/OwsUtils.java:323:17:323:47""]]","/doc/en/user/source/security/tutorials/ldap/acme-ldap/src/main/java/org/apache/directory/shared/ldap/message/extended/GracefulDisconnect.java","175","19","175","29"
"QLInspector","find Java gadget chains","warning","recursive call to dangerous expression [[""invoke(...)""|""relative:///src/ows/src/main/java/org/geoserver/ows/util/OwsUtils.java:399:46:399:72""]]
recursive call to dangerous expression [[""invoke(...)""|""relative:///src/ows/src/main/java/org/geoserver/ows/util/OwsUtils.java:389:52:389:78""]]
recursive call to dangerous expression [[""invoke(...)""|""relative:///src/ows/src/main/java/org/geoserver/ows/util/OwsUtils.java:309:35:309:61""]]
recursive call to dangerous expression [[""invoke(...)""|""relative:///src/ows/src/main/java/org/geoserver/ows/util/OwsUtils.java:323:17:323:47""]]","/doc/en/user/source/security/tutorials/ldap/acme-ldap/src/main/java/org/apache/directory/shared/ldap/name/AVA.java","749","20","749","25"
"QLInspector","find Java gadget chains","warning","recursive call to dangerous expression [[""invoke(...)""|""relative:///src/ows/src/main/java/org/geoserver/ows/util/OwsUtils.java:399:46:399:72""]]
recursive call to dangerous expression [[""invoke(...)""|""relative:///src/ows/src/main/java/org/geoserver/ows/util/OwsUtils.java:389:52:389:78""]]
recursive call to dangerous expression [[""invoke(...)""|""relative:///src/ows/src/main/java/org/geoserver/ows/util/OwsUtils.java:309:35:309:61""]]
recursive call to dangerous expression [[""invoke(...)""|""relative:///src/ows/src/main/java/org/geoserver/ows/util/OwsUtils.java:323:17:323:47""]]","/doc/en/user/source/security/tutorials/ldap/acme-ldap/src/main/java/org/apache/directory/shared/ldap/schema/comparators/ComparableComparator.java","64","16","64","22"
"QLInspector","find Java gadget chains","warning","recursive call to dangerous expression [[""invoke(...)""|""relative:///src/ows/src/main/java/org/geoserver/ows/util/OwsUtils.java:399:46:399:72""]]
recursive call to dangerous expression [[""invoke(...)""|""relative:///src/ows/src/main/java/org/geoserver/ows/util/OwsUtils.java:389:52:389:78""]]
recursive call to dangerous expression [[""invoke(...)""|""relative:///src/ows/src/main/java/org/geoserver/ows/util/OwsUtils.java:309:35:309:61""]]
recursive call to dangerous expression [[""invoke(...)""|""relative:///src/ows/src/main/java/org/geoserver/ows/util/OwsUtils.java:323:17:323:47""]]","/doc/en/user/source/security/tutorials/ldap/acme-ldap/src/main/java/org/apache/directory/shared/ldap/schema/comparators/NormalizingComparator.java","75","16","75","22"
"QLInspector","find Java gadget chains","warning","recursive call to dangerous expression [[""invoke(...)""|""relative:///src/ows/src/main/java/org/geoserver/ows/util/OwsUtils.java:399:46:399:72""]]
recursive call to dangerous expression [[""invoke(...)""|""relative:///src/ows/src/main/java/org/geoserver/ows/util/OwsUtils.java:389:52:389:78""]]
recursive call to dangerous expression [[""invoke(...)""|""relative:///src/ows/src/main/java/org/geoserver/ows/util/OwsUtils.java:309:35:309:61""]]
recursive call to dangerous expression [[""invoke(...)""|""relative:///src/ows/src/main/java/org/geoserver/ows/util/OwsUtils.java:323:17:323:47""]]","/doc/en/user/source/security/tutorials/ldap/acme-ldap/src/main/java/org/apache/directory/shared/ldap/schema/comparators/ObjectIdentifierComparator.java","56","16","56","22"
"QLInspector","find Java gadget chains","warning","recursive call to dangerous expression [[""invoke(...)""|""relative:///src/ows/src/main/java/org/geoserver/ows/util/OwsUtils.java:399:46:399:72""]]
recursive call to dangerous expression [[""invoke(...)""|""relative:///src/ows/src/main/java/org/geoserver/ows/util/OwsUtils.java:389:52:389:78""]]
recursive call to dangerous expression [[""invoke(...)""|""relative:///src/ows/src/main/java/org/geoserver/ows/util/OwsUtils.java:309:35:309:61""]]
recursive call to dangerous expression [[""invoke(...)""|""relative:///src/ows/src/main/java/org/geoserver/ows/util/OwsUtils.java:323:17:323:47""]]","/doc/en/user/source/security/tutorials/ldap/acme-ldap/src/main/java/org/apache/directory/shared/ldap/schema/comparators/SerializableComparator.java","70","16","70","22"
"QLInspector","find Java gadget chains","warning","recursive call to dangerous expression [[""invoke(...)""|""relative:///doc/en/user/source/security/tutorials/ldap/acme-ldap/src/main/java/org/apache/directory/shared/ldap/util/ExceptionUtils.java:345:38:345:94""]]","/doc/en/user/source/security/tutorials/ldap/acme-ldap/src/main/java/org/apache/directory/shared/ldap/util/NestableDelegate.java","238","24","238","36"
"QLInspector","find Java gadget chains","warning","recursive call to dangerous expression [[""invoke(...)""|""relative:///doc/en/user/source/security/tutorials/ldap/acme-ldap/src/main/java/org/apache/directory/shared/ldap/util/ExceptionUtils.java:345:38:345:94""]]","/doc/en/user/source/security/tutorials/ldap/acme-ldap/src/main/java/org/apache/directory/shared/ldap/util/NestableDelegate.java","224","16","224","32"
"QLInspector","find Java gadget chains","warning","recursive call to dangerous expression [[""invoke(...)""|""relative:///doc/en/user/source/security/tutorials/ldap/acme-ldap/src/main/java/org/apache/directory/shared/ldap/util/ExceptionUtils.java:345:38:345:94""]]","/doc/en/user/source/security/tutorials/ldap/acme-ldap/src/main/java/org/apache/directory/shared/ldap/util/NestableDelegate.java","180","21","180","31"
"QLInspector","find Java gadget chains","warning","recursive call to dangerous expression [[""invoke(...)""|""relative:///doc/en/user/source/security/tutorials/ldap/acme-ldap/src/main/java/org/apache/directory/shared/ldap/util/ExceptionUtils.java:345:38:345:94""]]","/doc/en/user/source/security/tutorials/ldap/acme-ldap/src/main/java/org/apache/directory/shared/ldap/util/NestableError.java","161","24","161","36"
"QLInspector","find Java gadget chains","warning","recursive call to dangerous expression [[""invoke(...)""|""relative:///doc/en/user/source/security/tutorials/ldap/acme-ldap/src/main/java/org/apache/directory/shared/ldap/util/ExceptionUtils.java:345:38:345:94""]]","/doc/en/user/source/security/tutorials/ldap/acme-ldap/src/main/java/org/apache/directory/shared/ldap/util/NestableError.java","155","16","155","32"
"QLInspector","find Java gadget chains","warning","recursive call to dangerous expression [[""invoke(...)""|""relative:///doc/en/user/source/security/tutorials/ldap/acme-ldap/src/main/java/org/apache/directory/shared/ldap/util/ExceptionUtils.java:345:38:345:94""]]","/doc/en/user/source/security/tutorials/ldap/acme-ldap/src/main/java/org/apache/directory/shared/ldap/util/NestableError.java","143","21","143","31"
"QLInspector","find Java gadget chains","warning","recursive call to dangerous expression [[""invoke(...)""|""relative:///doc/en/user/source/security/tutorials/ldap/acme-ldap/src/main/java/org/apache/directory/shared/ldap/util/ExceptionUtils.java:345:38:345:94""]]","/doc/en/user/source/security/tutorials/ldap/acme-ldap/src/main/java/org/apache/directory/shared/ldap/util/NestableException.java","230","24","230","36"
"QLInspector","find Java gadget chains","warning","recursive call to dangerous expression [[""invoke(...)""|""relative:///doc/en/user/source/security/tutorials/ldap/acme-ldap/src/main/java/org/apache/directory/shared/ldap/util/ExceptionUtils.java:345:38:345:94""]]","/doc/en/user/source/security/tutorials/ldap/acme-ldap/src/main/java/org/apache/directory/shared/ldap/util/NestableException.java","224","16","224","32"
"QLInspector","find Java gadget chains","warning","recursive call to dangerous expression [[""invoke(...)""|""relative:///doc/en/user/source/security/tutorials/ldap/acme-ldap/src/main/java/org/apache/directory/shared/ldap/util/ExceptionUtils.java:345:38:345:94""]]","/doc/en/user/source/security/tutorials/ldap/acme-ldap/src/main/java/org/apache/directory/shared/ldap/util/NestableException.java","212","21","212","31"
"QLInspector","find Java gadget chains","warning","recursive call to dangerous expression [[""invoke(...)""|""relative:///doc/en/user/source/security/tutorials/ldap/acme-ldap/src/main/java/org/apache/directory/shared/ldap/util/ExceptionUtils.java:345:38:345:94""]]","/doc/en/user/source/security/tutorials/ldap/acme-ldap/src/main/java/org/apache/directory/shared/ldap/util/NestableRuntimeException.java","161","24","161","36"
"QLInspector","find Java gadget chains","warning","recursive call to dangerous expression [[""invoke(...)""|""relative:///doc/en/user/source/security/tutorials/ldap/acme-ldap/src/main/java/org/apache/directory/shared/ldap/util/ExceptionUtils.java:345:38:345:94""]]","/doc/en/user/source/security/tutorials/ldap/acme-ldap/src/main/java/org/apache/directory/shared/ldap/util/NestableRuntimeException.java","155","16","155","32"
"QLInspector","find Java gadget chains","warning","recursive call to dangerous expression [[""invoke(...)""|""relative:///doc/en/user/source/security/tutorials/ldap/acme-ldap/src/main/java/org/apache/directory/shared/ldap/util/ExceptionUtils.java:345:38:345:94""]]","/doc/en/user/source/security/tutorials/ldap/acme-ldap/src/main/java/org/apache/directory/shared/ldap/util/NestableRuntimeException.java","143","21","143","31"
"QLInspector","find Java gadget chains","warning","recursive call to dangerous expression [[""invoke(...)""|""relative:///src/ows/src/main/java/org/geoserver/ows/util/OwsUtils.java:399:46:399:72""]]
recursive call to dangerous expression [[""invoke(...)""|""relative:///src/ows/src/main/java/org/geoserver/ows/util/OwsUtils.java:389:52:389:78""]]
recursive call to dangerous expression [[""invoke(...)""|""relative:///src/ows/src/main/java/org/geoserver/ows/util/OwsUtils.java:309:35:309:61""]]
recursive call to dangerous expression [[""invoke(...)""|""relative:///src/ows/src/main/java/org/geoserver/ows/util/OwsUtils.java:323:17:323:47""]]","/src/web/core/src/main/java/org/geoserver/web/wicket/GeoServerDataProvider.java","218","23","218","38"
"QLInspector","find Java gadget chains","warning","recursive call to dangerous expression [[""invoke(...)""|""relative:///src/main/src/main/java/org/geoserver/catalog/impl/ModificationProxy.java:384:46:384:91""]]
recursive call to dangerous expression [[""invoke(...)""|""relative:///src/main/src/main/java/org/geoserver/catalog/impl/ModificationProxy.java:353:42:353:94""]]
recursive call to dangerous expression [[""invoke(...)""|""relative:///src/ows/src/main/java/org/geoserver/ows/util/OwsUtils.java:399:46:399:72""]]
recursive call to dangerous expression [[""invoke(...)""|""relative:///src/ows/src/main/java/org/geoserver/ows/util/OwsUtils.java:389:52:389:78""]]
recursive call to dangerous expression [[""invoke(...)""|""relative:///src/ows/src/main/java/org/geoserver/ows/util/OwsUtils.java:309:35:309:61""]]
recursive call to dangerous expression [[""invoke(...)""|""relative:///src/ows/src/main/java/org/geoserver/ows/util/OwsUtils.java:323:17:323:47""]]","/src/main/src/main/java/org/geoserver/catalog/impl/ModificationProxy.java","435","25","435","36"
"QLInspector","find Java gadget chains","warning","recursive call to dangerous expression [[""invoke(...)""|""relative:///src/main/src/main/java/org/geoserver/catalog/impl/ModificationProxy.java:384:46:384:91""]]
recursive call to dangerous expression [[""invoke(...)""|""relative:///src/main/src/main/java/org/geoserver/catalog/impl/ModificationProxy.java:353:42:353:94""]]
recursive call to dangerous expression [[""invoke(...)""|""relative:///src/ows/src/main/java/org/geoserver/ows/util/OwsUtils.java:399:46:399:72""]]
recursive call to dangerous expression [[""invoke(...)""|""relative:///src/ows/src/main/java/org/geoserver/ows/util/OwsUtils.java:389:52:389:78""]]
recursive call to dangerous expression [[""invoke(...)""|""relative:///src/ows/src/main/java/org/geoserver/ows/util/OwsUtils.java:309:35:309:61""]]
recursive call to dangerous expression [[""invoke(...)""|""relative:///src/ows/src/main/java/org/geoserver/ows/util/OwsUtils.java:323:17:323:47""]]","/src/main/src/main/java/org/geoserver/catalog/impl/ModificationProxy.java","412","25","412","36"
"QLInspector","find Java gadget chains","warning","recursive call to dangerous expression [[""invoke(...)""|""relative:///src/main/src/main/java/org/geoserver/catalog/impl/ModificationProxy.java:384:46:384:91""]]
recursive call to dangerous expression [[""invoke(...)""|""relative:///src/main/src/main/java/org/geoserver/catalog/impl/ModificationProxy.java:353:42:353:94""]]
recursive call to dangerous expression [[""invoke(...)""|""relative:///src/ows/src/main/java/org/geoserver/ows/util/OwsUtils.java:399:46:399:72""]]
recursive call to dangerous expression [[""invoke(...)""|""relative:///src/ows/src/main/java/org/geoserver/ows/util/OwsUtils.java:389:52:389:78""]]
recursive call to dangerous expression [[""invoke(...)""|""relative:///src/ows/src/main/java/org/geoserver/ows/util/OwsUtils.java:309:35:309:61""]]
recursive call to dangerous expression [[""invoke(...)""|""relative:///src/ows/src/main/java/org/geoserver/ows/util/OwsUtils.java:323:17:323:47""]]","/src/main/src/main/java/org/geoserver/catalog/impl/ModificationProxy.java","400","25","400","40"
"QLInspector","find Java gadget chains","warning","recursive call to dangerous expression [[""invoke(...)""|""relative:///src/main/src/main/java/org/geoserver/catalog/impl/ModificationProxy.java:353:42:353:94""]]
recursive call to dangerous expression [[""invoke(...)""|""relative:///src/ows/src/main/java/org/geoserver/ows/util/OwsUtils.java:399:46:399:72""]]
recursive call to dangerous expression [[""invoke(...)""|""relative:///src/ows/src/main/java/org/geoserver/ows/util/OwsUtils.java:389:52:389:78""]]
recursive call to dangerous expression [[""invoke(...)""|""relative:///src/ows/src/main/java/org/geoserver/ows/util/OwsUtils.java:309:35:309:61""]]
recursive call to dangerous expression [[""invoke(...)""|""relative:///src/ows/src/main/java/org/geoserver/ows/util/OwsUtils.java:323:17:323:47""]]","/src/main/src/main/java/org/geoserver/catalog/impl/ModificationProxy.java","371","18","371","35"
"QLInspector","find Java gadget chains","warning","recursive call to dangerous expression [[""invoke(...)""|""relative:///src/main/src/main/java/org/geoserver/catalog/impl/ModificationProxyCloner.java:128:32:128:52""]]
recursive call to dangerous expression [[""invoke(...)""|""relative:///src/ows/src/main/java/org/geoserver/ows/util/OwsUtils.java:399:46:399:72""]]
recursive call to dangerous expression [[""invoke(...)""|""relative:///src/ows/src/main/java/org/geoserver/ows/util/OwsUtils.java:389:52:389:78""]]
recursive call to dangerous expression [[""invoke(...)""|""relative:///src/ows/src/main/java/org/geoserver/ows/util/OwsUtils.java:309:35:309:61""]]
recursive call to dangerous expression [[""invoke(...)""|""relative:///src/ows/src/main/java/org/geoserver/ows/util/OwsUtils.java:323:17:323:47""]]","/src/main/src/main/java/org/geoserver/catalog/impl/ModificationProxy.java","95","19","95","24"
"QLInspector","find Java gadget chains","warning","recursive call to dangerous expression [[""invoke(...)""|""relative:///src/ows/src/main/java/org/geoserver/ows/util/OwsUtils.java:399:46:399:72""]]
recursive call to dangerous expression [[""invoke(...)""|""relative:///src/ows/src/main/java/org/geoserver/ows/util/OwsUtils.java:389:52:389:78""]]
recursive call to dangerous expression [[""invoke(...)""|""relative:///src/ows/src/main/java/org/geoserver/ows/util/OwsUtils.java:309:35:309:61""]]
recursive call to dangerous expression [[""invoke(...)""|""relative:///src/ows/src/main/java/org/geoserver/ows/util/OwsUtils.java:323:17:323:47""]]","/src/community/features-templating/features-templating-web/src/main/java/org/geoserver/featurestemplating/web/TemplateRuleProvider.java","39","34","39","41"
"QLInspector","find Java gadget chains","warning","recursive call to dangerous expression [[""invoke(...)""|""relative:///src/ows/src/main/java/org/geoserver/ows/util/OwsUtils.java:399:46:399:72""]]
recursive call to dangerous expression [[""invoke(...)""|""relative:///src/ows/src/main/java/org/geoserver/ows/util/OwsUtils.java:389:52:389:78""]]
recursive call to dangerous expression [[""invoke(...)""|""relative:///src/ows/src/main/java/org/geoserver/ows/util/OwsUtils.java:309:35:309:61""]]
recursive call to dangerous expression [[""invoke(...)""|""relative:///src/ows/src/main/java/org/geoserver/ows/util/OwsUtils.java:323:17:323:47""]]","/src/web/core/src/main/java/org/geoserver/web/publish/PublishedEditTabPanel.java","41","14","41","29"
"QLInspector","find Java gadget chains","warning","recursive call to dangerous expression [[""invoke(...)""|""relative:///src/ows/src/main/java/org/geoserver/ows/util/OwsUtils.java:399:46:399:72""]]
recursive call to dangerous expression [[""invoke(...)""|""relative:///src/ows/src/main/java/org/geoserver/ows/util/OwsUtils.java:389:52:389:78""]]
recursive call to dangerous expression [[""invoke(...)""|""relative:///src/ows/src/main/java/org/geoserver/ows/util/OwsUtils.java:309:35:309:61""]]
recursive call to dangerous expression [[""invoke(...)""|""relative:///src/ows/src/main/java/org/geoserver/ows/util/OwsUtils.java:323:17:323:47""]]","/src/web/gwc/src/main/java/org/geoserver/gwc/web/gridset/TileMatrixSetEditor.java","250","23","250","31"
"QLInspector","find Java gadget chains","warning","recursive call to dangerous expression [[""invoke(...)""|""relative:///src/ows/src/main/java/org/geoserver/ows/util/OwsUtils.java:399:46:399:72""]]
recursive call to dangerous expression [[""invoke(...)""|""relative:///src/ows/src/main/java/org/geoserver/ows/util/OwsUtils.java:389:52:389:78""]]
recursive call to dangerous expression [[""invoke(...)""|""relative:///src/ows/src/main/java/org/geoserver/ows/util/OwsUtils.java:309:35:309:61""]]
recursive call to dangerous expression [[""invoke(...)""|""relative:///src/ows/src/main/java/org/geoserver/ows/util/OwsUtils.java:323:17:323:47""]]","/src/web/gwc/src/main/java/org/geoserver/gwc/web/layer/StyleParameterFilterSubform.java","108","23","108","31"
"QLInspector","find Java gadget chains","warning","recursive call to dangerous expression [[""invoke(...)""|""relative:///src/ows/src/main/java/org/geoserver/ows/util/OwsUtils.java:399:46:399:72""]]
recursive call to dangerous expression [[""invoke(...)""|""relative:///src/ows/src/main/java/org/geoserver/ows/util/OwsUtils.java:389:52:389:78""]]
recursive call to dangerous expression [[""invoke(...)""|""relative:///src/ows/src/main/java/org/geoserver/ows/util/OwsUtils.java:309:35:309:61""]]
recursive call to dangerous expression [[""invoke(...)""|""relative:///src/ows/src/main/java/org/geoserver/ows/util/OwsUtils.java:323:17:323:47""]]","/src/web/gwc/src/main/java/org/geoserver/gwc/web/layer/StyleParameterFilterSubform.java","163","29","163","37"
"QLInspector","find Java gadget chains","warning","recursive call to dangerous expression [[""invoke(...)""|""relative:///src/ows/src/main/java/org/geoserver/ows/util/OwsUtils.java:399:46:399:72""]]
recursive call to dangerous expression [[""invoke(...)""|""relative:///src/ows/src/main/java/org/geoserver/ows/util/OwsUtils.java:389:52:389:78""]]
recursive call to dangerous expression [[""invoke(...)""|""relative:///src/ows/src/main/java/org/geoserver/ows/util/OwsUtils.java:309:35:309:61""]]
recursive call to dangerous expression [[""invoke(...)""|""relative:///src/ows/src/main/java/org/geoserver/ows/util/OwsUtils.java:323:17:323:47""]]","/src/web/gwc/src/main/java/org/geoserver/gwc/web/layer/StyleParameterFilterSubform.java","65","29","65","37"
"QLInspector","find Java gadget chains","warning","recursive call to dangerous expression [[""invoke(...)""|""relative:///src/ows/src/main/java/org/geoserver/ows/util/OwsUtils.java:399:46:399:72""]]
recursive call to dangerous expression [[""invoke(...)""|""relative:///src/ows/src/main/java/org/geoserver/ows/util/OwsUtils.java:389:52:389:78""]]
recursive call to dangerous expression [[""invoke(...)""|""relative:///src/ows/src/main/java/org/geoserver/ows/util/OwsUtils.java:309:35:309:61""]]
recursive call to dangerous expression [[""invoke(...)""|""relative:///src/ows/src/main/java/org/geoserver/ows/util/OwsUtils.java:323:17:323:47""]]","/src/web/gwc/src/main/java/org/geoserver/gwc/web/layer/UnconfiguredCachedLayersProvider.java","160","31","160","46"
"QLInspector","find Java gadget chains","warning","recursive call to dangerous expression [[""invoke(...)""|""relative:///src/ows/src/main/java/org/geoserver/ows/util/OwsUtils.java:399:46:399:72""]]
recursive call to dangerous expression [[""invoke(...)""|""relative:///src/ows/src/main/java/org/geoserver/ows/util/OwsUtils.java:389:52:389:78""]]
recursive call to dangerous expression [[""invoke(...)""|""relative:///src/ows/src/main/java/org/geoserver/ows/util/OwsUtils.java:309:35:309:61""]]
recursive call to dangerous expression [[""invoke(...)""|""relative:///src/ows/src/main/java/org/geoserver/ows/util/OwsUtils.java:323:17:323:47""]]","/src/extension/importer/web/src/main/java/org/geoserver/importer/web/ImportPage.java","432","33","432","41"
"QLInspector","find Java gadget chains","warning","recursive call to dangerous expression [[""invoke(...)""|""relative:///src/ows/src/main/java/org/geoserver/ows/util/OwsUtils.java:399:46:399:72""]]
recursive call to dangerous expression [[""invoke(...)""|""relative:///src/ows/src/main/java/org/geoserver/ows/util/OwsUtils.java:389:52:389:78""]]
recursive call to dangerous expression [[""invoke(...)""|""relative:///src/ows/src/main/java/org/geoserver/ows/util/OwsUtils.java:309:35:309:61""]]
recursive call to dangerous expression [[""invoke(...)""|""relative:///src/ows/src/main/java/org/geoserver/ows/util/OwsUtils.java:323:17:323:47""]]","/src/extension/importer/web/src/main/java/org/geoserver/importer/web/ImportTaskProvider.java","39","32","39","39"
"QLInspector","find Java gadget chains","warning","recursive call to dangerous expression [[""invoke(...)""|""relative:///src/ows/src/main/java/org/geoserver/ows/util/OwsUtils.java:399:46:399:72""]]
recursive call to dangerous expression [[""invoke(...)""|""relative:///src/ows/src/main/java/org/geoserver/ows/util/OwsUtils.java:389:52:389:78""]]
recursive call to dangerous expression [[""invoke(...)""|""relative:///src/ows/src/main/java/org/geoserver/ows/util/OwsUtils.java:309:35:309:61""]]
recursive call to dangerous expression [[""invoke(...)""|""relative:///src/ows/src/main/java/org/geoserver/ows/util/OwsUtils.java:323:17:323:47""]]","/src/extension/importer/web/src/main/java/org/geoserver/importer/web/ImportTaskTable.java","276","23","276","31"
"QLInspector","find Java gadget chains","warning","recursive call to dangerous expression [[""invoke(...)""|""relative:///src/ows/src/main/java/org/geoserver/ows/util/OwsUtils.java:399:46:399:72""]]
recursive call to dangerous expression [[""invoke(...)""|""relative:///src/ows/src/main/java/org/geoserver/ows/util/OwsUtils.java:389:52:389:78""]]
recursive call to dangerous expression [[""invoke(...)""|""relative:///src/ows/src/main/java/org/geoserver/ows/util/OwsUtils.java:309:35:309:61""]]
recursive call to dangerous expression [[""invoke(...)""|""relative:///src/ows/src/main/java/org/geoserver/ows/util/OwsUtils.java:323:17:323:47""]]","/src/extension/importer/web/src/main/java/org/geoserver/importer/web/ImportTaskTable.java","245","23","245","33"
"QLInspector","find Java gadget chains","warning","recursive call to dangerous expression [[""invoke(...)""|""relative:///src/ows/src/main/java/org/geoserver/ows/util/OwsUtils.java:399:46:399:72""]]
recursive call to dangerous expression [[""invoke(...)""|""relative:///src/ows/src/main/java/org/geoserver/ows/util/OwsUtils.java:389:52:389:78""]]
recursive call to dangerous expression [[""invoke(...)""|""relative:///src/ows/src/main/java/org/geoserver/ows/util/OwsUtils.java:309:35:309:61""]]
recursive call to dangerous expression [[""invoke(...)""|""relative:///src/ows/src/main/java/org/geoserver/ows/util/OwsUtils.java:323:17:323:47""]]","/src/extension/importer/web/src/main/java/org/geoserver/importer/web/ImportTaskTable.java","221","41","221","49"
"QLInspector","find Java gadget chains","warning","recursive call to dangerous expression [[""invoke(...)""|""relative:///src/ows/src/main/java/org/geoserver/ows/util/OwsUtils.java:399:46:399:72""]]
recursive call to dangerous expression [[""invoke(...)""|""relative:///src/ows/src/main/java/org/geoserver/ows/util/OwsUtils.java:389:52:389:78""]]
recursive call to dangerous expression [[""invoke(...)""|""relative:///src/ows/src/main/java/org/geoserver/ows/util/OwsUtils.java:309:35:309:61""]]
recursive call to dangerous expression [[""invoke(...)""|""relative:///src/ows/src/main/java/org/geoserver/ows/util/OwsUtils.java:323:17:323:47""]]","/src/extension/metadata/src/main/java/org/geoserver/metadata/web/MetadataTemplateDataProvider.java","44","38","44","45"
"QLInspector","find Java gadget chains","warning","recursive call to dangerous expression [[""invoke(...)""|""relative:///src/ows/src/main/java/org/geoserver/ows/util/OwsUtils.java:399:46:399:72""]]
recursive call to dangerous expression [[""invoke(...)""|""relative:///src/ows/src/main/java/org/geoserver/ows/util/OwsUtils.java:389:52:389:78""]]
recursive call to dangerous expression [[""invoke(...)""|""relative:///src/ows/src/main/java/org/geoserver/ows/util/OwsUtils.java:309:35:309:61""]]
recursive call to dangerous expression [[""invoke(...)""|""relative:///src/ows/src/main/java/org/geoserver/ows/util/OwsUtils.java:323:17:323:47""]]","/src/extension/metadata/src/main/java/org/geoserver/metadata/web/panel/ImportTemplateDataProvider.java","67","35","67","50"
"QLInspector","find Java gadget chains","warning","recursive call to dangerous expression [[""invoke(...)""|""relative:///src/ows/src/main/java/org/geoserver/ows/util/OwsUtils.java:399:46:399:72""]]
recursive call to dangerous expression [[""invoke(...)""|""relative:///src/ows/src/main/java/org/geoserver/ows/util/OwsUtils.java:389:52:389:78""]]
recursive call to dangerous expression [[""invoke(...)""|""relative:///src/ows/src/main/java/org/geoserver/ows/util/OwsUtils.java:309:35:309:61""]]
recursive call to dangerous expression [[""invoke(...)""|""relative:///src/ows/src/main/java/org/geoserver/ows/util/OwsUtils.java:323:17:323:47""]]","/src/extension/metadata/src/main/java/org/geoserver/metadata/web/panel/ImportTemplateDataProvider.java","44","38","44","45"
"QLInspector","find Java gadget chains","warning","recursive call to dangerous expression [[""invoke(...)""|""relative:///src/ows/src/main/java/org/geoserver/ows/util/OwsUtils.java:399:46:399:72""]]
recursive call to dangerous expression [[""invoke(...)""|""relative:///src/ows/src/main/java/org/geoserver/ows/util/OwsUtils.java:389:52:389:78""]]
recursive call to dangerous expression [[""invoke(...)""|""relative:///src/ows/src/main/java/org/geoserver/ows/util/OwsUtils.java:309:35:309:61""]]
recursive call to dangerous expression [[""invoke(...)""|""relative:///src/ows/src/main/java/org/geoserver/ows/util/OwsUtils.java:323:17:323:47""]]","/src/extension/metadata/src/main/java/org/geoserver/metadata/web/panel/ImportTemplatePanel.java","235","35","235","52"
"QLInspector","find Java gadget chains","warning","recursive call to dangerous expression [[""invoke(...)""|""relative:///src/ows/src/main/java/org/geoserver/ows/util/OwsUtils.java:399:46:399:72""]]
recursive call to dangerous expression [[""invoke(...)""|""relative:///src/ows/src/main/java/org/geoserver/ows/util/OwsUtils.java:389:52:389:78""]]
recursive call to dangerous expression [[""invoke(...)""|""relative:///src/ows/src/main/java/org/geoserver/ows/util/OwsUtils.java:309:35:309:61""]]
recursive call to dangerous expression [[""invoke(...)""|""relative:///src/ows/src/main/java/org/geoserver/ows/util/OwsUtils.java:323:17:323:47""]]","/src/extension/metadata/src/main/java/org/geoserver/metadata/web/panel/LinkedLayersDataProvider.java","38","34","38","41"
"QLInspector","find Java gadget chains","warning","recursive call to dangerous expression [[""invoke(...)""|""relative:///src/ows/src/main/java/org/geoserver/ows/util/OwsUtils.java:399:46:399:72""]]
recursive call to dangerous expression [[""invoke(...)""|""relative:///src/ows/src/main/java/org/geoserver/ows/util/OwsUtils.java:389:52:389:78""]]
recursive call to dangerous expression [[""invoke(...)""|""relative:///src/ows/src/main/java/org/geoserver/ows/util/OwsUtils.java:309:35:309:61""]]
recursive call to dangerous expression [[""invoke(...)""|""relative:///src/ows/src/main/java/org/geoserver/ows/util/OwsUtils.java:323:17:323:47""]]","/src/community/oseo/web-oseo/src/main/java/org/geoserver/opensearch/eo/web/ProductClassesProvider.java","36","34","36","41"
"QLInspector","find Java gadget chains","warning","recursive call to dangerous expression [[""invoke(...)""|""relative:///src/ows/src/main/java/org/geoserver/ows/util/OwsUtils.java:399:46:399:72""]]
recursive call to dangerous expression [[""invoke(...)""|""relative:///src/ows/src/main/java/org/geoserver/ows/util/OwsUtils.java:389:52:389:78""]]
recursive call to dangerous expression [[""invoke(...)""|""relative:///src/ows/src/main/java/org/geoserver/ows/util/OwsUtils.java:309:35:309:61""]]
recursive call to dangerous expression [[""invoke(...)""|""relative:///src/ows/src/main/java/org/geoserver/ows/util/OwsUtils.java:323:17:323:47""]]","/src/web/security/core/src/main/java/org/geoserver/security/web/role/RoleChoice.java","43","29","43","37"
"QLInspector","find Java gadget chains","warning","recursive call to dangerous expression [[""invoke(...)""|""relative:///src/ows/src/main/java/org/geoserver/ows/util/OwsUtils.java:399:46:399:72""]]
recursive call to dangerous expression [[""invoke(...)""|""relative:///src/ows/src/main/java/org/geoserver/ows/util/OwsUtils.java:389:52:389:78""]]
recursive call to dangerous expression [[""invoke(...)""|""relative:///src/ows/src/main/java/org/geoserver/ows/util/OwsUtils.java:309:35:309:61""]]
recursive call to dangerous expression [[""invoke(...)""|""relative:///src/ows/src/main/java/org/geoserver/ows/util/OwsUtils.java:323:17:323:47""]]","/src/community/taskmanager/core/src/main/java/org/geoserver/taskmanager/web/model/AttributesModel.java","56","28","56","35"
"QLInspector","find Java gadget chains","warning","recursive call to dangerous expression [[""invoke(...)""|""relative:///src/ows/src/main/java/org/geoserver/ows/util/OwsUtils.java:399:46:399:72""]]
recursive call to dangerous expression [[""invoke(...)""|""relative:///src/ows/src/main/java/org/geoserver/ows/util/OwsUtils.java:389:52:389:78""]]
recursive call to dangerous expression [[""invoke(...)""|""relative:///src/ows/src/main/java/org/geoserver/ows/util/OwsUtils.java:309:35:309:61""]]
recursive call to dangerous expression [[""invoke(...)""|""relative:///src/ows/src/main/java/org/geoserver/ows/util/OwsUtils.java:323:17:323:47""]]","/src/community/taskmanager/core/src/main/java/org/geoserver/taskmanager/web/model/BatchElementsModel.java","38","31","38","38"
"QLInspector","find Java gadget chains","warning","recursive call to dangerous expression [[""invoke(...)""|""relative:///src/ows/src/main/java/org/geoserver/ows/util/OwsUtils.java:399:46:399:72""]]
recursive call to dangerous expression [[""invoke(...)""|""relative:///src/ows/src/main/java/org/geoserver/ows/util/OwsUtils.java:389:52:389:78""]]
recursive call to dangerous expression [[""invoke(...)""|""relative:///src/ows/src/main/java/org/geoserver/ows/util/OwsUtils.java:309:35:309:61""]]
recursive call to dangerous expression [[""invoke(...)""|""relative:///src/ows/src/main/java/org/geoserver/ows/util/OwsUtils.java:323:17:323:47""]]","/src/community/taskmanager/core/src/main/java/org/geoserver/taskmanager/web/model/BatchRunsModel.java","48","30","48","37"
"QLInspector","find Java gadget chains","warning","recursive call to dangerous expression [[""invoke(...)""|""relative:///src/ows/src/main/java/org/geoserver/ows/util/OwsUtils.java:399:46:399:72""]]
recursive call to dangerous expression [[""invoke(...)""|""relative:///src/ows/src/main/java/org/geoserver/ows/util/OwsUtils.java:389:52:389:78""]]
recursive call to dangerous expression [[""invoke(...)""|""relative:///src/ows/src/main/java/org/geoserver/ows/util/OwsUtils.java:309:35:309:61""]]
recursive call to dangerous expression [[""invoke(...)""|""relative:///src/ows/src/main/java/org/geoserver/ows/util/OwsUtils.java:323:17:323:47""]]","/src/community/taskmanager/core/src/main/java/org/geoserver/taskmanager/web/model/BatchesModel.java","140","27","140","34"
"QLInspector","find Java gadget chains","warning","recursive call to dangerous expression [[""invoke(...)""|""relative:///src/ows/src/main/java/org/geoserver/ows/util/OwsUtils.java:399:46:399:72""]]
recursive call to dangerous expression [[""invoke(...)""|""relative:///src/ows/src/main/java/org/geoserver/ows/util/OwsUtils.java:389:52:389:78""]]
recursive call to dangerous expression [[""invoke(...)""|""relative:///src/ows/src/main/java/org/geoserver/ows/util/OwsUtils.java:309:35:309:61""]]
recursive call to dangerous expression [[""invoke(...)""|""relative:///src/ows/src/main/java/org/geoserver/ows/util/OwsUtils.java:323:17:323:47""]]","/src/community/taskmanager/core/src/main/java/org/geoserver/taskmanager/web/model/ParametersModel.java","34","31","34","38"
"QLInspector","find Java gadget chains","warning","recursive call to dangerous expression [[""invoke(...)""|""relative:///src/ows/src/main/java/org/geoserver/ows/util/OwsUtils.java:399:46:399:72""]]
recursive call to dangerous expression [[""invoke(...)""|""relative:///src/ows/src/main/java/org/geoserver/ows/util/OwsUtils.java:389:52:389:78""]]
recursive call to dangerous expression [[""invoke(...)""|""relative:///src/ows/src/main/java/org/geoserver/ows/util/OwsUtils.java:309:35:309:61""]]
recursive call to dangerous expression [[""invoke(...)""|""relative:///src/ows/src/main/java/org/geoserver/ows/util/OwsUtils.java:323:17:323:47""]]","/src/community/taskmanager/core/src/main/java/org/geoserver/taskmanager/web/model/RunsModel.java","37","25","37","32"
"QLInspector","find Java gadget chains","warning","recursive call to dangerous expression [[""invoke(...)""|""relative:///src/ows/src/main/java/org/geoserver/ows/util/OwsUtils.java:399:46:399:72""]]
recursive call to dangerous expression [[""invoke(...)""|""relative:///src/ows/src/main/java/org/geoserver/ows/util/OwsUtils.java:389:52:389:78""]]
recursive call to dangerous expression [[""invoke(...)""|""relative:///src/ows/src/main/java/org/geoserver/ows/util/OwsUtils.java:309:35:309:61""]]
recursive call to dangerous expression [[""invoke(...)""|""relative:///src/ows/src/main/java/org/geoserver/ows/util/OwsUtils.java:323:17:323:47""]]","/src/community/taskmanager/core/src/main/java/org/geoserver/taskmanager/web/model/TasksModel.java","36","26","36","33"
"QLInspector","find Java gadget chains","warning","recursive call to dangerous expression [[""invoke(...)""|""relative:///src/ows/src/main/java/org/geoserver/ows/util/OwsUtils.java:399:46:399:72""]]
recursive call to dangerous expression [[""invoke(...)""|""relative:///src/ows/src/main/java/org/geoserver/ows/util/OwsUtils.java:389:52:389:78""]]
recursive call to dangerous expression [[""invoke(...)""|""relative:///src/ows/src/main/java/org/geoserver/ows/util/OwsUtils.java:309:35:309:61""]]
recursive call to dangerous expression [[""invoke(...)""|""relative:///src/ows/src/main/java/org/geoserver/ows/util/OwsUtils.java:323:17:323:47""]]","/src/web/core/src/main/java/org/geoserver/web/data/importer/WMSLayerImporterPage.java","320","41","320","49"
"QLInspector","find Java gadget chains","warning","recursive call to dangerous expression [[""invoke(...)""|""relative:///src/ows/src/main/java/org/geoserver/ows/util/OwsUtils.java:399:46:399:72""]]
recursive call to dangerous expression [[""invoke(...)""|""relative:///src/ows/src/main/java/org/geoserver/ows/util/OwsUtils.java:389:52:389:78""]]
recursive call to dangerous expression [[""invoke(...)""|""relative:///src/ows/src/main/java/org/geoserver/ows/util/OwsUtils.java:309:35:309:61""]]
recursive call to dangerous expression [[""invoke(...)""|""relative:///src/ows/src/main/java/org/geoserver/ows/util/OwsUtils.java:323:17:323:47""]]","/src/web/core/src/main/java/org/geoserver/web/data/importer/WMSLayerImporterPage.java","290","23","290","31"
"QLInspector","find Java gadget chains","warning","recursive call to dangerous expression [[""invoke(...)""|""relative:///src/ows/src/main/java/org/geoserver/ows/util/OwsUtils.java:399:46:399:72""]]
recursive call to dangerous expression [[""invoke(...)""|""relative:///src/ows/src/main/java/org/geoserver/ows/util/OwsUtils.java:389:52:389:78""]]
recursive call to dangerous expression [[""invoke(...)""|""relative:///src/ows/src/main/java/org/geoserver/ows/util/OwsUtils.java:309:35:309:61""]]
recursive call to dangerous expression [[""invoke(...)""|""relative:///src/ows/src/main/java/org/geoserver/ows/util/OwsUtils.java:323:17:323:47""]]","/src/web/core/src/main/java/org/geoserver/web/data/importer/WMTSLayerImporterPage.java","321","41","321","49"
"QLInspector","find Java gadget chains","warning","recursive call to dangerous expression [[""invoke(...)""|""relative:///src/ows/src/main/java/org/geoserver/ows/util/OwsUtils.java:399:46:399:72""]]
recursive call to dangerous expression [[""invoke(...)""|""relative:///src/ows/src/main/java/org/geoserver/ows/util/OwsUtils.java:389:52:389:78""]]
recursive call to dangerous expression [[""invoke(...)""|""relative:///src/ows/src/main/java/org/geoserver/ows/util/OwsUtils.java:309:35:309:61""]]
recursive call to dangerous expression [[""invoke(...)""|""relative:///src/ows/src/main/java/org/geoserver/ows/util/OwsUtils.java:323:17:323:47""]]","/src/web/core/src/main/java/org/geoserver/web/data/importer/WMTSLayerImporterPage.java","291","23","291","31"
"QLInspector","find Java gadget chains","warning","recursive call to dangerous expression [[""invoke(...)""|""relative:///src/ows/src/main/java/org/geoserver/ows/util/OwsUtils.java:399:46:399:72""]]
recursive call to dangerous expression [[""invoke(...)""|""relative:///src/ows/src/main/java/org/geoserver/ows/util/OwsUtils.java:389:52:389:78""]]
recursive call to dangerous expression [[""invoke(...)""|""relative:///src/ows/src/main/java/org/geoserver/ows/util/OwsUtils.java:309:35:309:61""]]
recursive call to dangerous expression [[""invoke(...)""|""relative:///src/ows/src/main/java/org/geoserver/ows/util/OwsUtils.java:323:17:323:47""]]","/src/web/core/src/main/java/org/geoserver/web/data/layer/NewLayerPageProvider.java","196","30","196","45"
"QLInspector","find Java gadget chains","warning","recursive call to dangerous expression [[""invoke(...)""|""relative:///src/ows/src/main/java/org/geoserver/ows/util/OwsUtils.java:399:46:399:72""]]
recursive call to dangerous expression [[""invoke(...)""|""relative:///src/ows/src/main/java/org/geoserver/ows/util/OwsUtils.java:389:52:389:78""]]
recursive call to dangerous expression [[""invoke(...)""|""relative:///src/ows/src/main/java/org/geoserver/ows/util/OwsUtils.java:309:35:309:61""]]
recursive call to dangerous expression [[""invoke(...)""|""relative:///src/ows/src/main/java/org/geoserver/ows/util/OwsUtils.java:323:17:323:47""]]","/src/web/core/src/main/java/org/geoserver/web/util/MetadataMapModel.java","52","14","52","22"
"QLInspector","find Java gadget chains","warning","recursive call to dangerous expression [[""invoke(...)""|""relative:///src/ows/src/main/java/org/geoserver/ows/util/OwsUtils.java:399:46:399:72""]]
recursive call to dangerous expression [[""invoke(...)""|""relative:///src/ows/src/main/java/org/geoserver/ows/util/OwsUtils.java:389:52:389:78""]]
recursive call to dangerous expression [[""invoke(...)""|""relative:///src/ows/src/main/java/org/geoserver/ows/util/OwsUtils.java:309:35:309:61""]]
recursive call to dangerous expression [[""invoke(...)""|""relative:///src/ows/src/main/java/org/geoserver/ows/util/OwsUtils.java:323:17:323:47""]]","/src/web/core/src/main/java/org/geoserver/web/data/resource/ResourceDimensionsTabPanelInfo.java","187","18","187","26"
"QLInspector","find Java gadget chains","warning","recursive call to dangerous expression [[""invoke(...)""|""relative:///src/ows/src/main/java/org/geoserver/ows/util/OwsUtils.java:399:46:399:72""]]
recursive call to dangerous expression [[""invoke(...)""|""relative:///src/ows/src/main/java/org/geoserver/ows/util/OwsUtils.java:389:52:389:78""]]
recursive call to dangerous expression [[""invoke(...)""|""relative:///src/ows/src/main/java/org/geoserver/ows/util/OwsUtils.java:309:35:309:61""]]
recursive call to dangerous expression [[""invoke(...)""|""relative:///src/ows/src/main/java/org/geoserver/ows/util/OwsUtils.java:323:17:323:47""]]","/src/web/core/src/main/java/org/geoserver/web/data/resource/VectorCustomDimensionsPanel.java","218","43","218","51"
"QLInspector","find Java gadget chains","warning","recursive call to dangerous expression [[""invoke(...)""|""relative:///src/ows/src/main/java/org/geoserver/ows/util/OwsUtils.java:399:46:399:72""]]
recursive call to dangerous expression [[""invoke(...)""|""relative:///src/ows/src/main/java/org/geoserver/ows/util/OwsUtils.java:389:52:389:78""]]
recursive call to dangerous expression [[""invoke(...)""|""relative:///src/ows/src/main/java/org/geoserver/ows/util/OwsUtils.java:309:35:309:61""]]
recursive call to dangerous expression [[""invoke(...)""|""relative:///src/ows/src/main/java/org/geoserver/ows/util/OwsUtils.java:323:17:323:47""]]","/src/web/core/src/main/java/org/geoserver/web/util/MapModel.java","40","14","40","22"
"QLInspector","find Java gadget chains","warning","recursive call to dangerous expression [[""invoke(...)""|""relative:///src/ows/src/main/java/org/geoserver/ows/util/OwsUtils.java:399:46:399:72""]]
recursive call to dangerous expression [[""invoke(...)""|""relative:///src/ows/src/main/java/org/geoserver/ows/util/OwsUtils.java:389:52:389:78""]]
recursive call to dangerous expression [[""invoke(...)""|""relative:///src/ows/src/main/java/org/geoserver/ows/util/OwsUtils.java:309:35:309:61""]]
recursive call to dangerous expression [[""invoke(...)""|""relative:///src/ows/src/main/java/org/geoserver/ows/util/OwsUtils.java:323:17:323:47""]]","/src/web/core/src/main/java/org/geoserver/web/data/store/NamespaceParamModel.java","28","26","28","34"
"QLInspector","find Java gadget chains","warning","recursive call to dangerous expression [[""invoke(...)""|""relative:///src/ows/src/main/java/org/geoserver/ows/util/OwsUtils.java:399:46:399:72""]]
recursive call to dangerous expression [[""invoke(...)""|""relative:///src/ows/src/main/java/org/geoserver/ows/util/OwsUtils.java:389:52:389:78""]]
recursive call to dangerous expression [[""invoke(...)""|""relative:///src/ows/src/main/java/org/geoserver/ows/util/OwsUtils.java:309:35:309:61""]]
recursive call to dangerous expression [[""invoke(...)""|""relative:///src/ows/src/main/java/org/geoserver/ows/util/OwsUtils.java:323:17:323:47""]]","/src/community/cog/src/main/java/org/geoserver/web/data/store/cog/panel/CogRasterEditPanel.java","166","23","166","31"
"QLInspector","find Java gadget chains","warning","recursive call to dangerous expression [[""invoke(...)""|""relative:///src/ows/src/main/java/org/geoserver/ows/util/OwsUtils.java:399:46:399:72""]]
recursive call to dangerous expression [[""invoke(...)""|""relative:///src/ows/src/main/java/org/geoserver/ows/util/OwsUtils.java:389:52:389:78""]]
recursive call to dangerous expression [[""invoke(...)""|""relative:///src/ows/src/main/java/org/geoserver/ows/util/OwsUtils.java:309:35:309:61""]]
recursive call to dangerous expression [[""invoke(...)""|""relative:///src/ows/src/main/java/org/geoserver/ows/util/OwsUtils.java:323:17:323:47""]]","/src/web/core/src/main/java/org/geoserver/web/data/store/panel/FileModel.java","46","19","46","27"
"QLInspector","find Java gadget chains","warning","recursive call to dangerous expression [[""invoke(...)""|""relative:///src/ows/src/main/java/org/geoserver/ows/util/OwsUtils.java:399:46:399:72""]]
recursive call to dangerous expression [[""invoke(...)""|""relative:///src/ows/src/main/java/org/geoserver/ows/util/OwsUtils.java:389:52:389:78""]]
recursive call to dangerous expression [[""invoke(...)""|""relative:///src/ows/src/main/java/org/geoserver/ows/util/OwsUtils.java:309:35:309:61""]]
recursive call to dangerous expression [[""invoke(...)""|""relative:///src/ows/src/main/java/org/geoserver/ows/util/OwsUtils.java:323:17:323:47""]]","/src/web/core/src/main/java/org/geoserver/web/data/workspace/WorkspaceEditPage.java","538","28","538","36"
"QLInspector","find Java gadget chains","warning","recursive call to dangerous expression [[""invoke(...)""|""relative:///src/ows/src/main/java/org/geoserver/ows/util/OwsUtils.java:399:46:399:72""]]
recursive call to dangerous expression [[""invoke(...)""|""relative:///src/ows/src/main/java/org/geoserver/ows/util/OwsUtils.java:389:52:389:78""]]
recursive call to dangerous expression [[""invoke(...)""|""relative:///src/ows/src/main/java/org/geoserver/ows/util/OwsUtils.java:309:35:309:61""]]
recursive call to dangerous expression [[""invoke(...)""|""relative:///src/ows/src/main/java/org/geoserver/ows/util/OwsUtils.java:323:17:323:47""]]","/src/web/core/src/main/java/org/geoserver/web/data/workspace/WorkspaceEditPage.java","343","29","343","37"
"QLInspector","find Java gadget chains","warning","recursive call to dangerous expression [[""invoke(...)""|""relative:///src/ows/src/main/java/org/geoserver/ows/util/OwsUtils.java:399:46:399:72""]]
recursive call to dangerous expression [[""invoke(...)""|""relative:///src/ows/src/main/java/org/geoserver/ows/util/OwsUtils.java:389:52:389:78""]]
recursive call to dangerous expression [[""invoke(...)""|""relative:///src/ows/src/main/java/org/geoserver/ows/util/OwsUtils.java:309:35:309:61""]]
recursive call to dangerous expression [[""invoke(...)""|""relative:///src/ows/src/main/java/org/geoserver/ows/util/OwsUtils.java:323:17:323:47""]]","/src/community/ogcapi/web-ogcapi/src/main/java/org/geoserver/web/ogcapi/LinksMetadataMapModel.java","32","27","32","35"
"QLInspector","find Java gadget chains","warning","recursive call to dangerous expression [[""invoke(...)""|""relative:///src/ows/src/main/java/org/geoserver/ows/util/OwsUtils.java:399:46:399:72""]]
recursive call to dangerous expression [[""invoke(...)""|""relative:///src/ows/src/main/java/org/geoserver/ows/util/OwsUtils.java:389:52:389:78""]]
recursive call to dangerous expression [[""invoke(...)""|""relative:///src/ows/src/main/java/org/geoserver/ows/util/OwsUtils.java:309:35:309:61""]]
recursive call to dangerous expression [[""invoke(...)""|""relative:///src/ows/src/main/java/org/geoserver/ows/util/OwsUtils.java:323:17:323:47""]]","/src/extension/web-resource/src/main/java/org/geoserver/web/treeview/TreeView.java","127","20","127","35"
"QLInspector","find Java gadget chains","warning","recursive call to dangerous expression [[""invoke(...)""|""relative:///src/ows/src/main/java/org/geoserver/ows/util/OwsUtils.java:399:46:399:72""]]
recursive call to dangerous expression [[""invoke(...)""|""relative:///src/ows/src/main/java/org/geoserver/ows/util/OwsUtils.java:389:52:389:78""]]
recursive call to dangerous expression [[""invoke(...)""|""relative:///src/ows/src/main/java/org/geoserver/ows/util/OwsUtils.java:309:35:309:61""]]
recursive call to dangerous expression [[""invoke(...)""|""relative:///src/ows/src/main/java/org/geoserver/ows/util/OwsUtils.java:323:17:323:47""]]","/src/extension/web-resource/src/main/java/org/geoserver/web/treeview/TreeView.java","115","24","115","38"
"QLInspector","find Java gadget chains","warning","recursive call to dangerous expression [[""invoke(...)""|""relative:///src/ows/src/main/java/org/geoserver/ows/util/OwsUtils.java:399:46:399:72""]]
recursive call to dangerous expression [[""invoke(...)""|""relative:///src/ows/src/main/java/org/geoserver/ows/util/OwsUtils.java:389:52:389:78""]]
recursive call to dangerous expression [[""invoke(...)""|""relative:///src/ows/src/main/java/org/geoserver/ows/util/OwsUtils.java:309:35:309:61""]]
recursive call to dangerous expression [[""invoke(...)""|""relative:///src/ows/src/main/java/org/geoserver/ows/util/OwsUtils.java:323:17:323:47""]]","/src/extension/web-resource/src/main/java/org/geoserver/web/treeview/TreeView.java","110","36","110","51"
"QLInspector","find Java gadget chains","warning","recursive call to dangerous expression [[""invoke(...)""|""relative:///src/ows/src/main/java/org/geoserver/ows/util/OwsUtils.java:399:46:399:72""]]
recursive call to dangerous expression [[""invoke(...)""|""relative:///src/ows/src/main/java/org/geoserver/ows/util/OwsUtils.java:389:52:389:78""]]
recursive call to dangerous expression [[""invoke(...)""|""relative:///src/ows/src/main/java/org/geoserver/ows/util/OwsUtils.java:309:35:309:61""]]
recursive call to dangerous expression [[""invoke(...)""|""relative:///src/ows/src/main/java/org/geoserver/ows/util/OwsUtils.java:323:17:323:47""]]","/src/web/core/src/main/java/org/geoserver/web/util/EnumAdapterModel.java","29","14","29","22"
"QLInspector","find Java gadget chains","warning","recursive call to dangerous expression [[""invoke(...)""|""relative:///src/ows/src/main/java/org/geoserver/ows/util/OwsUtils.java:399:46:399:72""]]
recursive call to dangerous expression [[""invoke(...)""|""relative:///src/ows/src/main/java/org/geoserver/ows/util/OwsUtils.java:389:52:389:78""]]
recursive call to dangerous expression [[""invoke(...)""|""relative:///src/ows/src/main/java/org/geoserver/ows/util/OwsUtils.java:309:35:309:61""]]
recursive call to dangerous expression [[""invoke(...)""|""relative:///src/ows/src/main/java/org/geoserver/ows/util/OwsUtils.java:323:17:323:47""]]","/src/web/core/src/main/java/org/geoserver/web/wicket/DelegatingModel.java","22","14","22","22"
"QLInspector","find Java gadget chains","warning","recursive call to dangerous expression [[""invoke(...)""|""relative:///src/ows/src/main/java/org/geoserver/ows/util/OwsUtils.java:399:46:399:72""]]
recursive call to dangerous expression [[""invoke(...)""|""relative:///src/ows/src/main/java/org/geoserver/ows/util/OwsUtils.java:389:52:389:78""]]
recursive call to dangerous expression [[""invoke(...)""|""relative:///src/ows/src/main/java/org/geoserver/ows/util/OwsUtils.java:309:35:309:61""]]
recursive call to dangerous expression [[""invoke(...)""|""relative:///src/ows/src/main/java/org/geoserver/ows/util/OwsUtils.java:323:17:323:47""]]","/src/web/core/src/main/java/org/geoserver/web/wicket/SRSToCRSModel.java","30","38","30","46"
"QLInspector","find Java gadget chains","warning","recursive call to dangerous expression [[""invoke(...)""|""relative:///src/ows/src/main/java/org/geoserver/ows/util/OwsUtils.java:399:46:399:72""]]
recursive call to dangerous expression [[""invoke(...)""|""relative:///src/ows/src/main/java/org/geoserver/ows/util/OwsUtils.java:389:52:389:78""]]
recursive call to dangerous expression [[""invoke(...)""|""relative:///src/ows/src/main/java/org/geoserver/ows/util/OwsUtils.java:309:35:309:61""]]
recursive call to dangerous expression [[""invoke(...)""|""relative:///src/ows/src/main/java/org/geoserver/ows/util/OwsUtils.java:323:17:323:47""]]","/src/web/core/src/main/java/org/geoserver/web/wicket/WKTToCRSModel.java","29","38","29","46"
"QLInspector","find Java gadget chains","warning","recursive call to dangerous expression [[""invoke(...)""|""relative:///src/ows/src/main/java/org/geoserver/ows/util/OwsUtils.java:399:46:399:72""]]
recursive call to dangerous expression [[""invoke(...)""|""relative:///src/ows/src/main/java/org/geoserver/ows/util/OwsUtils.java:389:52:389:78""]]
recursive call to dangerous expression [[""invoke(...)""|""relative:///src/ows/src/main/java/org/geoserver/ows/util/OwsUtils.java:309:35:309:61""]]
recursive call to dangerous expression [[""invoke(...)""|""relative:///src/ows/src/main/java/org/geoserver/ows/util/OwsUtils.java:323:17:323:47""]]","/src/web/core/src/main/java/org/geoserver/web/wicket/browser/FileBreadcrumbs.java","90","27","90","35"
"QLInspector","find Java gadget chains","warning","recursive call to dangerous expression [[""invoke(...)""|""relative:///src/ows/src/main/java/org/geoserver/ows/util/OwsUtils.java:399:46:399:72""]]
recursive call to dangerous expression [[""invoke(...)""|""relative:///src/ows/src/main/java/org/geoserver/ows/util/OwsUtils.java:389:52:389:78""]]
recursive call to dangerous expression [[""invoke(...)""|""relative:///src/ows/src/main/java/org/geoserver/ows/util/OwsUtils.java:309:35:309:61""]]
recursive call to dangerous expression [[""invoke(...)""|""relative:///src/ows/src/main/java/org/geoserver/ows/util/OwsUtils.java:323:17:323:47""]]","/src/web/core/src/main/java/org/geoserver/web/wicket/browser/FileProvider.java","100","16","100","31"
"QLInspector","find Java gadget chains","warning","recursive call to dangerous expression [[""invoke(...)""|""relative:///src/ows/src/main/java/org/geoserver/ows/util/OwsUtils.java:399:46:399:72""]]
recursive call to dangerous expression [[""invoke(...)""|""relative:///src/ows/src/main/java/org/geoserver/ows/util/OwsUtils.java:389:52:389:78""]]
recursive call to dangerous expression [[""invoke(...)""|""relative:///src/ows/src/main/java/org/geoserver/ows/util/OwsUtils.java:309:35:309:61""]]
recursive call to dangerous expression [[""invoke(...)""|""relative:///src/ows/src/main/java/org/geoserver/ows/util/OwsUtils.java:323:17:323:47""]]","/src/extension/wps/web-wps/src/main/java/org/geoserver/wps/web/ProcessStatusProvider.java","167","37","167","52"
"QLInspector","find Java gadget chains","warning","recursive call to dangerous expression [[""invoke(...)""|""relative:///src/ows/src/main/java/org/geoserver/ows/util/OwsUtils.java:399:46:399:72""]]
recursive call to dangerous expression [[""invoke(...)""|""relative:///src/ows/src/main/java/org/geoserver/ows/util/OwsUtils.java:389:52:389:78""]]
recursive call to dangerous expression [[""invoke(...)""|""relative:///src/ows/src/main/java/org/geoserver/ows/util/OwsUtils.java:309:35:309:61""]]
recursive call to dangerous expression [[""invoke(...)""|""relative:///src/ows/src/main/java/org/geoserver/ows/util/OwsUtils.java:323:17:323:47""]]","/src/community/backup-restore/web/src/main/java/org/geoserver/backuprestore/web/BackupRestorePage.java","136","39","136","46"
"QLInspector","find Java gadget chains","warning","recursive call to dangerous expression [[""invoke(...)""|""relative:///src/ows/src/main/java/org/geoserver/ows/util/OwsUtils.java:399:46:399:72""]]
recursive call to dangerous expression [[""invoke(...)""|""relative:///src/ows/src/main/java/org/geoserver/ows/util/OwsUtils.java:389:52:389:78""]]
recursive call to dangerous expression [[""invoke(...)""|""relative:///src/ows/src/main/java/org/geoserver/ows/util/OwsUtils.java:309:35:309:61""]]
recursive call to dangerous expression [[""invoke(...)""|""relative:///src/ows/src/main/java/org/geoserver/ows/util/OwsUtils.java:323:17:323:47""]]","/src/community/smart-data-loader/src/main/java/org/geoserver/smartdataloader/data/store/panel/SmartDataLoaderStoreEditPanel.java","481","27","481","42"
"QLInspector","find Java gadget chains","warning","recursive call to dangerous expression [[""invoke(...)""|""relative:///src/ows/src/main/java/org/geoserver/ows/util/OwsUtils.java:399:46:399:72""]]
recursive call to dangerous expression [[""invoke(...)""|""relative:///src/ows/src/main/java/org/geoserver/ows/util/OwsUtils.java:389:52:389:78""]]
recursive call to dangerous expression [[""invoke(...)""|""relative:///src/ows/src/main/java/org/geoserver/ows/util/OwsUtils.java:309:35:309:61""]]
recursive call to dangerous expression [[""invoke(...)""|""relative:///src/ows/src/main/java/org/geoserver/ows/util/OwsUtils.java:323:17:323:47""]]","/src/community/taskmanager/core/src/main/java/org/geoserver/taskmanager/web/ConfigurationPage.java","710","47","710","55"
"QLInspector","find Java gadget chains","warning","recursive call to dangerous expression [[""invoke(...)""|""relative:///src/ows/src/main/java/org/geoserver/ows/util/OwsUtils.java:399:46:399:72""]]
recursive call to dangerous expression [[""invoke(...)""|""relative:///src/ows/src/main/java/org/geoserver/ows/util/OwsUtils.java:389:52:389:78""]]
recursive call to dangerous expression [[""invoke(...)""|""relative:///src/ows/src/main/java/org/geoserver/ows/util/OwsUtils.java:309:35:309:61""]]
recursive call to dangerous expression [[""invoke(...)""|""relative:///src/ows/src/main/java/org/geoserver/ows/util/OwsUtils.java:323:17:323:47""]]","/src/extension/importer/web/src/main/java/org/geoserver/importer/web/ImportPage.java","83","51","83","58"
"QLInspector","find Java gadget chains","warning","recursive call to dangerous expression [[""invoke(...)""|""relative:///src/ows/src/main/java/org/geoserver/ows/util/OwsUtils.java:399:46:399:72""]]
recursive call to dangerous expression [[""invoke(...)""|""relative:///src/ows/src/main/java/org/geoserver/ows/util/OwsUtils.java:389:52:389:78""]]
recursive call to dangerous expression [[""invoke(...)""|""relative:///src/ows/src/main/java/org/geoserver/ows/util/OwsUtils.java:309:35:309:61""]]
recursive call to dangerous expression [[""invoke(...)""|""relative:///src/ows/src/main/java/org/geoserver/ows/util/OwsUtils.java:323:17:323:47""]]","/src/extension/metadata/src/main/java/org/geoserver/metadata/web/panel/ProgressPanel.java","61","51","61","64"
"QLInspector","find Java gadget chains","warning","recursive call to dangerous expression [[""invoke(...)""|""relative:///src/ows/src/main/java/org/geoserver/ows/util/OwsUtils.java:399:46:399:72""]]
recursive call to dangerous expression [[""invoke(...)""|""relative:///src/ows/src/main/java/org/geoserver/ows/util/OwsUtils.java:389:52:389:78""]]
recursive call to dangerous expression [[""invoke(...)""|""relative:///src/ows/src/main/java/org/geoserver/ows/util/OwsUtils.java:309:35:309:61""]]
recursive call to dangerous expression [[""invoke(...)""|""relative:///src/ows/src/main/java/org/geoserver/ows/util/OwsUtils.java:323:17:323:47""]]","/src/extension/metadata/src/main/java/org/geoserver/metadata/web/panel/attribute/DropDownPanel.java","61","49","61","57"
"QLInspector","find Java gadget chains","warning","recursive call to dangerous expression [[""invoke(...)""|""relative:///src/ows/src/main/java/org/geoserver/ows/util/OwsUtils.java:399:46:399:72""]]
recursive call to dangerous expression [[""invoke(...)""|""relative:///src/ows/src/main/java/org/geoserver/ows/util/OwsUtils.java:389:52:389:78""]]
recursive call to dangerous expression [[""invoke(...)""|""relative:///src/ows/src/main/java/org/geoserver/ows/util/OwsUtils.java:309:35:309:61""]]
recursive call to dangerous expression [[""invoke(...)""|""relative:///src/ows/src/main/java/org/geoserver/ows/util/OwsUtils.java:323:17:323:47""]]","/src/extension/web-resource/src/main/java/org/geoserver/web/resources/PageResourceBrowser.java","374","40","374","46"
"QLInspector","find Java gadget chains","warning","recursive call to dangerous expression [[""invoke(...)""|""relative:///src/ows/src/main/java/org/geoserver/ows/util/OwsUtils.java:399:46:399:72""]]
recursive call to dangerous expression [[""invoke(...)""|""relative:///src/ows/src/main/java/org/geoserver/ows/util/OwsUtils.java:389:52:389:78""]]
recursive call to dangerous expression [[""invoke(...)""|""relative:///src/ows/src/main/java/org/geoserver/ows/util/OwsUtils.java:309:35:309:61""]]
recursive call to dangerous expression [[""invoke(...)""|""relative:///src/ows/src/main/java/org/geoserver/ows/util/OwsUtils.java:323:17:323:47""]]","/src/extension/wps/web-wps/src/main/java/org/geoserver/wps/web/ProcessSelectionPage.java","135","55","135","63"
"QLInspector","find Java gadget chains","warning","recursive call to dangerous expression [[""invoke(...)""|""relative:///src/ows/src/main/java/org/geoserver/ows/util/OwsUtils.java:399:46:399:72""]]
recursive call to dangerous expression [[""invoke(...)""|""relative:///src/ows/src/main/java/org/geoserver/ows/util/OwsUtils.java:389:52:389:78""]]
recursive call to dangerous expression [[""invoke(...)""|""relative:///src/ows/src/main/java/org/geoserver/ows/util/OwsUtils.java:309:35:309:61""]]
recursive call to dangerous expression [[""invoke(...)""|""relative:///src/ows/src/main/java/org/geoserver/ows/util/OwsUtils.java:323:17:323:47""]]","/src/main/src/main/java/org/geoserver/catalog/impl/ModificationProxy.java","478","20","478","30"
"QLInspector","find Java gadget chains","warning","recursive call to dangerous expression [[""invoke(...)""|""relative:///src/ows/src/main/java/org/geoserver/ows/util/OwsUtils.java:399:46:399:72""]]
recursive call to dangerous expression [[""invoke(...)""|""relative:///src/ows/src/main/java/org/geoserver/ows/util/OwsUtils.java:389:52:389:78""]]
recursive call to dangerous expression [[""invoke(...)""|""relative:///src/ows/src/main/java/org/geoserver/ows/util/OwsUtils.java:309:35:309:61""]]
recursive call to dangerous expression [[""invoke(...)""|""relative:///src/ows/src/main/java/org/geoserver/ows/util/OwsUtils.java:323:17:323:47""]]","/src/web/core/src/main/java/org/geoserver/web/data/layergroup/LayerGroupStyleConfig.java","182","35","182","52"
"QLInspector","find Java gadget chains","warning","recursive call to dangerous expression [[""invoke(...)""|""relative:///src/ows/src/main/java/org/geoserver/ows/util/OwsUtils.java:399:46:399:72""]]
recursive call to dangerous expression [[""invoke(...)""|""relative:///src/ows/src/main/java/org/geoserver/ows/util/OwsUtils.java:389:52:389:78""]]
recursive call to dangerous expression [[""invoke(...)""|""relative:///src/ows/src/main/java/org/geoserver/ows/util/OwsUtils.java:309:35:309:61""]]
recursive call to dangerous expression [[""invoke(...)""|""relative:///src/ows/src/main/java/org/geoserver/ows/util/OwsUtils.java:323:17:323:47""]]","/src/web/core/src/main/java/org/geoserver/web/data/resource/VectorCustomDimensionsPanel.java","161","76","161","88"
"QLInspector","find Java gadget chains","warning","recursive call to dangerous expression [[""invoke(...)""|""relative:///src/ows/src/main/java/org/geoserver/ows/util/OwsUtils.java:399:46:399:72""]]
recursive call to dangerous expression [[""invoke(...)""|""relative:///src/ows/src/main/java/org/geoserver/ows/util/OwsUtils.java:389:52:389:78""]]
recursive call to dangerous expression [[""invoke(...)""|""relative:///src/ows/src/main/java/org/geoserver/ows/util/OwsUtils.java:309:35:309:61""]]
recursive call to dangerous expression [[""invoke(...)""|""relative:///src/ows/src/main/java/org/geoserver/ows/util/OwsUtils.java:323:17:323:47""]]","/src/web/core/src/main/java/org/geoserver/web/data/store/StoreProvider.java","51","39","51","47"
"QLInspector","find Java gadget chains","warning","recursive call to dangerous expression [[""invoke(...)""|""relative:///src/ows/src/main/java/org/geoserver/ows/util/OwsUtils.java:399:46:399:72""]]
recursive call to dangerous expression [[""invoke(...)""|""relative:///src/ows/src/main/java/org/geoserver/ows/util/OwsUtils.java:389:52:389:78""]]
recursive call to dangerous expression [[""invoke(...)""|""relative:///src/ows/src/main/java/org/geoserver/ows/util/OwsUtils.java:309:35:309:61""]]
recursive call to dangerous expression [[""invoke(...)""|""relative:///src/ows/src/main/java/org/geoserver/ows/util/OwsUtils.java:323:17:323:47""]]","/src/web/core/src/main/java/org/geoserver/web/wicket/LiveCollectionModel.java","53","28","53","36"
"QLInspector","find Java gadget chains","warning","recursive call to dangerous expression [[""invoke(...)""|""relative:///src/ows/src/main/java/org/geoserver/ows/util/OwsUtils.java:399:46:399:72""]]
recursive call to dangerous expression [[""invoke(...)""|""relative:///src/ows/src/main/java/org/geoserver/ows/util/OwsUtils.java:389:52:389:78""]]
recursive call to dangerous expression [[""invoke(...)""|""relative:///src/ows/src/main/java/org/geoserver/ows/util/OwsUtils.java:309:35:309:61""]]
recursive call to dangerous expression [[""invoke(...)""|""relative:///src/ows/src/main/java/org/geoserver/ows/util/OwsUtils.java:323:17:323:47""]]","/src/web/core/src/main/java/org/geoserver/web/wicket/LiveCollectionModel.java","66","27","66","35"
"QLInspector","find Java gadget chains","warning","recursive call to dangerous expression [[""invoke(...)""|""relative:///src/ows/src/main/java/org/geoserver/ows/util/OwsUtils.java:399:46:399:72""]]
recursive call to dangerous expression [[""invoke(...)""|""relative:///src/ows/src/main/java/org/geoserver/ows/util/OwsUtils.java:389:52:389:78""]]
recursive call to dangerous expression [[""invoke(...)""|""relative:///src/ows/src/main/java/org/geoserver/ows/util/OwsUtils.java:309:35:309:61""]]
recursive call to dangerous expression [[""invoke(...)""|""relative:///src/ows/src/main/java/org/geoserver/ows/util/OwsUtils.java:323:17:323:47""]]","/src/web/wms/src/main/java/org/geoserver/wms/web/WMSAdminPage.java","473","33","473","41"
"QLInspector","find Java gadget chains","warning","recursive call to dangerous expression [[""invoke(...)""|""relative:///src/ows/src/main/java/org/geoserver/ows/util/OwsUtils.java:399:46:399:72""]]
recursive call to dangerous expression [[""invoke(...)""|""relative:///src/ows/src/main/java/org/geoserver/ows/util/OwsUtils.java:389:52:389:78""]]
recursive call to dangerous expression [[""invoke(...)""|""relative:///src/ows/src/main/java/org/geoserver/ows/util/OwsUtils.java:309:35:309:61""]]
recursive call to dangerous expression [[""invoke(...)""|""relative:///src/ows/src/main/java/org/geoserver/ows/util/OwsUtils.java:323:17:323:47""]]","/src/web/wms/src/main/java/org/geoserver/wms/web/WMSAdminPage.java","533","28","533","36"
