"QLInspector","find Java gadget chains","warning","recursive call to dangerous expression [[""exec(...)""|""relative:///src/main/java/water/api/CollectLinuxInfo.java:37:21:37:50""]]
recursive call to dangerous expression [[""exec(...)""|""relative:///src/main/java/water/api/CollectLinuxInfo.java:52:19:52:48""]]
recursive call to dangerous expression [[""exec(...)""|""relative:///src/main/java/water/api/CollectLinuxInfo.java:65:19:65:48""]]
recursive call to dangerous expression [[""new FileOutputStream(...)""|""relative:///src/main/java/water/api/CollectLinuxInfo.java:77:29:77:68""]]
recursive call to dangerous expression [[""exec(...)""|""relative:///src/main/java/water/api/CollectLinuxInfo.java:95:19:95:48""]]
recursive call to dangerous expression [[""new FileOutputStream(...)""|""relative:///src/main/java/water/util/Utils.java:483:13:483:38""]]
recursive call to dangerous expression [[""new FileInputStream(...)""|""relative:///src/main/java/water/util/LogCollectorTask.java:72:31:72:52""]]","/src/main/java/water/MRTask2.java","272","18","272","26"
"QLInspector","find Java gadget chains","warning","recursive call to dangerous expression [[""exec(...)""|""relative:///src/main/java/water/api/CollectLinuxInfo.java:37:21:37:50""]]
recursive call to dangerous expression [[""exec(...)""|""relative:///src/main/java/water/api/CollectLinuxInfo.java:52:19:52:48""]]
recursive call to dangerous expression [[""exec(...)""|""relative:///src/main/java/water/api/CollectLinuxInfo.java:65:19:65:48""]]
recursive call to dangerous expression [[""new FileOutputStream(...)""|""relative:///src/main/java/water/api/CollectLinuxInfo.java:77:29:77:68""]]
recursive call to dangerous expression [[""exec(...)""|""relative:///src/main/java/water/api/CollectLinuxInfo.java:95:19:95:48""]]
recursive call to dangerous expression [[""new FileOutputStream(...)""|""relative:///src/main/java/water/util/Utils.java:483:13:483:38""]]
recursive call to dangerous expression [[""new FileInputStream(...)""|""relative:///src/main/java/water/util/LogCollectorTask.java:72:31:72:52""]]","/src/main/java/hex/FrameExtractor.java","75","18","75","26"
"QLInspector","find Java gadget chains","warning","recursive call to dangerous expression [[""exec(...)""|""relative:///src/main/java/water/api/CollectLinuxInfo.java:37:21:37:50""]]
recursive call to dangerous expression [[""exec(...)""|""relative:///src/main/java/water/api/CollectLinuxInfo.java:52:19:52:48""]]
recursive call to dangerous expression [[""exec(...)""|""relative:///src/main/java/water/api/CollectLinuxInfo.java:65:19:65:48""]]
recursive call to dangerous expression [[""new FileOutputStream(...)""|""relative:///src/main/java/water/api/CollectLinuxInfo.java:77:29:77:68""]]
recursive call to dangerous expression [[""exec(...)""|""relative:///src/main/java/water/api/CollectLinuxInfo.java:95:19:95:48""]]
recursive call to dangerous expression [[""new FileOutputStream(...)""|""relative:///src/main/java/water/util/Utils.java:483:13:483:38""]]
recursive call to dangerous expression [[""new FileInputStream(...)""|""relative:///src/main/java/water/util/LogCollectorTask.java:72:31:72:52""]]","/src/main/java/hex/FrameSplitter.java","100","18","100","26"
"QLInspector","find Java gadget chains","warning","recursive call to dangerous expression [[""exec(...)""|""relative:///src/main/java/water/api/CollectLinuxInfo.java:37:21:37:50""]]
recursive call to dangerous expression [[""exec(...)""|""relative:///src/main/java/water/api/CollectLinuxInfo.java:52:19:52:48""]]
recursive call to dangerous expression [[""exec(...)""|""relative:///src/main/java/water/api/CollectLinuxInfo.java:65:19:65:48""]]
recursive call to dangerous expression [[""new FileOutputStream(...)""|""relative:///src/main/java/water/api/CollectLinuxInfo.java:77:29:77:68""]]
recursive call to dangerous expression [[""exec(...)""|""relative:///src/main/java/water/api/CollectLinuxInfo.java:95:19:95:48""]]
recursive call to dangerous expression [[""new FileOutputStream(...)""|""relative:///src/main/java/water/util/Utils.java:483:13:483:38""]]
recursive call to dangerous expression [[""new FileInputStream(...)""|""relative:///src/main/java/water/util/LogCollectorTask.java:72:31:72:52""]]","/src/main/java/jsr166y/ForkJoinTask.java","954","20","954","22"
"QLInspector","find Java gadget chains","warning","recursive call to dangerous expression [[""exec(...)""|""relative:///src/main/java/water/api/CollectLinuxInfo.java:37:21:37:50""]]
recursive call to dangerous expression [[""exec(...)""|""relative:///src/main/java/water/api/CollectLinuxInfo.java:52:19:52:48""]]
recursive call to dangerous expression [[""exec(...)""|""relative:///src/main/java/water/api/CollectLinuxInfo.java:65:19:65:48""]]
recursive call to dangerous expression [[""new FileOutputStream(...)""|""relative:///src/main/java/water/api/CollectLinuxInfo.java:77:29:77:68""]]
recursive call to dangerous expression [[""exec(...)""|""relative:///src/main/java/water/api/CollectLinuxInfo.java:95:19:95:48""]]
recursive call to dangerous expression [[""new FileOutputStream(...)""|""relative:///src/main/java/water/util/Utils.java:483:13:483:38""]]
recursive call to dangerous expression [[""new FileInputStream(...)""|""relative:///src/main/java/water/util/LogCollectorTask.java:72:31:72:52""]]","/src/main/java/water/fvec/RebalanceDataSet.java","74","16","74","24"
"QLInspector","find Java gadget chains","warning","recursive call to dangerous expression [[""exec(...)""|""relative:///src/main/java/water/api/CollectLinuxInfo.java:37:21:37:50""]]
recursive call to dangerous expression [[""exec(...)""|""relative:///src/main/java/water/api/CollectLinuxInfo.java:52:19:52:48""]]
recursive call to dangerous expression [[""exec(...)""|""relative:///src/main/java/water/api/CollectLinuxInfo.java:65:19:65:48""]]
recursive call to dangerous expression [[""new FileOutputStream(...)""|""relative:///src/main/java/water/api/CollectLinuxInfo.java:77:29:77:68""]]
recursive call to dangerous expression [[""exec(...)""|""relative:///src/main/java/water/api/CollectLinuxInfo.java:95:19:95:48""]]
recursive call to dangerous expression [[""new FileOutputStream(...)""|""relative:///src/main/java/water/util/Utils.java:483:13:483:38""]]
recursive call to dangerous expression [[""new FileInputStream(...)""|""relative:///src/main/java/water/util/LogCollectorTask.java:72:31:72:52""]]","/src/main/java/jsr166y/ForkJoinTask.java","1517","18","1517","27"
