"QLInspector","find Java gadget chains","warning","recursive call to dangerous expression [[""invoke(...)""|""relative:///javamelody-core/src/main/java/net/bull/javamelody/JdbcWrapper.java:252:26:252:64""]]
recursive call to dangerous expression [[""invoke(...)""|""relative:///javamelody-core/src/main/java/net/bull/javamelody/MonitoringProxy.java:182:11:182:37""]]
recursive call to dangerous expression [[""invoke(...)""|""relative:///javamelody-core/src/main/java/net/bull/javamelody/MonitoringProxy.java:159:11:159:37""]]
recursive call to dangerous expression [[""invoke(...)""|""relative:///javamelody-core/src/main/java/net/bull/javamelody/internal/model/ThreadInformations.java:95:19:95:77""]]
recursive call to dangerous expression [[""invoke(...)""|""relative:///javamelody-core/src/main/java/net/bull/javamelody/JdbcWrapper.java:705:21:705:48""]]
recursive call to dangerous expression [[""invoke(...)""|""relative:///javamelody-core/src/main/java/net/bull/javamelody/JdbcWrapper.java:724:21:724:47""]]
recursive call to dangerous expression [[""invoke(...)""|""relative:///javamelody-core/src/main/java/net/bull/javamelody/JdbcWrapper.java:802:21:802:51""]]","/javamelody-core/src/main/java/net/bull/javamelody/JdbcWrapper.java","296","17","296","22"
"QLInspector","find Java gadget chains","warning","recursive call to dangerous expression [[""invoke(...)""|""relative:///javamelody-core/src/main/java/net/bull/javamelody/MonitoringProxy.java:182:11:182:37""]]
recursive call to dangerous expression [[""invoke(...)""|""relative:///javamelody-core/src/main/java/net/bull/javamelody/internal/model/ThreadInformations.java:95:19:95:77""]]","/javamelody-core/src/main/java/net/bull/javamelody/MonitoringProxy.java","157","16","157","21"
"QLInspector","find Java gadget chains","warning","recursive call to dangerous expression [[""invoke(...)""|""relative:///javamelody-core/src/main/java/net/bull/javamelody/internal/model/ThreadInformations.java:95:19:95:77""]]","/javamelody-core/src/main/java/net/bull/javamelody/internal/model/CounterRequestContext.java","188","13","188","30"
"QLInspector","find Java gadget chains","warning","recursive call to dangerous expression [[""openStream(...)""|""relative:///javamelody-core/src/main/java/net/bull/javamelody/internal/model/MavenArtifact.java:663:29:663:56""]]
recursive call to dangerous expression [[""new FileOutputStream(...)""|""relative:///javamelody-core/src/main/java/net/bull/javamelody/internal/model/MavenArtifact.java:607:32:607:57""]]
recursive call to dangerous expression [[""new FileInputStream(...)""|""relative:///javamelody-core/src/main/java/net/bull/javamelody/internal/model/MavenArtifact.java:281:30:281:56""]]","/javamelody-core/src/main/java/net/bull/javamelody/internal/model/MavenArtifact.java","401","43","401","63"
"QLInspector","find Java gadget chains","warning","recursive call to dangerous expression [[""new FileOutputStream(...)""|""relative:///javamelody-core/src/main/java/net/bull/javamelody/internal/model/MavenArtifact.java:607:32:607:57""]]
recursive call to dangerous expression [[""new FileInputStream(...)""|""relative:///javamelody-core/src/main/java/net/bull/javamelody/internal/model/MavenArtifact.java:281:30:281:56""]]","/javamelody-core/src/main/java/net/bull/javamelody/internal/model/MavenArtifact.java","346","22","346","39"
"QLInspector","find Java gadget chains","warning","recursive call to dangerous expression [[""new FileOutputStream(...)""|""relative:///javamelody-core/src/main/java/net/bull/javamelody/internal/model/MavenArtifact.java:607:32:607:57""]]
recursive call to dangerous expression [[""new FileInputStream(...)""|""relative:///javamelody-core/src/main/java/net/bull/javamelody/internal/model/MavenArtifact.java:281:30:281:56""]]","/javamelody-core/src/main/java/net/bull/javamelody/internal/model/MavenArtifact.java","316","29","316","48"
"QLInspector","find Java gadget chains","warning","recursive call to dangerous expression [[""new FileOutputStream(...)""|""relative:///javamelody-core/src/main/java/net/bull/javamelody/internal/model/MavenArtifact.java:607:32:607:57""]]
recursive call to dangerous expression [[""new FileInputStream(...)""|""relative:///javamelody-core/src/main/java/net/bull/javamelody/internal/model/MavenArtifact.java:281:30:281:56""]]","/javamelody-core/src/main/java/net/bull/javamelody/internal/model/MavenArtifact.java","308","16","308","21"
"QLInspector","find Java gadget chains","warning","recursive call to dangerous expression [[""new FileOutputStream(...)""|""relative:///javamelody-core/src/main/java/net/bull/javamelody/internal/model/MavenArtifact.java:607:32:607:57""]]
recursive call to dangerous expression [[""new FileInputStream(...)""|""relative:///javamelody-core/src/main/java/net/bull/javamelody/internal/model/MavenArtifact.java:281:30:281:56""]]","/javamelody-core/src/main/java/net/bull/javamelody/internal/model/MavenArtifact.java","300","16","300","22"
"QLInspector","find Java gadget chains","warning","recursive call to dangerous expression [[""invoke(...)""|""relative:///javamelody-core/src/main/java/net/bull/javamelody/internal/model/ThreadInformations.java:95:19:95:77""]]","/javamelody-core/src/main/java/net/bull/javamelody/internal/model/ThreadInformations.java","86","21","86","50"
"QLInspector","find Java gadget chains","warning","recursive call to dangerous expression [[""new FileOutputStream(...)""|""relative:///javamelody-core/src/main/java/net/bull/javamelody/internal/common/InputOutput.java:62:30:62:55""]]","/javamelody-core/src/main/java/net/bull/javamelody/internal/web/pdf/PdfFonts.java","73","7","73","13"
"QLInspector","find Java gadget chains","warning","recursive call to dangerous expression [[""lookup(...)""|""relative:///javamelody-core/src/main/java/net/bull/javamelody/JdbcWrapperHelper.java:172:48:172:78""]]
recursive call to dangerous expression [[""lookup(...)""|""relative:///javamelody-core/src/main/java/net/bull/javamelody/JdbcWrapperHelper.java:198:26:198:56""]]","/javamelody-core/src/main/java/net/bull/javamelody/internal/model/DatabaseInformations.java","298","28","298","40"
"QLInspector","find Java gadget chains","warning","recursive call to dangerous expression [[""openStream(...)""|""relative:///javamelody-core/src/main/java/net/bull/javamelody/internal/model/MavenArtifact.java:663:29:663:56""]]
recursive call to dangerous expression [[""new FileOutputStream(...)""|""relative:///javamelody-core/src/main/java/net/bull/javamelody/internal/model/MavenArtifact.java:607:32:607:57""]]
recursive call to dangerous expression [[""new FileInputStream(...)""|""relative:///javamelody-core/src/main/java/net/bull/javamelody/internal/model/MavenArtifact.java:281:30:281:56""]]","/javamelody-core/src/main/java/net/bull/javamelody/internal/model/MavenArtifact.java","563","50","563","81"
"QLInspector","find Java gadget chains","warning","recursive call to dangerous expression [[""openStream(...)""|""relative:///javamelody-core/src/main/java/net/bull/javamelody/internal/model/MavenArtifact.java:663:29:663:56""]]","/javamelody-core/src/main/java/net/bull/javamelody/internal/model/MavenArtifact.java","451","44","451","77"
"QLInspector","find Java gadget chains","warning","recursive call to dangerous expression [[""new FileOutputStream(...)""|""relative:///javamelody-core/src/main/java/net/bull/javamelody/internal/model/MavenArtifact.java:607:32:607:57""]]
recursive call to dangerous expression [[""new FileInputStream(...)""|""relative:///javamelody-core/src/main/java/net/bull/javamelody/internal/model/MavenArtifact.java:281:30:281:56""]]","/javamelody-core/src/main/java/net/bull/javamelody/internal/model/MavenArtifact.java","437","37","437","67"
"QLInspector","find Java gadget chains","warning","recursive call to dangerous expression [[""new FileOutputStream(...)""|""relative:///javamelody-core/src/main/java/net/bull/javamelody/internal/model/MavenArtifact.java:607:32:607:57""]]
recursive call to dangerous expression [[""new FileInputStream(...)""|""relative:///javamelody-core/src/main/java/net/bull/javamelody/internal/model/MavenArtifact.java:281:30:281:56""]]","/javamelody-core/src/main/java/net/bull/javamelody/internal/model/MavenArtifact.java","337","30","337","54"
"QLInspector","find Java gadget chains","warning","recursive call to dangerous expression [[""new FileOutputStream(...)""|""relative:///javamelody-core/src/main/java/net/bull/javamelody/internal/common/InputOutput.java:62:30:62:55""]]","/javamelody-core/src/main/java/net/bull/javamelody/internal/web/pdf/PdfFonts.java","155","39","155","59"
"QLInspector","find Java gadget chains","warning","recursive call to dangerous expression [[""new FileOutputStream(...)""|""relative:///javamelody-core/src/main/java/net/bull/javamelody/internal/common/InputOutput.java:62:30:62:55""]]","/javamelody-core/src/main/java/net/bull/javamelody/internal/web/pdf/PdfFonts.java","147","15","147","31"
