"QLInspector","find Java gadget chains","warning","recursive call to dangerous expression [[""openStream(...)""|""relative:///flatlaf-core/src/main/java/com/formdev/flatlaf/UIDefaultsLoader.java:176:29:176:54""]]
recursive call to dangerous expression [[""new FileInputStream(...)""|""relative:///flatlaf-core/src/main/java/com/formdev/flatlaf/UIDefaultsLoader.java:190:29:190:65""]]
recursive call to dangerous expression [[""invoke(...)""|""relative:///flatlaf-core/src/main/java/com/formdev/flatlaf/util/UIScale.java:113:27:113:40""]]
recursive call to dangerous expression [[""invoke(...)""|""relative:///flatlaf-core/src/main/java/com/formdev/flatlaf/FlatLaf.java:730:20:732:26""]]
recursive call to dangerous expression [[""new FileInputStream(...)""|""relative:///flatlaf-core/src/main/java/com/formdev/flatlaf/LinuxFontPolicy.java:285:4:285:30""]]","/flatlaf-core/src/main/java/com/formdev/flatlaf/FlatLaf.java","406","20","406","30"
"QLInspector","find Java gadget chains","warning","recursive call to dangerous expression [[""invoke(...)""|""relative:///flatlaf-core/src/main/java/com/formdev/flatlaf/util/UIScale.java:113:27:113:40""]]","/flatlaf-demo/src/main/java/com/formdev/flatlaf/demo/ScrollablePanel.java","36","19","36","52"
"QLInspector","find Java gadget chains","warning","recursive call to dangerous expression [[""invoke(...)""|""relative:///flatlaf-core/src/main/java/com/formdev/flatlaf/util/UIScale.java:113:27:113:40""]]","/flatlaf-extras/src/main/java/com/formdev/flatlaf/extras/FlatSVGIcon.java","638","15","638","22"
"QLInspector","find Java gadget chains","warning","recursive call to dangerous expression [[""invoke(...)""|""relative:///flatlaf-core/src/main/java/com/formdev/flatlaf/util/UIScale.java:113:27:113:40""]]","/flatlaf-extras/src/main/java/com/formdev/flatlaf/extras/FlatSVGIcon.java","558","13","558","25"
"QLInspector","find Java gadget chains","warning","recursive call to dangerous expression [[""invoke(...)""|""relative:///flatlaf-core/src/main/java/com/formdev/flatlaf/util/UIScale.java:113:27:113:40""]]","/flatlaf-extras/src/main/java/com/formdev/flatlaf/extras/FlatSVGIcon.java","546","13","546","24"
"QLInspector","find Java gadget chains","warning","recursive call to dangerous expression [[""invoke(...)""|""relative:///flatlaf-core/src/main/java/com/formdev/flatlaf/util/UIScale.java:113:27:113:40""]]","/flatlaf-swingx/src/main/java/com/formdev/flatlaf/swingx/ui/FlatTaskPaneUI.java","162","17","162","31"
"QLInspector","find Java gadget chains","warning","recursive call to dangerous expression [[""invoke(...)""|""relative:///flatlaf-core/src/main/java/com/formdev/flatlaf/util/UIScale.java:113:27:113:40""]]","/flatlaf-testing/src/main/java/com/formdev/flatlaf/testing/FlatMenusTest.java","998","20","998","35"
"QLInspector","find Java gadget chains","warning","recursive call to dangerous expression [[""invoke(...)""|""relative:///flatlaf-core/src/main/java/com/formdev/flatlaf/util/UIScale.java:113:27:113:40""]]","/flatlaf-testing/src/main/java/com/formdev/flatlaf/testing/FlatPaintingArrowsTest.java","613","20","613","33"
"QLInspector","find Java gadget chains","warning","recursive call to dangerous expression [[""invoke(...)""|""relative:///flatlaf-core/src/main/java/com/formdev/flatlaf/util/UIScale.java:113:27:113:40""]]","/flatlaf-testing/src/main/java/com/formdev/flatlaf/testing/FlatPaintingArrowsTest.java","608","20","608","35"
"QLInspector","find Java gadget chains","warning","recursive call to dangerous expression [[""invoke(...)""|""relative:///flatlaf-core/src/main/java/com/formdev/flatlaf/util/UIScale.java:113:27:113:40""]]","/flatlaf-testing/src/main/java/com/formdev/flatlaf/testing/FlatPaintingIconsTest.java","271","20","271","33"
"QLInspector","find Java gadget chains","warning","recursive call to dangerous expression [[""invoke(...)""|""relative:///flatlaf-core/src/main/java/com/formdev/flatlaf/util/UIScale.java:113:27:113:40""]]","/flatlaf-testing/src/main/java/com/formdev/flatlaf/testing/FlatPaintingIconsTest.java","265","20","265","35"
"QLInspector","find Java gadget chains","warning","recursive call to dangerous expression [[""invoke(...)""|""relative:///flatlaf-core/src/main/java/com/formdev/flatlaf/util/UIScale.java:113:27:113:40""]]","/flatlaf-testing/src/main/java/com/formdev/flatlaf/testing/FlatPaintingTest.java","587","20","587","33"
"QLInspector","find Java gadget chains","warning","recursive call to dangerous expression [[""invoke(...)""|""relative:///flatlaf-core/src/main/java/com/formdev/flatlaf/util/UIScale.java:113:27:113:40""]]","/flatlaf-testing/src/main/java/com/formdev/flatlaf/testing/FlatPaintingTest.java","582","20","582","35"
"QLInspector","find Java gadget chains","warning","recursive call to dangerous expression [[""invoke(...)""|""relative:///flatlaf-core/src/main/java/com/formdev/flatlaf/util/UIScale.java:113:27:113:40""]]","/flatlaf-core/src/main/java/com/formdev/flatlaf/ui/FlatArrowButton.java","199","19","199","32"
"QLInspector","find Java gadget chains","warning","recursive call to dangerous expression [[""invoke(...)""|""relative:///flatlaf-core/src/main/java/com/formdev/flatlaf/util/UIScale.java:113:27:113:40""]]","/flatlaf-core/src/main/java/com/formdev/flatlaf/ui/FlatArrowButton.java","194","19","194","34"
"QLInspector","find Java gadget chains","warning","recursive call to dangerous expression [[""invoke(...)""|""relative:///flatlaf-core/src/main/java/com/formdev/flatlaf/util/UIScale.java:113:27:113:40""]]","/flatlaf-core/src/main/java/com/formdev/flatlaf/ui/FlatEmptyBorder.java","47","16","47","30"
"QLInspector","find Java gadget chains","warning","recursive call to dangerous expression [[""invoke(...)""|""relative:///flatlaf-core/src/main/java/com/formdev/flatlaf/util/UIScale.java:113:27:113:40""]]","/flatlaf-core/src/main/java/com/formdev/flatlaf/ui/FlatInternalFrameTitlePane.java","150","12","150","29"
"QLInspector","find Java gadget chains","warning","recursive call to dangerous expression [[""invoke(...)""|""relative:///flatlaf-core/src/main/java/com/formdev/flatlaf/util/UIScale.java:113:27:113:40""]]","/flatlaf-core/src/main/java/com/formdev/flatlaf/ui/FlatScrollBarUI.java","552","20","552","33"
"QLInspector","find Java gadget chains","warning","recursive call to dangerous expression [[""invoke(...)""|""relative:///flatlaf-core/src/main/java/com/formdev/flatlaf/util/UIScale.java:113:27:113:40""]]","/flatlaf-core/src/main/java/com/formdev/flatlaf/ui/FlatScrollBarUI.java","542","20","542","35"
"QLInspector","find Java gadget chains","warning","recursive call to dangerous expression [[""invoke(...)""|""relative:///flatlaf-core/src/main/java/com/formdev/flatlaf/util/UIScale.java:113:27:113:40""]]","/flatlaf-core/src/main/java/com/formdev/flatlaf/ui/FlatTabbedPaneUI.java","2422","20","2422","35"
"QLInspector","find Java gadget chains","warning","recursive call to dangerous expression [[""invoke(...)""|""relative:///flatlaf-core/src/main/java/com/formdev/flatlaf/util/UIScale.java:113:27:113:40""]]","/flatlaf-core/src/main/java/com/formdev/flatlaf/ui/FlatWindowResizer.java","487","20","487","35"
"QLInspector","find Java gadget chains","warning","recursive call to dangerous expression [[""invoke(...)""|""relative:///flatlaf-core/src/main/java/com/formdev/flatlaf/util/UIScale.java:113:27:113:40""]]","/flatlaf-core/src/main/java/com/formdev/flatlaf/util/ScaledEmptyBorder.java","41","16","41","30"
"QLInspector","find Java gadget chains","warning","recursive call to dangerous expression [[""invoke(...)""|""relative:///flatlaf-core/src/main/java/com/formdev/flatlaf/util/UIScale.java:113:27:113:40""]]","/flatlaf-core/src/main/java/com/formdev/flatlaf/ui/FlatInternalFrameTitlePane.java","98","21","98","36"
"QLInspector","find Java gadget chains","warning","recursive call to dangerous expression [[""invoke(...)""|""relative:///flatlaf-core/src/main/java/com/formdev/flatlaf/util/UIScale.java:113:27:113:40""]]","/flatlaf-core/src/main/java/com/formdev/flatlaf/ui/FlatTitlePane.java","360","21","360","36"
"QLInspector","find Java gadget chains","warning","recursive call to dangerous expression [[""invoke(...)""|""relative:///flatlaf-core/src/main/java/com/formdev/flatlaf/util/UIScale.java:113:27:113:40""]]","/flatlaf-core/src/main/java/com/formdev/flatlaf/ui/FlatTitlePane.java","394","21","394","34"
"QLInspector","find Java gadget chains","warning","recursive call to dangerous expression [[""invoke(...)""|""relative:///flatlaf-core/src/main/java/com/formdev/flatlaf/util/UIScale.java:113:27:113:40""]]","/flatlaf-testing/src/main/java/com/formdev/flatlaf/testing/FlatPaintingIconsTest.java","256","15","256","22"
