"QLInspector","find Java gadget chains","warning","recursive call to dangerous expression [[""invoke(...)""|""relative:///libsrc/gnujpdf/src/gnu/jpdf/PDFGraphics.java:2805:29:2805:61""]]
recursive call to dangerous expression [[""invoke(...)""|""relative:///libsrc/gnujpdf/src/gnu/jpdf/PDFGraphics.java:2791:40:2791:61""]]
recursive call to dangerous expression [[""invoke(...)""|""relative:///libsrc/gnujpdf/src/gnu/jpdf/PDFGraphics.java:2794:42:2794:71""]]","/src/com/jpexs/decompiler/flash/gui/ImagePanel.java","3818","30","3818","36"
"QLInspector","find Java gadget chains","warning","recursive call to dangerous expression [[""invoke(...)""|""relative:///libsrc/gnujpdf/src/gnu/jpdf/PDFGraphics.java:2805:29:2805:61""]]
recursive call to dangerous expression [[""invoke(...)""|""relative:///libsrc/gnujpdf/src/gnu/jpdf/PDFGraphics.java:2791:40:2791:61""]]
recursive call to dangerous expression [[""invoke(...)""|""relative:///libsrc/gnujpdf/src/gnu/jpdf/PDFGraphics.java:2794:42:2794:71""]]","/src/com/jpexs/decompiler/flash/gui/ImagePanel.java","3792","31","3792","42"
"QLInspector","find Java gadget chains","warning","recursive call to dangerous expression [[""invoke(...)""|""relative:///libsrc/gnujpdf/src/gnu/jpdf/PDFGraphics.java:2805:29:2805:61""]]
recursive call to dangerous expression [[""invoke(...)""|""relative:///libsrc/gnujpdf/src/gnu/jpdf/PDFGraphics.java:2791:40:2791:61""]]
recursive call to dangerous expression [[""invoke(...)""|""relative:///libsrc/gnujpdf/src/gnu/jpdf/PDFGraphics.java:2794:42:2794:71""]]","/src/com/jpexs/decompiler/flash/gui/ImagePanel.java","2803","29","2803","42"
"QLInspector","find Java gadget chains","warning","recursive call to dangerous expression [[""invoke(...)""|""relative:///libsrc/gnujpdf/src/gnu/jpdf/PDFGraphics.java:2805:29:2805:61""]]
recursive call to dangerous expression [[""invoke(...)""|""relative:///libsrc/gnujpdf/src/gnu/jpdf/PDFGraphics.java:2791:40:2791:61""]]
recursive call to dangerous expression [[""invoke(...)""|""relative:///libsrc/gnujpdf/src/gnu/jpdf/PDFGraphics.java:2794:42:2794:71""]]","/src/com/jpexs/decompiler/flash/gui/ImagePanel.java","2566","32","2566","43"
"QLInspector","find Java gadget chains","warning","recursive call to dangerous expression [[""invoke(...)""|""relative:///libsrc/gnujpdf/src/gnu/jpdf/PDFGraphics.java:2805:29:2805:61""]]
recursive call to dangerous expression [[""invoke(...)""|""relative:///libsrc/gnujpdf/src/gnu/jpdf/PDFGraphics.java:2791:40:2791:61""]]
recursive call to dangerous expression [[""invoke(...)""|""relative:///libsrc/gnujpdf/src/gnu/jpdf/PDFGraphics.java:2794:42:2794:71""]]","/src/com/jpexs/decompiler/flash/gui/ImagePanel.java","555","19","555","30"
"QLInspector","find Java gadget chains","warning","recursive call to dangerous expression [[""invoke(...)""|""relative:///libsrc/gnujpdf/src/gnu/jpdf/PDFGraphics.java:2805:29:2805:61""]]
recursive call to dangerous expression [[""invoke(...)""|""relative:///libsrc/gnujpdf/src/gnu/jpdf/PDFGraphics.java:2791:40:2791:61""]]
recursive call to dangerous expression [[""invoke(...)""|""relative:///libsrc/gnujpdf/src/gnu/jpdf/PDFGraphics.java:2794:42:2794:71""]]","/libsrc/ffdec_lib/src/com/jpexs/decompiler/flash/tags/DefineBitsJPEG2Tag.java","164","22","164","38"
"QLInspector","find Java gadget chains","warning","recursive call to dangerous expression [[""invoke(...)""|""relative:///libsrc/gnujpdf/src/gnu/jpdf/PDFGraphics.java:2805:29:2805:61""]]
recursive call to dangerous expression [[""invoke(...)""|""relative:///libsrc/gnujpdf/src/gnu/jpdf/PDFGraphics.java:2791:40:2791:61""]]
recursive call to dangerous expression [[""invoke(...)""|""relative:///libsrc/gnujpdf/src/gnu/jpdf/PDFGraphics.java:2794:42:2794:71""]]","/libsrc/ffdec_lib/src/com/jpexs/decompiler/flash/tags/DefineBitsJPEG2Tag.java","142","33","142","40"
"QLInspector","find Java gadget chains","warning","recursive call to dangerous expression [[""invoke(...)""|""relative:///libsrc/gnujpdf/src/gnu/jpdf/PDFGraphics.java:2805:29:2805:61""]]
recursive call to dangerous expression [[""invoke(...)""|""relative:///libsrc/gnujpdf/src/gnu/jpdf/PDFGraphics.java:2791:40:2791:61""]]
recursive call to dangerous expression [[""invoke(...)""|""relative:///libsrc/gnujpdf/src/gnu/jpdf/PDFGraphics.java:2794:42:2794:71""]]","/libsrc/ffdec_lib/src/com/jpexs/decompiler/flash/tags/DefineBitsJPEG3Tag.java","265","22","265","38"
"QLInspector","find Java gadget chains","warning","recursive call to dangerous expression [[""invoke(...)""|""relative:///libsrc/gnujpdf/src/gnu/jpdf/PDFGraphics.java:2805:29:2805:61""]]
recursive call to dangerous expression [[""invoke(...)""|""relative:///libsrc/gnujpdf/src/gnu/jpdf/PDFGraphics.java:2791:40:2791:61""]]
recursive call to dangerous expression [[""invoke(...)""|""relative:///libsrc/gnujpdf/src/gnu/jpdf/PDFGraphics.java:2794:42:2794:71""]]","/libsrc/ffdec_lib/src/com/jpexs/decompiler/flash/tags/DefineBitsJPEG3Tag.java","201","33","201","40"
"QLInspector","find Java gadget chains","warning","recursive call to dangerous expression [[""invoke(...)""|""relative:///libsrc/gnujpdf/src/gnu/jpdf/PDFGraphics.java:2805:29:2805:61""]]
recursive call to dangerous expression [[""invoke(...)""|""relative:///libsrc/gnujpdf/src/gnu/jpdf/PDFGraphics.java:2791:40:2791:61""]]
recursive call to dangerous expression [[""invoke(...)""|""relative:///libsrc/gnujpdf/src/gnu/jpdf/PDFGraphics.java:2794:42:2794:71""]]","/libsrc/ffdec_lib/src/com/jpexs/decompiler/flash/tags/DefineBitsJPEG4Tag.java","271","22","271","38"
"QLInspector","find Java gadget chains","warning","recursive call to dangerous expression [[""invoke(...)""|""relative:///libsrc/gnujpdf/src/gnu/jpdf/PDFGraphics.java:2805:29:2805:61""]]
recursive call to dangerous expression [[""invoke(...)""|""relative:///libsrc/gnujpdf/src/gnu/jpdf/PDFGraphics.java:2791:40:2791:61""]]
recursive call to dangerous expression [[""invoke(...)""|""relative:///libsrc/gnujpdf/src/gnu/jpdf/PDFGraphics.java:2794:42:2794:71""]]","/libsrc/ffdec_lib/src/com/jpexs/decompiler/flash/tags/DefineBitsJPEG4Tag.java","207","33","207","40"
"QLInspector","find Java gadget chains","warning","recursive call to dangerous expression [[""invoke(...)""|""relative:///libsrc/gnujpdf/src/gnu/jpdf/PDFGraphics.java:2805:29:2805:61""]]
recursive call to dangerous expression [[""invoke(...)""|""relative:///libsrc/gnujpdf/src/gnu/jpdf/PDFGraphics.java:2791:40:2791:61""]]
recursive call to dangerous expression [[""invoke(...)""|""relative:///libsrc/gnujpdf/src/gnu/jpdf/PDFGraphics.java:2794:42:2794:71""]]","/libsrc/ffdec_lib/src/com/jpexs/decompiler/flash/tags/DefineBitsTag.java","166","22","166","38"
"QLInspector","find Java gadget chains","warning","recursive call to dangerous expression [[""invoke(...)""|""relative:///libsrc/gnujpdf/src/gnu/jpdf/PDFGraphics.java:2805:29:2805:61""]]
recursive call to dangerous expression [[""invoke(...)""|""relative:///libsrc/gnujpdf/src/gnu/jpdf/PDFGraphics.java:2791:40:2791:61""]]
recursive call to dangerous expression [[""invoke(...)""|""relative:///libsrc/gnujpdf/src/gnu/jpdf/PDFGraphics.java:2794:42:2794:71""]]","/libsrc/ffdec_lib/src/com/jpexs/decompiler/flash/tags/DefineBitsTag.java","141","33","141","40"
"QLInspector","find Java gadget chains","warning","recursive call to dangerous expression [[""invoke(...)""|""relative:///libsrc/gnujpdf/src/gnu/jpdf/PDFGraphics.java:2805:29:2805:61""]]
recursive call to dangerous expression [[""invoke(...)""|""relative:///libsrc/gnujpdf/src/gnu/jpdf/PDFGraphics.java:2791:40:2791:61""]]
recursive call to dangerous expression [[""invoke(...)""|""relative:///libsrc/gnujpdf/src/gnu/jpdf/PDFGraphics.java:2794:42:2794:71""]]","/libsrc/ffdec_lib/src/com/jpexs/decompiler/flash/tags/DefineScalingGridTag.java","118","17","118","23"
"QLInspector","find Java gadget chains","warning","recursive call to dangerous expression [[""invoke(...)""|""relative:///libsrc/gnujpdf/src/gnu/jpdf/PDFGraphics.java:2805:29:2805:61""]]
recursive call to dangerous expression [[""invoke(...)""|""relative:///libsrc/gnujpdf/src/gnu/jpdf/PDFGraphics.java:2791:40:2791:61""]]
recursive call to dangerous expression [[""invoke(...)""|""relative:///libsrc/gnujpdf/src/gnu/jpdf/PDFGraphics.java:2794:42:2794:71""]]","/libsrc/ffdec_lib/src/com/jpexs/decompiler/flash/tags/DefineSpriteTag.java","490","17","490","34"
"QLInspector","find Java gadget chains","warning","recursive call to dangerous expression [[""invoke(...)""|""relative:///libsrc/gnujpdf/src/gnu/jpdf/PDFGraphics.java:2805:29:2805:61""]]
recursive call to dangerous expression [[""invoke(...)""|""relative:///libsrc/gnujpdf/src/gnu/jpdf/PDFGraphics.java:2791:40:2791:61""]]
recursive call to dangerous expression [[""invoke(...)""|""relative:///libsrc/gnujpdf/src/gnu/jpdf/PDFGraphics.java:2794:42:2794:71""]]","/libsrc/ffdec_lib/src/com/jpexs/decompiler/flash/tags/DefineSpriteTag.java","433","16","433","27"
"QLInspector","find Java gadget chains","warning","recursive call to dangerous expression [[""invoke(...)""|""relative:///libsrc/gnujpdf/src/gnu/jpdf/PDFGraphics.java:2805:29:2805:61""]]
recursive call to dangerous expression [[""invoke(...)""|""relative:///libsrc/gnujpdf/src/gnu/jpdf/PDFGraphics.java:2791:40:2791:61""]]
recursive call to dangerous expression [[""invoke(...)""|""relative:///libsrc/gnujpdf/src/gnu/jpdf/PDFGraphics.java:2794:42:2794:71""]]","/libsrc/ffdec_lib/src/com/jpexs/decompiler/flash/tags/DefineSpriteTag.java","216","17","216","23"
"QLInspector","find Java gadget chains","warning","recursive call to dangerous expression [[""invoke(...)""|""relative:///libsrc/gnujpdf/src/gnu/jpdf/PDFGraphics.java:2805:29:2805:61""]]
recursive call to dangerous expression [[""invoke(...)""|""relative:///libsrc/gnujpdf/src/gnu/jpdf/PDFGraphics.java:2791:40:2791:61""]]
recursive call to dangerous expression [[""invoke(...)""|""relative:///libsrc/gnujpdf/src/gnu/jpdf/PDFGraphics.java:2794:42:2794:71""]]","/libsrc/ffdec_lib/src/com/jpexs/decompiler/flash/tags/DefineSpriteTag.java","157","21","157","31"
"QLInspector","find Java gadget chains","warning","recursive call to dangerous expression [[""invoke(...)""|""relative:///libsrc/gnujpdf/src/gnu/jpdf/PDFGraphics.java:2805:29:2805:61""]]
recursive call to dangerous expression [[""invoke(...)""|""relative:///libsrc/gnujpdf/src/gnu/jpdf/PDFGraphics.java:2791:40:2791:61""]]
recursive call to dangerous expression [[""invoke(...)""|""relative:///libsrc/gnujpdf/src/gnu/jpdf/PDFGraphics.java:2794:42:2794:71""]]","/libsrc/ffdec_lib/src/com/jpexs/decompiler/flash/tags/base/ButtonTag.java","133","21","133","31"
"QLInspector","find Java gadget chains","warning","recursive call to dangerous expression [[""invoke(...)""|""relative:///libsrc/gnujpdf/src/gnu/jpdf/PDFGraphics.java:2805:29:2805:61""]]
recursive call to dangerous expression [[""invoke(...)""|""relative:///libsrc/gnujpdf/src/gnu/jpdf/PDFGraphics.java:2791:40:2791:61""]]
recursive call to dangerous expression [[""invoke(...)""|""relative:///libsrc/gnujpdf/src/gnu/jpdf/PDFGraphics.java:2794:42:2794:71""]]","/libsrc/ffdec_lib/src/com/jpexs/decompiler/flash/tags/base/ButtonTag.java","81","17","81","34"
"QLInspector","find Java gadget chains","warning","recursive call to dangerous expression [[""invoke(...)""|""relative:///libsrc/gnujpdf/src/gnu/jpdf/PDFGraphics.java:2805:29:2805:61""]]
recursive call to dangerous expression [[""invoke(...)""|""relative:///libsrc/gnujpdf/src/gnu/jpdf/PDFGraphics.java:2791:40:2791:61""]]
recursive call to dangerous expression [[""invoke(...)""|""relative:///libsrc/gnujpdf/src/gnu/jpdf/PDFGraphics.java:2794:42:2794:71""]]","/libsrc/ffdec_lib/src/com/jpexs/decompiler/flash/tags/base/ButtonTag.java","76","17","76","23"
"QLInspector","find Java gadget chains","warning","recursive call to dangerous expression [[""invoke(...)""|""relative:///libsrc/gnujpdf/src/gnu/jpdf/PDFGraphics.java:2805:29:2805:61""]]
recursive call to dangerous expression [[""invoke(...)""|""relative:///libsrc/gnujpdf/src/gnu/jpdf/PDFGraphics.java:2791:40:2791:61""]]
recursive call to dangerous expression [[""invoke(...)""|""relative:///libsrc/gnujpdf/src/gnu/jpdf/PDFGraphics.java:2794:42:2794:71""]]","/libsrc/ffdec_lib/src/com/jpexs/decompiler/flash/tags/base/ImageTag.java","315","17","315","34"
"QLInspector","find Java gadget chains","warning","recursive call to dangerous expression [[""invoke(...)""|""relative:///libsrc/gnujpdf/src/gnu/jpdf/PDFGraphics.java:2805:29:2805:61""]]
recursive call to dangerous expression [[""invoke(...)""|""relative:///libsrc/gnujpdf/src/gnu/jpdf/PDFGraphics.java:2791:40:2791:61""]]
recursive call to dangerous expression [[""invoke(...)""|""relative:///libsrc/gnujpdf/src/gnu/jpdf/PDFGraphics.java:2794:42:2794:71""]]","/libsrc/ffdec_lib/src/com/jpexs/decompiler/flash/tags/base/ImageTag.java","242","17","242","23"
"QLInspector","find Java gadget chains","warning","recursive call to dangerous expression [[""invoke(...)""|""relative:///libsrc/gnujpdf/src/gnu/jpdf/PDFGraphics.java:2805:29:2805:61""]]
recursive call to dangerous expression [[""invoke(...)""|""relative:///libsrc/gnujpdf/src/gnu/jpdf/PDFGraphics.java:2791:40:2791:61""]]
recursive call to dangerous expression [[""invoke(...)""|""relative:///libsrc/gnujpdf/src/gnu/jpdf/PDFGraphics.java:2794:42:2794:71""]]","/libsrc/ffdec_lib/src/com/jpexs/decompiler/flash/tags/base/ImageTag.java","147","24","147","35"
"QLInspector","find Java gadget chains","warning","recursive call to dangerous expression [[""invoke(...)""|""relative:///libsrc/gnujpdf/src/gnu/jpdf/PDFGraphics.java:2805:29:2805:61""]]
recursive call to dangerous expression [[""invoke(...)""|""relative:///libsrc/gnujpdf/src/gnu/jpdf/PDFGraphics.java:2791:40:2791:61""]]
recursive call to dangerous expression [[""invoke(...)""|""relative:///libsrc/gnujpdf/src/gnu/jpdf/PDFGraphics.java:2794:42:2794:71""]]","/libsrc/ffdec_lib/src/com/jpexs/decompiler/flash/tags/base/ImageTag.java","129","24","129","44"
"QLInspector","find Java gadget chains","warning","recursive call to dangerous expression [[""invoke(...)""|""relative:///libsrc/gnujpdf/src/gnu/jpdf/PDFGraphics.java:2805:29:2805:61""]]
recursive call to dangerous expression [[""invoke(...)""|""relative:///libsrc/gnujpdf/src/gnu/jpdf/PDFGraphics.java:2791:40:2791:61""]]
recursive call to dangerous expression [[""invoke(...)""|""relative:///libsrc/gnujpdf/src/gnu/jpdf/PDFGraphics.java:2794:42:2794:71""]]","/libsrc/ffdec_lib/src/com/jpexs/decompiler/flash/tags/base/ImageTag.java","110","30","110","43"
"QLInspector","find Java gadget chains","warning","recursive call to dangerous expression [[""invoke(...)""|""relative:///libsrc/gnujpdf/src/gnu/jpdf/PDFGraphics.java:2805:29:2805:61""]]
recursive call to dangerous expression [[""invoke(...)""|""relative:///libsrc/gnujpdf/src/gnu/jpdf/PDFGraphics.java:2791:40:2791:61""]]
recursive call to dangerous expression [[""invoke(...)""|""relative:///libsrc/gnujpdf/src/gnu/jpdf/PDFGraphics.java:2794:42:2794:71""]]","/libsrc/ffdec_lib/src/com/jpexs/decompiler/flash/tags/gfx/DefineExternalImage.java","168","33","168","40"
"QLInspector","find Java gadget chains","warning","recursive call to dangerous expression [[""invoke(...)""|""relative:///libsrc/gnujpdf/src/gnu/jpdf/PDFGraphics.java:2805:29:2805:61""]]
recursive call to dangerous expression [[""invoke(...)""|""relative:///libsrc/gnujpdf/src/gnu/jpdf/PDFGraphics.java:2791:40:2791:61""]]
recursive call to dangerous expression [[""invoke(...)""|""relative:///libsrc/gnujpdf/src/gnu/jpdf/PDFGraphics.java:2794:42:2794:71""]]","/libsrc/ffdec_lib/src/com/jpexs/decompiler/flash/tags/gfx/DefineExternalImage2.java","194","30","194","37"
"QLInspector","find Java gadget chains","warning","recursive call to dangerous expression [[""invoke(...)""|""relative:///libsrc/gnujpdf/src/gnu/jpdf/PDFGraphics.java:2805:29:2805:61""]]
recursive call to dangerous expression [[""invoke(...)""|""relative:///libsrc/gnujpdf/src/gnu/jpdf/PDFGraphics.java:2791:40:2791:61""]]
recursive call to dangerous expression [[""invoke(...)""|""relative:///libsrc/gnujpdf/src/gnu/jpdf/PDFGraphics.java:2794:42:2794:71""]]","/libsrc/ffdec_lib/src/com/jpexs/decompiler/flash/tags/gfx/DefineSubImage.java","149","33","149","40"
"QLInspector","find Java gadget chains","warning","recursive call to dangerous expression [[""invoke(...)""|""relative:///libsrc/gnujpdf/src/gnu/jpdf/PDFGraphics.java:2805:29:2805:61""]]
recursive call to dangerous expression [[""invoke(...)""|""relative:///libsrc/gnujpdf/src/gnu/jpdf/PDFGraphics.java:2791:40:2791:61""]]
recursive call to dangerous expression [[""invoke(...)""|""relative:///libsrc/gnujpdf/src/gnu/jpdf/PDFGraphics.java:2794:42:2794:71""]]","/libsrc/ffdec_lib/src/com/jpexs/helpers/SerializableImage.java","88","26","88","50"
"QLInspector","find Java gadget chains","warning","recursive call to dangerous expression [[""openStream(...)""|""relative:///libsrc/jsyntaxpane/jsyntaxpane/src/main/java/jsyntaxpane/util/JarServiceProvider.java:228:22:228:37""]]","/libsrc/jsyntaxpane/jsyntaxpane/src/main/java/jsyntaxpane/DarkModeAwareSyntaxKit.java","37","26","37","34"
"QLInspector","find Java gadget chains","warning","recursive call to dangerous expression [[""openStream(...)""|""relative:///libsrc/jsyntaxpane/jsyntaxpane/src/main/java/jsyntaxpane/util/JarServiceProvider.java:228:22:228:37""]]","/libsrc/jsyntaxpane/jsyntaxpane/src/main/java/jsyntaxpane/DefaultSyntaxKit.java","635","29","635","44"
"QLInspector","find Java gadget chains","warning","recursive call to dangerous expression [[""openStream(...)""|""relative:///libsrc/jsyntaxpane/jsyntaxpane/src/main/java/jsyntaxpane/util/JarServiceProvider.java:228:22:228:37""]]","/libsrc/jsyntaxpane/jsyntaxpane/src/main/java/jsyntaxpane/DefaultSyntaxKit.java","592","23","592","31"
"QLInspector","find Java gadget chains","warning","recursive call to dangerous expression [[""invoke(...)""|""relative:///libsrc/gnujpdf/src/gnu/jpdf/PDFGraphics.java:2805:29:2805:61""]]
recursive call to dangerous expression [[""invoke(...)""|""relative:///libsrc/gnujpdf/src/gnu/jpdf/PDFGraphics.java:2791:40:2791:61""]]
recursive call to dangerous expression [[""invoke(...)""|""relative:///libsrc/gnujpdf/src/gnu/jpdf/PDFGraphics.java:2794:42:2794:71""]]","/libsrc/ffdec_lib/src/com/jpexs/helpers/SerializableImage.java","173","18","173","27"
"QLInspector","find Java gadget chains","warning","recursive call to dangerous expression [[""invoke(...)""|""relative:///libsrc/gnujpdf/src/gnu/jpdf/PDFGraphics.java:2805:29:2805:61""]]
recursive call to dangerous expression [[""invoke(...)""|""relative:///libsrc/gnujpdf/src/gnu/jpdf/PDFGraphics.java:2791:40:2791:61""]]
recursive call to dangerous expression [[""invoke(...)""|""relative:///libsrc/gnujpdf/src/gnu/jpdf/PDFGraphics.java:2794:42:2794:71""]]","/src/com/jpexs/decompiler/flash/gui/ImagePanel.java","3935","25","3935","42"
"QLInspector","find Java gadget chains","warning","recursive call to dangerous expression [[""invoke(...)""|""relative:///libsrc/gnujpdf/src/gnu/jpdf/PDFGraphics.java:2805:29:2805:61""]]
recursive call to dangerous expression [[""invoke(...)""|""relative:///libsrc/gnujpdf/src/gnu/jpdf/PDFGraphics.java:2791:40:2791:61""]]
recursive call to dangerous expression [[""invoke(...)""|""relative:///libsrc/gnujpdf/src/gnu/jpdf/PDFGraphics.java:2794:42:2794:71""]]","/src/com/jpexs/decompiler/flash/gui/ImagePanel.java","3829","20","3829","30"
"QLInspector","find Java gadget chains","warning","recursive call to dangerous expression [[""invoke(...)""|""relative:///libsrc/gnujpdf/src/gnu/jpdf/PDFGraphics.java:2805:29:2805:61""]]
recursive call to dangerous expression [[""invoke(...)""|""relative:///libsrc/gnujpdf/src/gnu/jpdf/PDFGraphics.java:2791:40:2791:61""]]
recursive call to dangerous expression [[""invoke(...)""|""relative:///libsrc/gnujpdf/src/gnu/jpdf/PDFGraphics.java:2794:42:2794:71""]]","/src/com/jpexs/decompiler/flash/gui/ImagePanel.java","3117","29","3117","39"
"QLInspector","find Java gadget chains","warning","recursive call to dangerous expression [[""invoke(...)""|""relative:///libsrc/gnujpdf/src/gnu/jpdf/PDFGraphics.java:2805:29:2805:61""]]
recursive call to dangerous expression [[""invoke(...)""|""relative:///libsrc/gnujpdf/src/gnu/jpdf/PDFGraphics.java:2791:40:2791:61""]]
recursive call to dangerous expression [[""invoke(...)""|""relative:///libsrc/gnujpdf/src/gnu/jpdf/PDFGraphics.java:2794:42:2794:71""]]","/src/com/jpexs/decompiler/flash/gui/ImagePanel.java","483","31","483","42"
"QLInspector","find Java gadget chains","warning","recursive call to dangerous expression [[""invoke(...)""|""relative:///libsrc/gnujpdf/src/gnu/jpdf/PDFGraphics.java:2805:29:2805:61""]]
recursive call to dangerous expression [[""invoke(...)""|""relative:///libsrc/gnujpdf/src/gnu/jpdf/PDFGraphics.java:2791:40:2791:61""]]
recursive call to dangerous expression [[""invoke(...)""|""relative:///libsrc/gnujpdf/src/gnu/jpdf/PDFGraphics.java:2794:42:2794:71""]]","/src/com/jpexs/decompiler/flash/gui/player/PlayerControls.java","626","20","626","30"
