"QLInspector","find Java gadget chains","warning","recursive call to dangerous expression [[""new FileInputStream(...)""|""relative:///src/org/nutz/lang/Streams.java:781:20:781:44""]]
recursive call to dangerous expression [[""new FileInputStream(...)""|""relative:///src/org/nutz/resource/Scans.java:362:38:362:65""]]
recursive call to dangerous expression [[""openStream(...)""|""relative:///src/org/nutz/resource/Scans.java:365:38:365:66""]]","/src/org/nutz/dao/util/blob/SimpleBlob.java","47","24","47","38"
"QLInspector","find Java gadget chains","warning","recursive call to dangerous expression [[""new FileInputStream(...)""|""relative:///src/org/nutz/lang/Streams.java:781:20:781:44""]]
recursive call to dangerous expression [[""new FileInputStream(...)""|""relative:///src/org/nutz/resource/Scans.java:362:38:362:65""]]
recursive call to dangerous expression [[""openStream(...)""|""relative:///src/org/nutz/resource/Scans.java:365:38:365:66""]]","/src/org/nutz/dao/util/blob/SimpleClob.java","53","24","53","37"
"QLInspector","find Java gadget chains","warning","recursive call to dangerous expression [[""new FileInputStream(...)""|""relative:///src/org/nutz/lang/Streams.java:781:20:781:44""]]
recursive call to dangerous expression [[""new FileInputStream(...)""|""relative:///src/org/nutz/resource/Scans.java:362:38:362:65""]]
recursive call to dangerous expression [[""openStream(...)""|""relative:///src/org/nutz/resource/Scans.java:365:38:365:66""]]","/src/org/nutz/dao/util/blob/SimpleClob.java","49","19","49","36"
"QLInspector","find Java gadget chains","warning","recursive call to dangerous expression [[""new FileOutputStream(...)""|""relative:///src/org/nutz/lang/Streams.java:692:25:692:50""]]","/src/org/nutz/dao/jdbc/Jdbcs.java","976","18","976","27"
"QLInspector","find Java gadget chains","warning","recursive call to dangerous expression [[""new FileOutputStream(...)""|""relative:///src/org/nutz/lang/Streams.java:692:25:692:50""]]","/src/org/nutz/dao/util/blob/SimpleBlob.java","86","18","86","27"
"QLInspector","find Java gadget chains","warning","recursive call to dangerous expression [[""new FileOutputStream(...)""|""relative:///src/org/nutz/lang/Streams.java:692:25:692:50""]]","/src/org/nutz/dao/util/blob/SimpleClob.java","106","18","106","27"
