"QLInspector","find Java gadget chains","warning","recursive call to dangerous expression [[""invoke(...)""|""relative:///object/src/main/java/com/orientechnologies/orient/object/enhancement/OObjectEntitySerializer.java:1357:49:1357:74""]]
recursive call to dangerous expression [[""invoke(...)""|""relative:///object/src/main/java/com/orientechnologies/orient/object/enhancement/OObjectEntitySerializer.java:1358:16:1358:30""]]","/core/src/main/java/com/orientechnologies/common/util/OPair.java","95","18","95","23"
"QLInspector","find Java gadget chains","warning","recursive call to dangerous expression [[""invoke(...)""|""relative:///object/src/main/java/com/orientechnologies/orient/object/enhancement/OObjectEntitySerializer.java:1357:49:1357:74""]]
recursive call to dangerous expression [[""invoke(...)""|""relative:///object/src/main/java/com/orientechnologies/orient/object/enhancement/OObjectEntitySerializer.java:1358:16:1358:30""]]","/core/src/main/java/com/orientechnologies/common/util/OPair.java","87","14","87","21"
"QLInspector","find Java gadget chains","warning","recursive call to dangerous expression [[""invoke(...)""|""relative:///object/src/main/java/com/orientechnologies/orient/object/enhancement/OObjectEntitySerializer.java:1357:49:1357:74""]]
recursive call to dangerous expression [[""invoke(...)""|""relative:///object/src/main/java/com/orientechnologies/orient/object/enhancement/OObjectEntitySerializer.java:1358:16:1358:30""]]","/core/src/main/java/com/orientechnologies/orient/core/config/OGlobalConfiguration.java","2203","16","2203","30"
"QLInspector","find Java gadget chains","warning","recursive call to dangerous expression [[""invoke(...)""|""relative:///object/src/main/java/com/orientechnologies/orient/object/enhancement/OObjectEntitySerializer.java:1357:49:1357:74""]]
recursive call to dangerous expression [[""invoke(...)""|""relative:///object/src/main/java/com/orientechnologies/orient/object/enhancement/OObjectEntitySerializer.java:1358:16:1358:30""]]","/core/src/main/java/com/orientechnologies/orient/core/config/OGlobalConfiguration.java","2196","15","2196","28"
"QLInspector","find Java gadget chains","warning","recursive call to dangerous expression [[""invoke(...)""|""relative:///object/src/main/java/com/orientechnologies/orient/object/enhancement/OObjectEntitySerializer.java:1357:49:1357:74""]]
recursive call to dangerous expression [[""invoke(...)""|""relative:///object/src/main/java/com/orientechnologies/orient/object/enhancement/OObjectEntitySerializer.java:1358:16:1358:30""]]","/core/src/main/java/com/orientechnologies/orient/core/config/OGlobalConfiguration.java","2190","14","2190","30"
"QLInspector","find Java gadget chains","warning","recursive call to dangerous expression [[""invoke(...)""|""relative:///object/src/main/java/com/orientechnologies/orient/object/enhancement/OObjectEntitySerializer.java:1357:49:1357:74""]]
recursive call to dangerous expression [[""invoke(...)""|""relative:///object/src/main/java/com/orientechnologies/orient/object/enhancement/OObjectEntitySerializer.java:1358:16:1358:30""]]","/core/src/main/java/com/orientechnologies/orient/core/config/OGlobalConfiguration.java","2184","17","2184","32"
"QLInspector","find Java gadget chains","warning","recursive call to dangerous expression [[""invoke(...)""|""relative:///object/src/main/java/com/orientechnologies/orient/object/enhancement/OObjectEntitySerializer.java:1357:49:1357:74""]]
recursive call to dangerous expression [[""invoke(...)""|""relative:///object/src/main/java/com/orientechnologies/orient/object/enhancement/OObjectEntitySerializer.java:1358:16:1358:30""]]","/core/src/main/java/com/orientechnologies/orient/core/config/OGlobalConfiguration.java","2179","18","2179","34"
"QLInspector","find Java gadget chains","warning","recursive call to dangerous expression [[""invoke(...)""|""relative:///object/src/main/java/com/orientechnologies/orient/object/enhancement/OObjectEntitySerializer.java:1357:49:1357:74""]]
recursive call to dangerous expression [[""invoke(...)""|""relative:///object/src/main/java/com/orientechnologies/orient/object/enhancement/OObjectEntitySerializer.java:1358:16:1358:30""]]","/core/src/main/java/com/orientechnologies/orient/core/config/OStorageConfigurationImpl.java","1079","14","1079","31"
"QLInspector","find Java gadget chains","warning","recursive call to dangerous expression [[""invoke(...)""|""relative:///object/src/main/java/com/orientechnologies/orient/object/enhancement/OObjectEntitySerializer.java:1357:49:1357:74""]]
recursive call to dangerous expression [[""invoke(...)""|""relative:///object/src/main/java/com/orientechnologies/orient/object/enhancement/OObjectEntitySerializer.java:1358:16:1358:30""]]","/core/src/main/java/com/orientechnologies/orient/core/db/record/OTrackedMap.java","89","12","89","14"
"QLInspector","find Java gadget chains","warning","recursive call to dangerous expression [[""invoke(...)""|""relative:///object/src/main/java/com/orientechnologies/orient/object/enhancement/OObjectEntitySerializer.java:1357:49:1357:74""]]
recursive call to dangerous expression [[""invoke(...)""|""relative:///object/src/main/java/com/orientechnologies/orient/object/enhancement/OObjectEntitySerializer.java:1358:16:1358:30""]]","/core/src/main/java/com/orientechnologies/orient/core/db/record/ORecordLazyMap.java","83","24","83","26"
"QLInspector","find Java gadget chains","warning","recursive call to dangerous expression [[""invoke(...)""|""relative:///object/src/main/java/com/orientechnologies/orient/object/enhancement/OObjectEntitySerializer.java:1357:49:1357:74""]]
recursive call to dangerous expression [[""invoke(...)""|""relative:///object/src/main/java/com/orientechnologies/orient/object/enhancement/OObjectEntitySerializer.java:1358:16:1358:30""]]","/core/src/main/java/com/orientechnologies/orient/core/db/record/ORecordLazyMap.java","72","24","72","26"
"QLInspector","find Java gadget chains","warning","recursive call to dangerous expression [[""invoke(...)""|""relative:///object/src/main/java/com/orientechnologies/orient/object/enhancement/OObjectEntitySerializer.java:1357:49:1357:74""]]
recursive call to dangerous expression [[""invoke(...)""|""relative:///object/src/main/java/com/orientechnologies/orient/object/enhancement/OObjectEntitySerializer.java:1358:16:1358:30""]]","/core/src/main/java/com/orientechnologies/orient/core/metadata/function/OFunction.java","100","23","100","35"
"QLInspector","find Java gadget chains","warning","recursive call to dangerous expression [[""invoke(...)""|""relative:///object/src/main/java/com/orientechnologies/orient/object/enhancement/OObjectEntitySerializer.java:1357:49:1357:74""]]
recursive call to dangerous expression [[""invoke(...)""|""relative:///object/src/main/java/com/orientechnologies/orient/object/enhancement/OObjectEntitySerializer.java:1358:16:1358:30""]]","/core/src/main/java/com/orientechnologies/orient/core/metadata/function/OFunction.java","91","17","91","27"
"QLInspector","find Java gadget chains","warning","recursive call to dangerous expression [[""invoke(...)""|""relative:///object/src/main/java/com/orientechnologies/orient/object/enhancement/OObjectEntitySerializer.java:1357:49:1357:74""]]
recursive call to dangerous expression [[""invoke(...)""|""relative:///object/src/main/java/com/orientechnologies/orient/object/enhancement/OObjectEntitySerializer.java:1358:16:1358:30""]]","/core/src/main/java/com/orientechnologies/orient/core/metadata/function/OFunction.java","82","17","82","23"
"QLInspector","find Java gadget chains","warning","recursive call to dangerous expression [[""invoke(...)""|""relative:///object/src/main/java/com/orientechnologies/orient/object/enhancement/OObjectEntitySerializer.java:1357:49:1357:74""]]
recursive call to dangerous expression [[""invoke(...)""|""relative:///object/src/main/java/com/orientechnologies/orient/object/enhancement/OObjectEntitySerializer.java:1358:16:1358:30""]]","/core/src/main/java/com/orientechnologies/orient/core/metadata/function/OFunction.java","73","17","73","23"
"QLInspector","find Java gadget chains","warning","recursive call to dangerous expression [[""invoke(...)""|""relative:///object/src/main/java/com/orientechnologies/orient/object/enhancement/OObjectEntitySerializer.java:1357:49:1357:74""]]
recursive call to dangerous expression [[""invoke(...)""|""relative:///object/src/main/java/com/orientechnologies/orient/object/enhancement/OObjectEntitySerializer.java:1358:16:1358:30""]]","/core/src/main/java/com/orientechnologies/orient/core/metadata/security/ORole.java","444","39","444","49"
"QLInspector","find Java gadget chains","warning","recursive call to dangerous expression [[""invoke(...)""|""relative:///object/src/main/java/com/orientechnologies/orient/object/enhancement/OObjectEntitySerializer.java:1357:49:1357:74""]]
recursive call to dangerous expression [[""invoke(...)""|""relative:///object/src/main/java/com/orientechnologies/orient/object/enhancement/OObjectEntitySerializer.java:1358:16:1358:30""]]","/core/src/main/java/com/orientechnologies/orient/core/metadata/security/ORole.java","354","17","354","23"
"QLInspector","find Java gadget chains","warning","recursive call to dangerous expression [[""invoke(...)""|""relative:///object/src/main/java/com/orientechnologies/orient/object/enhancement/OObjectEntitySerializer.java:1357:49:1357:74""]]
recursive call to dangerous expression [[""invoke(...)""|""relative:///object/src/main/java/com/orientechnologies/orient/object/enhancement/OObjectEntitySerializer.java:1358:16:1358:30""]]","/core/src/main/java/com/orientechnologies/orient/core/metadata/security/OUser.java","277","19","277","34"
"QLInspector","find Java gadget chains","warning","recursive call to dangerous expression [[""invoke(...)""|""relative:///object/src/main/java/com/orientechnologies/orient/object/enhancement/OObjectEntitySerializer.java:1357:49:1357:74""]]
recursive call to dangerous expression [[""invoke(...)""|""relative:///object/src/main/java/com/orientechnologies/orient/object/enhancement/OObjectEntitySerializer.java:1358:16:1358:30""]]","/core/src/main/java/com/orientechnologies/orient/core/metadata/security/OUser.java","268","17","268","27"
"QLInspector","find Java gadget chains","warning","recursive call to dangerous expression [[""invoke(...)""|""relative:///object/src/main/java/com/orientechnologies/orient/object/enhancement/OObjectEntitySerializer.java:1357:49:1357:74""]]
recursive call to dangerous expression [[""invoke(...)""|""relative:///object/src/main/java/com/orientechnologies/orient/object/enhancement/OObjectEntitySerializer.java:1358:16:1358:30""]]","/core/src/main/java/com/orientechnologies/orient/core/metadata/security/OUser.java","259","17","259","23"
"QLInspector","find Java gadget chains","warning","recursive call to dangerous expression [[""invoke(...)""|""relative:///object/src/main/java/com/orientechnologies/orient/object/enhancement/OObjectEntitySerializer.java:1357:49:1357:74""]]
recursive call to dangerous expression [[""invoke(...)""|""relative:///object/src/main/java/com/orientechnologies/orient/object/enhancement/OObjectEntitySerializer.java:1358:16:1358:30""]]","/core/src/main/java/com/orientechnologies/orient/core/record/impl/ODocument.java","3405","49","3405","66"
"QLInspector","find Java gadget chains","warning","recursive call to dangerous expression [[""invoke(...)""|""relative:///object/src/main/java/com/orientechnologies/orient/object/enhancement/OObjectEntitySerializer.java:1357:49:1357:74""]]
recursive call to dangerous expression [[""invoke(...)""|""relative:///object/src/main/java/com/orientechnologies/orient/object/enhancement/OObjectEntitySerializer.java:1358:16:1358:30""]]","/core/src/main/java/com/orientechnologies/orient/core/record/impl/ODocument.java","3400","48","3400","60"
"QLInspector","find Java gadget chains","warning","recursive call to dangerous expression [[""invoke(...)""|""relative:///object/src/main/java/com/orientechnologies/orient/object/enhancement/OObjectEntitySerializer.java:1357:49:1357:74""]]
recursive call to dangerous expression [[""invoke(...)""|""relative:///object/src/main/java/com/orientechnologies/orient/object/enhancement/OObjectEntitySerializer.java:1358:16:1358:30""]]","/core/src/main/java/com/orientechnologies/orient/core/record/impl/ODocument.java","2907","29","2907","51"
"QLInspector","find Java gadget chains","warning","recursive call to dangerous expression [[""invoke(...)""|""relative:///object/src/main/java/com/orientechnologies/orient/object/enhancement/OObjectEntitySerializer.java:1357:49:1357:74""]]
recursive call to dangerous expression [[""invoke(...)""|""relative:///object/src/main/java/com/orientechnologies/orient/object/enhancement/OObjectEntitySerializer.java:1358:16:1358:30""]]","/core/src/main/java/com/orientechnologies/orient/core/record/impl/ODocument.java","2636","17","2636","28"
"QLInspector","find Java gadget chains","warning","recursive call to dangerous expression [[""invoke(...)""|""relative:///object/src/main/java/com/orientechnologies/orient/object/enhancement/OObjectEntitySerializer.java:1357:49:1357:74""]]
recursive call to dangerous expression [[""invoke(...)""|""relative:///object/src/main/java/com/orientechnologies/orient/object/enhancement/OObjectEntitySerializer.java:1358:16:1358:30""]]","/core/src/main/java/com/orientechnologies/orient/core/record/impl/ODocument.java","2624","17","2624","30"
"QLInspector","find Java gadget chains","warning","recursive call to dangerous expression [[""invoke(...)""|""relative:///object/src/main/java/com/orientechnologies/orient/object/enhancement/OObjectEntitySerializer.java:1357:49:1357:74""]]
recursive call to dangerous expression [[""invoke(...)""|""relative:///object/src/main/java/com/orientechnologies/orient/object/enhancement/OObjectEntitySerializer.java:1358:16:1358:30""]]","/core/src/main/java/com/orientechnologies/orient/core/record/impl/ODocument.java","392","22","392","37"
"QLInspector","find Java gadget chains","warning","recursive call to dangerous expression [[""invoke(...)""|""relative:///object/src/main/java/com/orientechnologies/orient/object/enhancement/OObjectEntitySerializer.java:1357:49:1357:74""]]
recursive call to dangerous expression [[""invoke(...)""|""relative:///object/src/main/java/com/orientechnologies/orient/object/enhancement/OObjectEntitySerializer.java:1358:16:1358:30""]]","/core/src/main/java/com/orientechnologies/orient/core/record/impl/ODocument.java","339","27","339","39"
"QLInspector","find Java gadget chains","warning","recursive call to dangerous expression [[""invoke(...)""|""relative:///object/src/main/java/com/orientechnologies/orient/object/enhancement/OObjectEntitySerializer.java:1357:49:1357:74""]]
recursive call to dangerous expression [[""invoke(...)""|""relative:///object/src/main/java/com/orientechnologies/orient/object/enhancement/OObjectEntitySerializer.java:1358:16:1358:30""]]","/core/src/main/java/com/orientechnologies/orient/core/record/impl/OEdgeDocument.java","41","18","41","22"
"QLInspector","find Java gadget chains","warning","recursive call to dangerous expression [[""invoke(...)""|""relative:///object/src/main/java/com/orientechnologies/orient/object/enhancement/OObjectEntitySerializer.java:1357:49:1357:74""]]
recursive call to dangerous expression [[""invoke(...)""|""relative:///object/src/main/java/com/orientechnologies/orient/object/enhancement/OObjectEntitySerializer.java:1358:16:1358:30""]]","/core/src/main/java/com/orientechnologies/orient/core/record/impl/OEdgeDelegate.java","283","18","283","23"
"QLInspector","find Java gadget chains","warning","recursive call to dangerous expression [[""invoke(...)""|""relative:///object/src/main/java/com/orientechnologies/orient/object/enhancement/OObjectEntitySerializer.java:1357:49:1357:74""]]
recursive call to dangerous expression [[""invoke(...)""|""relative:///object/src/main/java/com/orientechnologies/orient/object/enhancement/OObjectEntitySerializer.java:1358:16:1358:30""]]","/core/src/main/java/com/orientechnologies/orient/core/record/impl/OEdgeDocument.java","28","18","28","24"
"QLInspector","find Java gadget chains","warning","recursive call to dangerous expression [[""invoke(...)""|""relative:///object/src/main/java/com/orientechnologies/orient/object/enhancement/OObjectEntitySerializer.java:1357:49:1357:74""]]
recursive call to dangerous expression [[""invoke(...)""|""relative:///object/src/main/java/com/orientechnologies/orient/object/enhancement/OObjectEntitySerializer.java:1358:16:1358:30""]]","/core/src/main/java/com/orientechnologies/orient/core/record/impl/OEdgeDelegate.java","196","27","196","39"
"QLInspector","find Java gadget chains","warning","recursive call to dangerous expression [[""invoke(...)""|""relative:///object/src/main/java/com/orientechnologies/orient/object/enhancement/OObjectEntitySerializer.java:1357:49:1357:74""]]
recursive call to dangerous expression [[""invoke(...)""|""relative:///object/src/main/java/com/orientechnologies/orient/object/enhancement/OObjectEntitySerializer.java:1358:16:1358:30""]]","/core/src/main/java/com/orientechnologies/orient/core/record/impl/OEdgeDelegate.java","112","22","112","37"
"QLInspector","find Java gadget chains","warning","recursive call to dangerous expression [[""invoke(...)""|""relative:///object/src/main/java/com/orientechnologies/orient/object/enhancement/OObjectEntitySerializer.java:1357:49:1357:74""]]
recursive call to dangerous expression [[""invoke(...)""|""relative:///object/src/main/java/com/orientechnologies/orient/object/enhancement/OObjectEntitySerializer.java:1358:16:1358:30""]]","/core/src/main/java/com/orientechnologies/orient/core/record/impl/OEdgeDelegate.java","87","18","87","22"
"QLInspector","find Java gadget chains","warning","recursive call to dangerous expression [[""invoke(...)""|""relative:///object/src/main/java/com/orientechnologies/orient/object/enhancement/OObjectEntitySerializer.java:1357:49:1357:74""]]
recursive call to dangerous expression [[""invoke(...)""|""relative:///object/src/main/java/com/orientechnologies/orient/object/enhancement/OObjectEntitySerializer.java:1358:16:1358:30""]]","/core/src/main/java/com/orientechnologies/orient/core/record/impl/OEdgeDelegate.java","67","18","67","24"
"QLInspector","find Java gadget chains","warning","recursive call to dangerous expression [[""invoke(...)""|""relative:///object/src/main/java/com/orientechnologies/orient/object/enhancement/OObjectEntitySerializer.java:1357:49:1357:74""]]
recursive call to dangerous expression [[""invoke(...)""|""relative:///object/src/main/java/com/orientechnologies/orient/object/enhancement/OObjectEntitySerializer.java:1358:16:1358:30""]]","/core/src/main/java/com/orientechnologies/orient/core/record/impl/OVertexDelegate.java","449","18","449","23"
"QLInspector","find Java gadget chains","warning","recursive call to dangerous expression [[""invoke(...)""|""relative:///object/src/main/java/com/orientechnologies/orient/object/enhancement/OObjectEntitySerializer.java:1357:49:1357:74""]]
recursive call to dangerous expression [[""invoke(...)""|""relative:///object/src/main/java/com/orientechnologies/orient/object/enhancement/OObjectEntitySerializer.java:1358:16:1358:30""]]","/core/src/main/java/com/orientechnologies/orient/core/record/impl/OVertexDelegate.java","282","27","282","39"
"QLInspector","find Java gadget chains","warning","recursive call to dangerous expression [[""invoke(...)""|""relative:///object/src/main/java/com/orientechnologies/orient/object/enhancement/OObjectEntitySerializer.java:1357:49:1357:74""]]
recursive call to dangerous expression [[""invoke(...)""|""relative:///object/src/main/java/com/orientechnologies/orient/object/enhancement/OObjectEntitySerializer.java:1358:16:1358:30""]]","/core/src/main/java/com/orientechnologies/orient/core/record/impl/OVertexDelegate.java","232","22","232","37"
"QLInspector","find Java gadget chains","warning","recursive call to dangerous expression [[""invoke(...)""|""relative:///object/src/main/java/com/orientechnologies/orient/object/enhancement/OObjectEntitySerializer.java:1357:49:1357:74""]]
recursive call to dangerous expression [[""invoke(...)""|""relative:///object/src/main/java/com/orientechnologies/orient/object/enhancement/OObjectEntitySerializer.java:1358:16:1358:30""]]","/core/src/main/java/com/orientechnologies/orient/core/schedule/OScheduledEvent.java","110","15","110","26"
"QLInspector","find Java gadget chains","warning","recursive call to dangerous expression [[""invoke(...)""|""relative:///object/src/main/java/com/orientechnologies/orient/object/enhancement/OObjectEntitySerializer.java:1357:49:1357:74""]]
recursive call to dangerous expression [[""invoke(...)""|""relative:///object/src/main/java/com/orientechnologies/orient/object/enhancement/OObjectEntitySerializer.java:1358:16:1358:30""]]","/core/src/main/java/com/orientechnologies/orient/core/schedule/OScheduledEvent.java","106","30","106","41"
"QLInspector","find Java gadget chains","warning","recursive call to dangerous expression [[""invoke(...)""|""relative:///object/src/main/java/com/orientechnologies/orient/object/enhancement/OObjectEntitySerializer.java:1357:49:1357:74""]]
recursive call to dangerous expression [[""invoke(...)""|""relative:///object/src/main/java/com/orientechnologies/orient/object/enhancement/OObjectEntitySerializer.java:1358:16:1358:30""]]","/core/src/main/java/com/orientechnologies/orient/core/schedule/OScheduledEvent.java","102","17","102","25"
"QLInspector","find Java gadget chains","warning","recursive call to dangerous expression [[""invoke(...)""|""relative:///object/src/main/java/com/orientechnologies/orient/object/enhancement/OObjectEntitySerializer.java:1357:49:1357:74""]]
recursive call to dangerous expression [[""invoke(...)""|""relative:///object/src/main/java/com/orientechnologies/orient/object/enhancement/OObjectEntitySerializer.java:1358:16:1358:30""]]","/core/src/main/java/com/orientechnologies/orient/core/schedule/OScheduledEvent.java","97","15","97","32"
"QLInspector","find Java gadget chains","warning","recursive call to dangerous expression [[""invoke(...)""|""relative:///object/src/main/java/com/orientechnologies/orient/object/enhancement/OObjectEntitySerializer.java:1357:49:1357:74""]]
recursive call to dangerous expression [[""invoke(...)""|""relative:///object/src/main/java/com/orientechnologies/orient/object/enhancement/OObjectEntitySerializer.java:1358:16:1358:30""]]","/core/src/main/java/com/orientechnologies/orient/core/schedule/OScheduledEvent.java","93","17","93","23"
"QLInspector","find Java gadget chains","warning","recursive call to dangerous expression [[""invoke(...)""|""relative:///object/src/main/java/com/orientechnologies/orient/object/enhancement/OObjectEntitySerializer.java:1357:49:1357:74""]]
recursive call to dangerous expression [[""invoke(...)""|""relative:///object/src/main/java/com/orientechnologies/orient/object/enhancement/OObjectEntitySerializer.java:1358:16:1358:30""]]","/core/src/main/java/com/orientechnologies/orient/core/schedule/OScheduledEvent.java","89","17","89","23"
"QLInspector","find Java gadget chains","warning","recursive call to dangerous expression [[""invoke(...)""|""relative:///object/src/main/java/com/orientechnologies/orient/object/enhancement/OObjectEntitySerializer.java:1357:49:1357:74""]]
recursive call to dangerous expression [[""invoke(...)""|""relative:///object/src/main/java/com/orientechnologies/orient/object/enhancement/OObjectEntitySerializer.java:1358:16:1358:30""]]","/core/src/main/java/com/orientechnologies/orient/core/schedule/OScheduledEvent.java","83","20","83","30"
"QLInspector","find Java gadget chains","warning","recursive call to dangerous expression [[""invoke(...)""|""relative:///object/src/main/java/com/orientechnologies/orient/object/enhancement/OObjectEntitySerializer.java:1357:49:1357:74""]]
recursive call to dangerous expression [[""invoke(...)""|""relative:///object/src/main/java/com/orientechnologies/orient/object/enhancement/OObjectEntitySerializer.java:1358:16:1358:30""]]","/core/src/main/java/com/orientechnologies/orient/core/schedule/OCronExpression.java","835","17","835","36"
"QLInspector","find Java gadget chains","warning","recursive call to dangerous expression [[""invoke(...)""|""relative:///object/src/main/java/com/orientechnologies/orient/object/enhancement/OObjectEntitySerializer.java:1357:49:1357:74""]]
recursive call to dangerous expression [[""invoke(...)""|""relative:///object/src/main/java/com/orientechnologies/orient/object/enhancement/OObjectEntitySerializer.java:1358:16:1358:30""]]","/core/src/main/java/com/orientechnologies/orient/core/sql/OCommandSQLParsingException.java","119","18","119","23"
"QLInspector","find Java gadget chains","warning","recursive call to dangerous expression [[""invoke(...)""|""relative:///object/src/main/java/com/orientechnologies/orient/object/enhancement/OObjectEntitySerializer.java:1357:49:1357:74""]]
recursive call to dangerous expression [[""invoke(...)""|""relative:///object/src/main/java/com/orientechnologies/orient/object/enhancement/OObjectEntitySerializer.java:1358:16:1358:30""]]","/core/src/main/java/com/orientechnologies/orient/core/sql/executor/OSelectExecutionPlan.java","116","15","116","25"
"QLInspector","find Java gadget chains","warning","recursive call to dangerous expression [[""invoke(...)""|""relative:///object/src/main/java/com/orientechnologies/orient/object/enhancement/OObjectEntitySerializer.java:1357:49:1357:74""]]
recursive call to dangerous expression [[""invoke(...)""|""relative:///object/src/main/java/com/orientechnologies/orient/object/enhancement/OObjectEntitySerializer.java:1358:16:1358:30""]]","/object/src/main/java/com/orientechnologies/orient/object/db/OObjectLazyMap.java","192","17","192","19"
"QLInspector","find Java gadget chains","warning","recursive call to dangerous expression [[""invoke(...)""|""relative:///object/src/main/java/com/orientechnologies/orient/object/enhancement/OObjectEntitySerializer.java:1357:49:1357:74""]]
recursive call to dangerous expression [[""invoke(...)""|""relative:///object/src/main/java/com/orientechnologies/orient/object/enhancement/OObjectEntitySerializer.java:1358:16:1358:30""]]","/object/src/main/java/com/orientechnologies/orient/object/db/OObjectLazyMap.java","93","17","93","19"
"QLInspector","find Java gadget chains","warning","recursive call to dangerous expression [[""invoke(...)""|""relative:///object/src/main/java/com/orientechnologies/orient/object/enhancement/OObjectEntitySerializer.java:1357:49:1357:74""]]
recursive call to dangerous expression [[""invoke(...)""|""relative:///object/src/main/java/com/orientechnologies/orient/object/enhancement/OObjectEntitySerializer.java:1358:16:1358:30""]]","/object/src/main/java/com/orientechnologies/orient/object/enumerations/OObjectEnumLazyMap.java","113","17","113","19"
"QLInspector","find Java gadget chains","warning","recursive call to dangerous expression [[""invoke(...)""|""relative:///object/src/main/java/com/orientechnologies/orient/object/enhancement/OObjectEntitySerializer.java:1357:49:1357:74""]]
recursive call to dangerous expression [[""invoke(...)""|""relative:///object/src/main/java/com/orientechnologies/orient/object/enhancement/OObjectEntitySerializer.java:1358:16:1358:30""]]","/object/src/main/java/com/orientechnologies/orient/object/enumerations/OObjectEnumLazyMap.java","76","17","76","19"
"QLInspector","find Java gadget chains","warning","recursive call to dangerous expression [[""invoke(...)""|""relative:///object/src/main/java/com/orientechnologies/orient/object/enhancement/OObjectEntitySerializer.java:1357:49:1357:74""]]
recursive call to dangerous expression [[""invoke(...)""|""relative:///object/src/main/java/com/orientechnologies/orient/object/enhancement/OObjectEntitySerializer.java:1358:16:1358:30""]]","/object/src/main/java/com/orientechnologies/orient/object/serialization/OObjectCustomSerializerMap.java","115","17","115","19"
"QLInspector","find Java gadget chains","warning","recursive call to dangerous expression [[""invoke(...)""|""relative:///object/src/main/java/com/orientechnologies/orient/object/enhancement/OObjectEntitySerializer.java:1357:49:1357:74""]]
recursive call to dangerous expression [[""invoke(...)""|""relative:///object/src/main/java/com/orientechnologies/orient/object/enhancement/OObjectEntitySerializer.java:1358:16:1358:30""]]","/object/src/main/java/com/orientechnologies/orient/object/serialization/OObjectCustomSerializerMap.java","78","17","78","19"
"QLInspector","find Java gadget chains","warning","recursive call to dangerous expression [[""invoke(...)""|""relative:///object/src/main/java/com/orientechnologies/orient/object/enhancement/OObjectEntitySerializer.java:1357:49:1357:74""]]
recursive call to dangerous expression [[""invoke(...)""|""relative:///object/src/main/java/com/orientechnologies/orient/object/enhancement/OObjectEntitySerializer.java:1358:16:1358:30""]]","/distributed/src/main/java/com/orientechnologies/orient/server/hazelcast/OHazelcastDistributedMap.java","232","20","232","37"
"QLInspector","find Java gadget chains","warning","recursive call to dangerous expression [[""invoke(...)""|""relative:///object/src/main/java/com/orientechnologies/orient/object/enhancement/OObjectEntitySerializer.java:1357:49:1357:74""]]
recursive call to dangerous expression [[""invoke(...)""|""relative:///object/src/main/java/com/orientechnologies/orient/object/enhancement/OObjectEntitySerializer.java:1358:16:1358:30""]]","/distributed/src/main/java/com/orientechnologies/orient/server/hazelcast/OHazelcastDistributedMap.java","191","23","191","30"
"QLInspector","find Java gadget chains","warning","recursive call to dangerous expression [[""invoke(...)""|""relative:///object/src/main/java/com/orientechnologies/orient/object/enhancement/OObjectEntitySerializer.java:1357:49:1357:74""]]
recursive call to dangerous expression [[""invoke(...)""|""relative:///object/src/main/java/com/orientechnologies/orient/object/enhancement/OObjectEntitySerializer.java:1358:16:1358:30""]]","/graphdb/src/main/java/com/tinkerpop/blueprints/impls/orient/OrientEdge.java","420","20","420","28"
"QLInspector","find Java gadget chains","warning","recursive call to dangerous expression [[""invoke(...)""|""relative:///object/src/main/java/com/orientechnologies/orient/object/enhancement/OObjectEntitySerializer.java:1357:49:1357:74""]]
recursive call to dangerous expression [[""invoke(...)""|""relative:///object/src/main/java/com/orientechnologies/orient/object/enhancement/OObjectEntitySerializer.java:1358:16:1358:30""]]","/graphdb/src/main/java/com/tinkerpop/blueprints/impls/orient/OrientEdge.java","312","30","312","42"
"QLInspector","find Java gadget chains","warning","recursive call to dangerous expression [[""invoke(...)""|""relative:///object/src/main/java/com/orientechnologies/orient/object/enhancement/OObjectEntitySerializer.java:1357:49:1357:74""]]
recursive call to dangerous expression [[""invoke(...)""|""relative:///object/src/main/java/com/orientechnologies/orient/object/enhancement/OObjectEntitySerializer.java:1358:16:1358:30""]]","/graphdb/src/main/java/com/tinkerpop/blueprints/impls/orient/OrientEdge.java","293","22","293","36"
"QLInspector","find Java gadget chains","warning","recursive call to dangerous expression [[""invoke(...)""|""relative:///object/src/main/java/com/orientechnologies/orient/object/enhancement/OObjectEntitySerializer.java:1357:49:1357:74""]]
recursive call to dangerous expression [[""invoke(...)""|""relative:///object/src/main/java/com/orientechnologies/orient/object/enhancement/OObjectEntitySerializer.java:1358:16:1358:30""]]","/graphdb/src/main/java/com/tinkerpop/blueprints/impls/orient/OrientEdge.java","244","18","244","23"
"QLInspector","find Java gadget chains","warning","recursive call to dangerous expression [[""invoke(...)""|""relative:///object/src/main/java/com/orientechnologies/orient/object/enhancement/OObjectEntitySerializer.java:1357:49:1357:74""]]
recursive call to dangerous expression [[""invoke(...)""|""relative:///object/src/main/java/com/orientechnologies/orient/object/enhancement/OObjectEntitySerializer.java:1358:16:1358:30""]]","/graphdb/src/main/java/com/tinkerpop/blueprints/impls/orient/OrientEdge.java","220","17","220","24"
"QLInspector","find Java gadget chains","warning","recursive call to dangerous expression [[""invoke(...)""|""relative:///object/src/main/java/com/orientechnologies/orient/object/enhancement/OObjectEntitySerializer.java:1357:49:1357:74""]]
recursive call to dangerous expression [[""invoke(...)""|""relative:///object/src/main/java/com/orientechnologies/orient/object/enhancement/OObjectEntitySerializer.java:1358:16:1358:30""]]","/graphdb/src/main/java/com/tinkerpop/blueprints/impls/orient/OrientEdge.java","197","24","197","34"
"QLInspector","find Java gadget chains","warning","recursive call to dangerous expression [[""invoke(...)""|""relative:///object/src/main/java/com/orientechnologies/orient/object/enhancement/OObjectEntitySerializer.java:1357:49:1357:74""]]
recursive call to dangerous expression [[""invoke(...)""|""relative:///object/src/main/java/com/orientechnologies/orient/object/enhancement/OObjectEntitySerializer.java:1358:16:1358:30""]]","/graphdb/src/main/java/com/tinkerpop/blueprints/impls/orient/OrientEdge.java","180","24","180","35"
"QLInspector","find Java gadget chains","warning","recursive call to dangerous expression [[""invoke(...)""|""relative:///object/src/main/java/com/orientechnologies/orient/object/enhancement/OObjectEntitySerializer.java:1357:49:1357:74""]]
recursive call to dangerous expression [[""invoke(...)""|""relative:///object/src/main/java/com/orientechnologies/orient/object/enhancement/OObjectEntitySerializer.java:1358:16:1358:30""]]","/graphdb/src/main/java/com/tinkerpop/blueprints/impls/orient/OrientEdge.java","158","25","158","31"
"QLInspector","find Java gadget chains","warning","recursive call to dangerous expression [[""invoke(...)""|""relative:///object/src/main/java/com/orientechnologies/orient/object/enhancement/OObjectEntitySerializer.java:1357:49:1357:74""]]
recursive call to dangerous expression [[""invoke(...)""|""relative:///object/src/main/java/com/orientechnologies/orient/object/enhancement/OObjectEntitySerializer.java:1358:16:1358:30""]]","/graphdb/src/main/java/com/tinkerpop/blueprints/impls/orient/OrientElement.java","408","20","408","28"
"QLInspector","find Java gadget chains","warning","recursive call to dangerous expression [[""invoke(...)""|""relative:///object/src/main/java/com/orientechnologies/orient/object/enhancement/OObjectEntitySerializer.java:1357:49:1357:74""]]
recursive call to dangerous expression [[""invoke(...)""|""relative:///object/src/main/java/com/orientechnologies/orient/object/enhancement/OObjectEntitySerializer.java:1358:16:1358:30""]]","/graphdb/src/main/java/com/tinkerpop/blueprints/impls/orient/OrientElement.java","314","14","314","21"
"QLInspector","find Java gadget chains","warning","recursive call to dangerous expression [[""invoke(...)""|""relative:///object/src/main/java/com/orientechnologies/orient/object/enhancement/OObjectEntitySerializer.java:1357:49:1357:74""]]
recursive call to dangerous expression [[""invoke(...)""|""relative:///object/src/main/java/com/orientechnologies/orient/object/enhancement/OObjectEntitySerializer.java:1358:16:1358:30""]]","/graphdb/src/main/java/com/tinkerpop/blueprints/impls/orient/OrientVertex.java","883","27","883","33"
"QLInspector","find Java gadget chains","warning","recursive call to dangerous expression [[""invoke(...)""|""relative:///object/src/main/java/com/orientechnologies/orient/object/enhancement/OObjectEntitySerializer.java:1357:49:1357:74""]]
recursive call to dangerous expression [[""invoke(...)""|""relative:///object/src/main/java/com/orientechnologies/orient/object/enhancement/OObjectEntitySerializer.java:1358:16:1358:30""]]","/graphdb/src/main/java/com/tinkerpop/blueprints/impls/orient/OrientVertex.java","857","17","857","24"
"QLInspector","find Java gadget chains","warning","recursive call to dangerous expression [[""invoke(...)""|""relative:///object/src/main/java/com/orientechnologies/orient/object/enhancement/OObjectEntitySerializer.java:1357:49:1357:74""]]
recursive call to dangerous expression [[""invoke(...)""|""relative:///object/src/main/java/com/orientechnologies/orient/object/enhancement/OObjectEntitySerializer.java:1358:16:1358:30""]]","/graphdb/src/main/java/com/tinkerpop/blueprints/impls/orient/OrientVertex.java","403","30","403","42"
"QLInspector","find Java gadget chains","warning","recursive call to dangerous expression [[""invoke(...)""|""relative:///object/src/main/java/com/orientechnologies/orient/object/enhancement/OObjectEntitySerializer.java:1357:49:1357:74""]]
recursive call to dangerous expression [[""invoke(...)""|""relative:///object/src/main/java/com/orientechnologies/orient/object/enhancement/OObjectEntitySerializer.java:1358:16:1358:30""]]","/graphdb/src/main/java/com/tinkerpop/blueprints/impls/orient/OrientVertex.java","385","22","385","36"
"QLInspector","find Java gadget chains","warning","recursive call to dangerous expression [[""invoke(...)""|""relative:///object/src/main/java/com/orientechnologies/orient/object/enhancement/OObjectEntitySerializer.java:1357:49:1357:74""]]
recursive call to dangerous expression [[""invoke(...)""|""relative:///object/src/main/java/com/orientechnologies/orient/object/enhancement/OObjectEntitySerializer.java:1358:16:1358:30""]]","/core/src/main/java/com/orientechnologies/orient/core/schedule/OScheduledEvent.java","157","21","157","35"
