"QLInspector","find Java gadget chains","warning","recursive call to dangerous expression [[""invoke(...)""|""relative:///screw-core/src/main/java/cn/smallbun/screw/core/mapping/Mapping.java:199:17:199:37""]]","/screw-core/src/main/java/cn/smallbun/screw/core/query/cachedb/CacheDbDataBaseQuery.java","221","39","221","52"
"QLInspector","find Java gadget chains","warning","recursive call to dangerous expression [[""invoke(...)""|""relative:///screw-core/src/main/java/cn/smallbun/screw/core/mapping/Mapping.java:199:17:199:37""]]","/screw-core/src/main/java/cn/smallbun/screw/core/query/cachedb/CacheDbDataBaseQuery.java","187","35","187","49"
"QLInspector","find Java gadget chains","warning","recursive call to dangerous expression [[""invoke(...)""|""relative:///screw-core/src/main/java/cn/smallbun/screw/core/mapping/Mapping.java:199:17:199:37""]]","/screw-core/src/main/java/cn/smallbun/screw/core/query/cachedb/CacheDbDataBaseQuery.java","84","34","84","42"
"QLInspector","find Java gadget chains","warning","recursive call to dangerous expression [[""invoke(...)""|""relative:///screw-core/src/main/java/cn/smallbun/screw/core/mapping/Mapping.java:199:17:199:37""]]","/screw-core/src/main/java/cn/smallbun/screw/core/query/db2/Db2DataBaseQuery.java","210","39","210","52"
"QLInspector","find Java gadget chains","warning","recursive call to dangerous expression [[""invoke(...)""|""relative:///screw-core/src/main/java/cn/smallbun/screw/core/mapping/Mapping.java:199:17:199:37""]]","/screw-core/src/main/java/cn/smallbun/screw/core/query/db2/Db2DataBaseQuery.java","177","35","177","49"
"QLInspector","find Java gadget chains","warning","recursive call to dangerous expression [[""invoke(...)""|""relative:///screw-core/src/main/java/cn/smallbun/screw/core/mapping/Mapping.java:199:17:199:37""]]","/screw-core/src/main/java/cn/smallbun/screw/core/query/db2/Db2DataBaseQuery.java","86","32","86","40"
"QLInspector","find Java gadget chains","warning","recursive call to dangerous expression [[""invoke(...)""|""relative:///screw-core/src/main/java/cn/smallbun/screw/core/mapping/Mapping.java:199:17:199:37""]]","/screw-core/src/main/java/cn/smallbun/screw/core/query/dm/DmDataBaseQuery.java","289","39","289","52"
"QLInspector","find Java gadget chains","warning","recursive call to dangerous expression [[""invoke(...)""|""relative:///screw-core/src/main/java/cn/smallbun/screw/core/mapping/Mapping.java:199:17:199:37""]]","/screw-core/src/main/java/cn/smallbun/screw/core/query/dm/DmDataBaseQuery.java","256","35","256","49"
"QLInspector","find Java gadget chains","warning","recursive call to dangerous expression [[""invoke(...)""|""relative:///screw-core/src/main/java/cn/smallbun/screw/core/mapping/Mapping.java:199:17:199:37""]]","/screw-core/src/main/java/cn/smallbun/screw/core/query/dm/DmDataBaseQuery.java","166","31","166","39"
"QLInspector","find Java gadget chains","warning","recursive call to dangerous expression [[""invoke(...)""|""relative:///screw-core/src/main/java/cn/smallbun/screw/core/mapping/Mapping.java:199:17:199:37""]]","/screw-core/src/main/java/cn/smallbun/screw/core/query/mariadb/MariaDbDataBaseQuery.java","202","39","202","52"
"QLInspector","find Java gadget chains","warning","recursive call to dangerous expression [[""invoke(...)""|""relative:///screw-core/src/main/java/cn/smallbun/screw/core/mapping/Mapping.java:199:17:199:37""]]","/screw-core/src/main/java/cn/smallbun/screw/core/query/mariadb/MariaDbDataBaseQuery.java","168","35","168","49"
"QLInspector","find Java gadget chains","warning","recursive call to dangerous expression [[""invoke(...)""|""relative:///screw-core/src/main/java/cn/smallbun/screw/core/mapping/Mapping.java:199:17:199:37""]]","/screw-core/src/main/java/cn/smallbun/screw/core/query/mariadb/MariaDbDataBaseQuery.java","78","36","78","44"
"QLInspector","find Java gadget chains","warning","recursive call to dangerous expression [[""invoke(...)""|""relative:///screw-core/src/main/java/cn/smallbun/screw/core/mapping/Mapping.java:199:17:199:37""]]","/screw-core/src/main/java/cn/smallbun/screw/core/query/mysql/MySqlDataBaseQuery.java","207","39","207","52"
"QLInspector","find Java gadget chains","warning","recursive call to dangerous expression [[""invoke(...)""|""relative:///screw-core/src/main/java/cn/smallbun/screw/core/mapping/Mapping.java:199:17:199:37""]]","/screw-core/src/main/java/cn/smallbun/screw/core/query/mysql/MySqlDataBaseQuery.java","173","35","173","49"
"QLInspector","find Java gadget chains","warning","recursive call to dangerous expression [[""invoke(...)""|""relative:///screw-core/src/main/java/cn/smallbun/screw/core/mapping/Mapping.java:199:17:199:37""]]","/screw-core/src/main/java/cn/smallbun/screw/core/query/mysql/MySqlDataBaseQuery.java","83","34","83","42"
"QLInspector","find Java gadget chains","warning","recursive call to dangerous expression [[""invoke(...)""|""relative:///screw-core/src/main/java/cn/smallbun/screw/core/mapping/Mapping.java:199:17:199:37""]]","/screw-core/src/main/java/cn/smallbun/screw/core/query/oracle/OracleDataBaseQuery.java","234","39","234","52"
"QLInspector","find Java gadget chains","warning","recursive call to dangerous expression [[""invoke(...)""|""relative:///screw-core/src/main/java/cn/smallbun/screw/core/mapping/Mapping.java:199:17:199:37""]]","/screw-core/src/main/java/cn/smallbun/screw/core/query/oracle/OracleDataBaseQuery.java","201","35","201","49"
"QLInspector","find Java gadget chains","warning","recursive call to dangerous expression [[""invoke(...)""|""relative:///screw-core/src/main/java/cn/smallbun/screw/core/mapping/Mapping.java:199:17:199:37""]]","/screw-core/src/main/java/cn/smallbun/screw/core/query/oracle/OracleDataBaseQuery.java","87","35","87","43"
"QLInspector","find Java gadget chains","warning","recursive call to dangerous expression [[""invoke(...)""|""relative:///screw-core/src/main/java/cn/smallbun/screw/core/mapping/Mapping.java:199:17:199:37""]]","/screw-core/src/main/java/cn/smallbun/screw/core/query/phoenix/PhoenixDataBaseQuery.java","115","39","115","52"
"QLInspector","find Java gadget chains","warning","recursive call to dangerous expression [[""invoke(...)""|""relative:///screw-core/src/main/java/cn/smallbun/screw/core/mapping/Mapping.java:199:17:199:37""]]","/screw-core/src/main/java/cn/smallbun/screw/core/query/phoenix/PhoenixDataBaseQuery.java","95","37","95","51"
"QLInspector","find Java gadget chains","warning","recursive call to dangerous expression [[""invoke(...)""|""relative:///screw-core/src/main/java/cn/smallbun/screw/core/mapping/Mapping.java:199:17:199:37""]]","/screw-core/src/main/java/cn/smallbun/screw/core/query/phoenix/PhoenixDataBaseQuery.java","58","37","58","45"
"QLInspector","find Java gadget chains","warning","recursive call to dangerous expression [[""invoke(...)""|""relative:///screw-core/src/main/java/cn/smallbun/screw/core/mapping/Mapping.java:199:17:199:37""]]","/screw-core/src/main/java/cn/smallbun/screw/core/query/postgresql/PostgreSqlDataBaseQuery.java","204","39","204","52"
"QLInspector","find Java gadget chains","warning","recursive call to dangerous expression [[""invoke(...)""|""relative:///screw-core/src/main/java/cn/smallbun/screw/core/mapping/Mapping.java:199:17:199:37""]]","/screw-core/src/main/java/cn/smallbun/screw/core/query/postgresql/PostgreSqlDataBaseQuery.java","171","35","171","49"
"QLInspector","find Java gadget chains","warning","recursive call to dangerous expression [[""invoke(...)""|""relative:///screw-core/src/main/java/cn/smallbun/screw/core/mapping/Mapping.java:199:17:199:37""]]","/screw-core/src/main/java/cn/smallbun/screw/core/query/postgresql/PostgreSqlDataBaseQuery.java","80","39","80","47"
"QLInspector","find Java gadget chains","warning","recursive call to dangerous expression [[""invoke(...)""|""relative:///screw-core/src/main/java/cn/smallbun/screw/core/mapping/Mapping.java:199:17:199:37""]]","/screw-core/src/main/java/cn/smallbun/screw/core/query/sqlservice/SqlServerDataBaseQuery.java","221","39","221","52"
"QLInspector","find Java gadget chains","warning","recursive call to dangerous expression [[""invoke(...)""|""relative:///screw-core/src/main/java/cn/smallbun/screw/core/mapping/Mapping.java:199:17:199:37""]]","/screw-core/src/main/java/cn/smallbun/screw/core/query/sqlservice/SqlServerDataBaseQuery.java","188","35","188","49"
"QLInspector","find Java gadget chains","warning","recursive call to dangerous expression [[""invoke(...)""|""relative:///screw-core/src/main/java/cn/smallbun/screw/core/mapping/Mapping.java:199:17:199:37""]]","/screw-core/src/main/java/cn/smallbun/screw/core/query/sqlservice/SqlServerDataBaseQuery.java","84","38","84","46"
