"QLInspector","find Java gadget chains","warning","recursive call to dangerous expression [[""invoke(...)""|""relative:///quasar-actors/src/main/java/co/paralleluniverse/actors/behaviors/ProxyServerActor.java:414:24:414:52""]]
recursive call to dangerous expression [[""invoke(...)""|""relative:///quasar-core/src/test/java/co/paralleluniverse/fibers/instrument/ReflectionInvokeTest.java:52:17:52:51""]]
recursive call to dangerous expression [[""invoke(...)""|""relative:///quasar-core/src/test/java/co/paralleluniverse/fibers/instrument/ReflectionInvokeTest.java:54:17:54:51""]]","/quasar-actors/src/main/java/co/paralleluniverse/actors/Actor.java","1297","25","1297","37"
"QLInspector","find Java gadget chains","warning","recursive call to dangerous expression [[""invoke(...)""|""relative:///quasar-actors/src/main/java/co/paralleluniverse/actors/behaviors/ProxyServerActor.java:414:24:414:52""]]
recursive call to dangerous expression [[""invoke(...)""|""relative:///quasar-core/src/test/java/co/paralleluniverse/fibers/instrument/ReflectionInvokeTest.java:52:17:52:51""]]
recursive call to dangerous expression [[""invoke(...)""|""relative:///quasar-core/src/test/java/co/paralleluniverse/fibers/instrument/ReflectionInvokeTest.java:54:17:54:51""]]","/quasar-actors/src/main/java/co/paralleluniverse/actors/behaviors/ProxyServerActor.java","314","23","314","28"
"QLInspector","find Java gadget chains","warning","recursive call to dangerous expression [[""invoke(...)""|""relative:///quasar-actors/src/main/java/co/paralleluniverse/actors/behaviors/ProxyServerActor.java:414:24:414:52""]]
recursive call to dangerous expression [[""invoke(...)""|""relative:///quasar-core/src/test/java/co/paralleluniverse/fibers/instrument/ReflectionInvokeTest.java:52:17:52:51""]]
recursive call to dangerous expression [[""invoke(...)""|""relative:///quasar-core/src/test/java/co/paralleluniverse/fibers/instrument/ReflectionInvokeTest.java:54:17:54:51""]]","/quasar-actors/src/main/java/co/paralleluniverse/actors/behaviors/Supervisor.java","83","46","83","56"
"QLInspector","find Java gadget chains","warning","recursive call to dangerous expression [[""invoke(...)""|""relative:///quasar-actors/src/main/java/co/paralleluniverse/actors/behaviors/ProxyServerActor.java:414:24:414:52""]]
recursive call to dangerous expression [[""invoke(...)""|""relative:///quasar-core/src/test/java/co/paralleluniverse/fibers/instrument/ReflectionInvokeTest.java:52:17:52:51""]]
recursive call to dangerous expression [[""invoke(...)""|""relative:///quasar-core/src/test/java/co/paralleluniverse/fibers/instrument/ReflectionInvokeTest.java:54:17:54:51""]]","/quasar-core/src/main/java/co/paralleluniverse/fibers/Fiber.java","1516","38","1516","50"
"QLInspector","find Java gadget chains","warning","recursive call to dangerous expression [[""invoke(...)""|""relative:///quasar-actors/src/main/java/co/paralleluniverse/actors/behaviors/ProxyServerActor.java:414:24:414:52""]]
recursive call to dangerous expression [[""invoke(...)""|""relative:///quasar-core/src/test/java/co/paralleluniverse/fibers/instrument/ReflectionInvokeTest.java:52:17:52:51""]]
recursive call to dangerous expression [[""invoke(...)""|""relative:///quasar-core/src/test/java/co/paralleluniverse/fibers/instrument/ReflectionInvokeTest.java:54:17:54:51""]]","/quasar-core/src/test/java/co/paralleluniverse/fibers/instrument/NullTest.java","40","20","40","30"
"QLInspector","find Java gadget chains","warning","recursive call to dangerous expression [[""invoke(...)""|""relative:///quasar-actors/src/main/java/co/paralleluniverse/actors/behaviors/ProxyServerActor.java:414:24:414:52""]]
recursive call to dangerous expression [[""invoke(...)""|""relative:///quasar-core/src/test/java/co/paralleluniverse/fibers/instrument/ReflectionInvokeTest.java:52:17:52:51""]]
recursive call to dangerous expression [[""invoke(...)""|""relative:///quasar-core/src/test/java/co/paralleluniverse/fibers/instrument/ReflectionInvokeTest.java:54:17:54:51""]]","/quasar-core/src/test/java/co/paralleluniverse/fibers/instrument/UninitializedTest.java","38","20","38","30"
