"QLInspector","find Java gadget chains","warning","recursive call to dangerous expression [[""invoke(...)""|""relative:///API/src/main/java/org/sikuli/support/Commons.java:1588:21:1588:70""]]
recursive call to dangerous expression [[""invoke(...)""|""relative:///API/src/main/java/org/sikuli/support/Commons.java:1591:21:1591:46""]]
recursive call to dangerous expression [[""invoke(...)""|""relative:///API/src/main/java/org/sikuli/support/Commons.java:1594:21:1594:52""]]
recursive call to dangerous expression [[""invoke(...)""|""relative:///API/src/main/java/org/sikuli/basics/Debug.java:398:13:400:34""]]
recursive call to dangerous expression [[""invoke(...)""|""relative:///API/src/main/java/org/sikuli/support/devices/HelpDevice.java:123:9:123:35""]]
recursive call to dangerous expression [[""invoke(...)""|""relative:///API/src/main/java/org/sikuli/support/devices/HelpDevice.java:78:18:78:42""]]","/IDE/src/main/java/org/sikuli/ide/SikulixIDE.java","1482","10","1482","27"
"QLInspector","find Java gadget chains","warning","recursive call to dangerous expression [[""invoke(...)""|""relative:///API/src/main/java/org/sikuli/support/Commons.java:1588:21:1588:70""]]
recursive call to dangerous expression [[""invoke(...)""|""relative:///API/src/main/java/org/sikuli/support/Commons.java:1591:21:1591:46""]]
recursive call to dangerous expression [[""invoke(...)""|""relative:///API/src/main/java/org/sikuli/support/Commons.java:1594:21:1594:52""]]
recursive call to dangerous expression [[""invoke(...)""|""relative:///API/src/main/java/org/sikuli/basics/Debug.java:398:13:400:34""]]
recursive call to dangerous expression [[""invoke(...)""|""relative:///API/src/main/java/org/sikuli/support/devices/HelpDevice.java:123:9:123:35""]]
recursive call to dangerous expression [[""invoke(...)""|""relative:///API/src/main/java/org/sikuli/support/devices/HelpDevice.java:78:18:78:42""]]","/IDE/src/main/java/org/sikuli/ide/SikulixIDE.java","1472","17","1472","36"
"QLInspector","find Java gadget chains","warning","recursive call to dangerous expression [[""invoke(...)""|""relative:///API/src/main/java/org/sikuli/support/Commons.java:1588:21:1588:70""]]
recursive call to dangerous expression [[""invoke(...)""|""relative:///API/src/main/java/org/sikuli/support/Commons.java:1591:21:1591:46""]]
recursive call to dangerous expression [[""invoke(...)""|""relative:///API/src/main/java/org/sikuli/support/Commons.java:1594:21:1594:52""]]
recursive call to dangerous expression [[""invoke(...)""|""relative:///API/src/main/java/org/sikuli/basics/Debug.java:398:13:400:34""]]
recursive call to dangerous expression [[""invoke(...)""|""relative:///API/src/main/java/org/sikuli/support/devices/HelpDevice.java:123:9:123:35""]]
recursive call to dangerous expression [[""invoke(...)""|""relative:///API/src/main/java/org/sikuli/support/devices/HelpDevice.java:78:18:78:42""]]","/IDE/src/main/java/org/sikuli/ide/SikulixIDE.java","1233","14","1233","31"
"QLInspector","find Java gadget chains","warning","recursive call to dangerous expression [[""invoke(...)""|""relative:///API/src/main/java/org/sikuli/support/Commons.java:1588:21:1588:70""]]
recursive call to dangerous expression [[""invoke(...)""|""relative:///API/src/main/java/org/sikuli/support/Commons.java:1591:21:1591:46""]]
recursive call to dangerous expression [[""invoke(...)""|""relative:///API/src/main/java/org/sikuli/support/Commons.java:1594:21:1594:52""]]
recursive call to dangerous expression [[""invoke(...)""|""relative:///API/src/main/java/org/sikuli/basics/Debug.java:398:13:400:34""]]
recursive call to dangerous expression [[""invoke(...)""|""relative:///API/src/main/java/org/sikuli/support/devices/HelpDevice.java:123:9:123:35""]]
recursive call to dangerous expression [[""invoke(...)""|""relative:///API/src/main/java/org/sikuli/support/devices/HelpDevice.java:78:18:78:42""]]","/IDE/src/main/java/org/sikuli/ide/SikulixIDE.java","428","15","428","30"
"QLInspector","find Java gadget chains","warning","recursive call to dangerous expression [[""invoke(...)""|""relative:///API/src/main/java/org/sikuli/support/Commons.java:1588:21:1588:70""]]
recursive call to dangerous expression [[""invoke(...)""|""relative:///API/src/main/java/org/sikuli/support/Commons.java:1591:21:1591:46""]]
recursive call to dangerous expression [[""invoke(...)""|""relative:///API/src/main/java/org/sikuli/support/Commons.java:1594:21:1594:52""]]
recursive call to dangerous expression [[""invoke(...)""|""relative:///API/src/main/java/org/sikuli/basics/Debug.java:398:13:400:34""]]
recursive call to dangerous expression [[""invoke(...)""|""relative:///API/src/main/java/org/sikuli/support/devices/HelpDevice.java:123:9:123:35""]]
recursive call to dangerous expression [[""invoke(...)""|""relative:///API/src/main/java/org/sikuli/support/devices/HelpDevice.java:78:18:78:42""]]","/IDE/src/main/java/org/sikuli/support/ide/ExtensionManagerFrame.java","43","39","43","49"
"QLInspector","find Java gadget chains","warning","recursive call to dangerous expression [[""invoke(...)""|""relative:///API/src/main/java/org/sikuli/support/Commons.java:1588:21:1588:70""]]
recursive call to dangerous expression [[""invoke(...)""|""relative:///API/src/main/java/org/sikuli/support/Commons.java:1591:21:1591:46""]]
recursive call to dangerous expression [[""invoke(...)""|""relative:///API/src/main/java/org/sikuli/support/Commons.java:1594:21:1594:52""]]
recursive call to dangerous expression [[""invoke(...)""|""relative:///API/src/main/java/org/sikuli/basics/Debug.java:398:13:400:34""]]
recursive call to dangerous expression [[""invoke(...)""|""relative:///API/src/main/java/org/sikuli/support/devices/HelpDevice.java:123:9:123:35""]]
recursive call to dangerous expression [[""invoke(...)""|""relative:///API/src/main/java/org/sikuli/support/devices/HelpDevice.java:78:18:78:42""]]","/API/src/main/java/org/sikuli/util/OverlayCapturePrompt.java","295","24","295","40"
"QLInspector","find Java gadget chains","warning","recursive call to dangerous expression [[""new FileInputStream(...)""|""relative:///IDE/src/main/java/org/sikuli/support/ide/syntaxhighlight/Util.java:148:22:148:49""]]
recursive call to dangerous expression [[""loadClass(...)""|""relative:///IDE/src/main/java/org/sikuli/support/ide/syntaxhighlight/grammar/Lexer.java:90:44:90:67""]]","/IDE/src/main/java/org/sikuli/ide/SikulixIDE.java","1452","17","1452","24"
