"QLInspector","find Java gadget chains","warning","recursive call to dangerous expression [[""new FileOutputStream(...)""|""relative:///Core/src/org/sleuthkit/autopsy/coreutils/ModuleSettings.java:238:41:238:66""]]
recursive call to dangerous expression [[""new FileOutputStream(...)""|""relative:///Core/src/org/sleuthkit/autopsy/coreutils/ModuleSettings.java:80:45:80:74""]]
recursive call to dangerous expression [[""new FileInputStream(...)""|""relative:///Core/src/org/sleuthkit/autopsy/coreutils/ModuleSettings.java:278:40:278:91""]]","/Core/src/org/sleuthkit/autopsy/casemodule/OpenRecentCasePanel.java","73","32","73","42"
"QLInspector","find Java gadget chains","warning","recursive call to dangerous expression [[""new FileOutputStream(...)""|""relative:///Core/src/org/sleuthkit/autopsy/coreutils/ModuleSettings.java:238:41:238:66""]]
recursive call to dangerous expression [[""new FileOutputStream(...)""|""relative:///Core/src/org/sleuthkit/autopsy/coreutils/ModuleSettings.java:80:45:80:74""]]
recursive call to dangerous expression [[""new FileInputStream(...)""|""relative:///Core/src/org/sleuthkit/autopsy/coreutils/ModuleSettings.java:278:40:278:91""]]","/Core/src/org/sleuthkit/autopsy/casemodule/RecentCases.java","62","31","62","41"
"QLInspector","find Java gadget chains","warning","recursive call to dangerous expression [[""new FileOutputStream(...)""|""relative:///Core/src/org/sleuthkit/autopsy/coreutils/ModuleSettings.java:238:41:238:66""]]
recursive call to dangerous expression [[""new FileOutputStream(...)""|""relative:///Core/src/org/sleuthkit/autopsy/coreutils/ModuleSettings.java:80:45:80:74""]]
recursive call to dangerous expression [[""new FileInputStream(...)""|""relative:///Core/src/org/sleuthkit/autopsy/coreutils/ModuleSettings.java:278:40:278:91""]]","/Core/src/org/sleuthkit/autopsy/casemodule/UpdateRecentCases.java","58","25","58","41"
"QLInspector","find Java gadget chains","warning","recursive call to dangerous expression [[""new FileOutputStream(...)""|""relative:///Core/src/org/sleuthkit/autopsy/coreutils/ModuleSettings.java:80:45:80:74""]]
recursive call to dangerous expression [[""new FileInputStream(...)""|""relative:///Core/src/org/sleuthkit/autopsy/coreutils/ModuleSettings.java:278:40:278:91""]]","/Core/src/org/sleuthkit/autopsy/corecomponents/DataContentTopComponent.java","109","56","109","65"
"QLInspector","find Java gadget chains","warning","recursive call to dangerous expression [[""new FileOutputStream(...)""|""relative:///Core/src/org/sleuthkit/autopsy/coreutils/ModuleSettings.java:80:45:80:74""]]
recursive call to dangerous expression [[""new FileInputStream(...)""|""relative:///Core/src/org/sleuthkit/autopsy/coreutils/ModuleSettings.java:278:40:278:91""]]","/Core/src/org/sleuthkit/autopsy/directorytree/DirectoryTreeTopComponent.java","458","58","458","67"
"QLInspector","find Java gadget chains","warning","recursive call to dangerous expression [[""new FileOutputStream(...)""|""relative:///Core/src/org/sleuthkit/autopsy/coreutils/ModuleSettings.java:80:45:80:74""]]
recursive call to dangerous expression [[""new FileInputStream(...)""|""relative:///Core/src/org/sleuthkit/autopsy/coreutils/ModuleSettings.java:278:40:278:91""]]","/Core/src/org/sleuthkit/autopsy/discovery/search/DiscoveryAttributes.java","1090","51","1090","81"
"QLInspector","find Java gadget chains","warning","recursive call to dangerous expression [[""new FileOutputStream(...)""|""relative:///Core/src/org/sleuthkit/autopsy/coreutils/ModuleSettings.java:80:45:80:74""]]
recursive call to dangerous expression [[""new FileInputStream(...)""|""relative:///Core/src/org/sleuthkit/autopsy/coreutils/ModuleSettings.java:278:40:278:91""]]","/Core/src/org/sleuthkit/autopsy/discovery/ui/DiscoveryDialog.java","88","41","88","66"
"QLInspector","find Java gadget chains","warning","recursive call to dangerous expression [[""new FileOutputStream(...)""|""relative:///Core/src/org/sleuthkit/autopsy/coreutils/ModuleSettings.java:213:41:213:66""]]
recursive call to dangerous expression [[""new FileOutputStream(...)""|""relative:///Core/src/org/sleuthkit/autopsy/coreutils/ModuleSettings.java:80:45:80:74""]]
recursive call to dangerous expression [[""new FileInputStream(...)""|""relative:///Core/src/org/sleuthkit/autopsy/coreutils/ModuleSettings.java:278:40:278:91""]]","/Experimental/src/org/sleuthkit/autopsy/experimental/volatilityDSP/MemoryDSInputPanel.java","394","18","394","32"
"QLInspector","find Java gadget chains","warning","recursive call to dangerous expression [[""new FileInputStream(...)""|""relative:///Core/src/org/sleuthkit/autopsy/logicalimager/configuration/ConfigVisualPanel1.java:401:35:401:59""]]","/Core/src/org/sleuthkit/autopsy/logicalimager/configuration/ConfigVisualPanel1.java","421","25","421","33"
"QLInspector","find Java gadget chains","warning","recursive call to dangerous expression [[""new FileOutputStream(...)""|""relative:///Core/src/org/sleuthkit/autopsy/coreutils/ModuleSettings.java:80:45:80:74""]]
recursive call to dangerous expression [[""new FileInputStream(...)""|""relative:///Core/src/org/sleuthkit/autopsy/coreutils/ModuleSettings.java:278:40:278:91""]]","/Core/src/org/sleuthkit/autopsy/menuactions/DataContentDynamicMenu.java","43","25","43","41"
"QLInspector","find Java gadget chains","warning","recursive call to dangerous expression [[""new FileOutputStream(...)""|""relative:///Core/src/org/sleuthkit/autopsy/coreutils/ModuleSettings.java:80:45:80:74""]]
recursive call to dangerous expression [[""new FileInputStream(...)""|""relative:///Core/src/org/sleuthkit/autopsy/coreutils/ModuleSettings.java:278:40:278:91""]]","/Core/src/org/sleuthkit/autopsy/centralrepository/persona/CreatePersonaAccountDialog.java","84","38","84","55"
"QLInspector","find Java gadget chains","warning","recursive call to dangerous expression [[""new FileOutputStream(...)""|""relative:///Core/src/org/sleuthkit/autopsy/coreutils/ModuleSettings.java:80:45:80:74""]]
recursive call to dangerous expression [[""new FileInputStream(...)""|""relative:///Core/src/org/sleuthkit/autopsy/coreutils/ModuleSettings.java:278:40:278:91""]]","/Core/src/org/sleuthkit/autopsy/centralrepository/persona/PersonaAccountDialog.java","112","38","112","55"
"QLInspector","find Java gadget chains","warning","recursive call to dangerous expression [[""new FileOutputStream(...)""|""relative:///Core/src/org/sleuthkit/autopsy/coreutils/ModuleSettings.java:80:45:80:74""]]
recursive call to dangerous expression [[""new FileInputStream(...)""|""relative:///Core/src/org/sleuthkit/autopsy/coreutils/ModuleSettings.java:278:40:278:91""]]","/Core/src/org/sleuthkit/autopsy/commonpropertiessearch/CommonAttributePanel.java","189","25","189","55"
"QLInspector","find Java gadget chains","warning","recursive call to dangerous expression [[""new FileOutputStream(...)""|""relative:///Core/src/org/sleuthkit/autopsy/coreutils/ModuleSettings.java:80:45:80:74""]]
recursive call to dangerous expression [[""new FileInputStream(...)""|""relative:///Core/src/org/sleuthkit/autopsy/coreutils/ModuleSettings.java:278:40:278:91""]]","/Core/src/org/sleuthkit/autopsy/datasourceprocessors/xry/XRYDataSourceProcessorConfigPanel.java","77","28","77","42"
"QLInspector","find Java gadget chains","warning","recursive call to dangerous expression [[""new FileOutputStream(...)""|""relative:///Core/src/org/sleuthkit/autopsy/coreutils/ModuleSettings.java:80:45:80:74""]]
recursive call to dangerous expression [[""new FileInputStream(...)""|""relative:///Core/src/org/sleuthkit/autopsy/coreutils/ModuleSettings.java:278:40:278:91""]]","/Core/src/org/sleuthkit/autopsy/ingest/IngestMessageTopComponent.java","70","59","70","68"
"QLInspector","find Java gadget chains","warning","recursive call to dangerous expression [[""new FileOutputStream(...)""|""relative:///Core/src/org/sleuthkit/autopsy/coreutils/ModuleSettings.java:80:45:80:74""]]
recursive call to dangerous expression [[""new FileInputStream(...)""|""relative:///Core/src/org/sleuthkit/autopsy/coreutils/ModuleSettings.java:278:40:278:91""]]","/Core/src/org/sleuthkit/autopsy/ingest/runIngestModuleWizard/IngestProfileSelectionPanel.java","214","33","214","43"
"QLInspector","find Java gadget chains","warning","recursive call to dangerous expression [[""new FileOutputStream(...)""|""relative:///Core/src/org/sleuthkit/autopsy/coreutils/ModuleSettings.java:80:45:80:74""]]
recursive call to dangerous expression [[""new FileInputStream(...)""|""relative:///Core/src/org/sleuthkit/autopsy/coreutils/ModuleSettings.java:278:40:278:91""]]","/KeywordSearch/src/org/sleuthkit/autopsy/keywordsearch/KeywordSearchConfigurationAction.java","63","46","63","53"
