"QLInspector","find Java gadget chains","warning","recursive call to dangerous expression [[""loadClass(...)""|""relative:///tlatools/org.lamport.tlatools/src/tlc2/tool/fp/FPSetFactory.java:72:58:73:22""]]","/tlatools/org.lamport.tlatools/src/tlc2/tool/fp/FPSetConfiguration.java","100","13","100","28"
"QLInspector","find Java gadget chains","warning","recursive call to dangerous expression [[""loadClass(...)""|""relative:///tlatools/org.lamport.tlatools/src/tlc2/tool/fp/FPSetFactory.java:72:58:73:22""]]
recursive call to dangerous expression [[""loadClass(...)""|""relative:///tlatools/org.lamport.tlatools/src/tlc2/tool/fp/FPSetFactory.java:36:58:37:22""]]","/tlatools/org.lamport.tlatools/src/tlc2/tool/fp/FPSetConfiguration.java","93","14","93","38"
"QLInspector","find Java gadget chains","warning","recursive call to dangerous expression [[""loadClass(...)""|""relative:///tlatools/org.lamport.tlatools/src/tlc2/tool/fp/FPSetFactory.java:36:58:37:22""]]","/tlatools/org.lamport.tlatools/src/tlc2/tool/fp/FPSetConfiguration.java","68","14","68","29"
"QLInspector","find Java gadget chains","warning","recursive call to dangerous expression [[""loadClass(...)""|""relative:///tlatools/org.lamport.tlatools/src/tlc2/tool/fp/FPSetFactory.java:72:58:73:22""]]","/tlatools/org.lamport.tlatools/src/tlc2/tool/fp/FPSetConfiguration.java","53","13","53","21"
"QLInspector","find Java gadget chains","warning","recursive call to dangerous expression [[""loadClass(...)""|""relative:///tlatools/org.lamport.tlatools/src/tlc2/tool/fp/FPSetFactory.java:72:58:73:22""]]
recursive call to dangerous expression [[""loadClass(...)""|""relative:///tlatools/org.lamport.tlatools/src/tlc2/tool/fp/FPSetFactory.java:36:58:37:22""]]","/tlatools/org.lamport.tlatools/src/tlc2/tool/fp/MultiFPSetConfiguration.java","39","14","39","38"
"QLInspector","find Java gadget chains","warning","recursive call to dangerous expression [[""loadClass(...)""|""relative:///tlatools/org.lamport.tlatools/src/tlc2/tool/fp/FPSetFactory.java:72:58:73:22""]]
recursive call to dangerous expression [[""loadClass(...)""|""relative:///tlatools/org.lamport.tlatools/src/tlc2/tool/fp/FPSetFactory.java:36:58:37:22""]]","/tlatools/org.lamport.tlatools/src/tlc2/tool/fp/MultiFPSetConfiguration.java","32","14","32","29"
