"QLInspector","find Java gadget chains","warning","recursive call to dangerous expression [[""getConnection(...)""|""relative:///connector/src/main/java/org/jboss/as/connector/subsystems/datasources/WildFlyDataSource.java:47:16:47:39""]]","/connector/src/main/java/org/jboss/as/connector/subsystems/datasources/WildFlyDataSource.java","46","23","46","35"
"QLInspector","find Java gadget chains","warning","recursive call to dangerous expression [[""lookup(...)""|""relative:///messaging-activemq/injection/src/main/java/org/wildfly/extension/messaging/activemq/deployment/injection/InjectedJMSContext.java:127:20:127:35""]]","/messaging-activemq/injection/src/main/java/org/wildfly/extension/messaging/activemq/deployment/injection/InjectedJMSContext.java","70","16","70","26"
"QLInspector","find Java gadget chains","warning","recursive call to dangerous expression [[""lookup(...)""|""relative:///messaging-activemq/injection/src/main/java/org/wildfly/extension/messaging/activemq/deployment/injection/InjectedJMSContext.java:127:20:127:35""]]","/messaging-activemq/injection/src/main/java/org/wildfly/extension/messaging/activemq/deployment/injection/InjectedJMSContext.java","113","31","113","50"
"QLInspector","find Java gadget chains","warning","recursive call to dangerous expression [[""lookup(...)""|""relative:///messaging-activemq/injection/src/main/java/org/wildfly/extension/messaging/activemq/deployment/injection/InjectedJMSContext.java:127:20:127:35""]]","/messaging-activemq/injection/src/main/java/org/wildfly/extension/messaging/activemq/deployment/injection/InjectedJMSContext.java","101","48","101","84"
"QLInspectorSelf","find Java gadget chains","warning","source == sink","/connector/src/main/java/org/jboss/as/connector/subsystems/datasources/WildFlyDataSource.java","46","23","46","35"
